Sections:
00: "sege80200" (E80200-E80200)
01: "sege80400" (E80400-E805FC)
02: "seg0" (0-21D2)
03: "seg2800" (2800-10000)


Source: "rom.asm"
                            	     1: ; vim:noet:sw=8:ts=8:sts=8:ai:syn=asm68k
                            	     2: 
                            	     3:         include "68000sbc.inc"

Source: "68000sbc.inc"
                            	     1:         include "memory.inc"

Source: "memory.inc"
                            	     1: ; vim:noet:sw=8:ts=8:sts=8:ai:syn=asm68k
                            	     2: 
                            	     3: ROMSIZE         equ     $010000 ;64KB
                            	     4: RAMSIZE         equ     $100000 ;1MB
                            	     5: ;RAMSIZE         equ     $080000 ;512kB
                            	     6: RAMEND          equ     RAM+RAMSIZE
                            	     7: INITIAL_SP      equ     RAMEND
                            	     8: ;-------------------------------------------------------------------------------
                            	     9: ; Base addresses
                            	    10: ROM             equ     $000000
                            	    11: RAM             equ     $E00000
                            	    12: ;-------------------------------------------------------------------------------
                            	    13: ; Memory reserved for the system
                            	    14: SYSMEMSTART     equ     RAM
                            	    15: SYSMEMSIZE      equ     256
                            	    16:                 rsset	SYSMEMSTART
                            	    17: OUTCH_VEC       rs.l    1
                            	    18: INCH_VEC        rs.l    1
                            	    19: HEXDIGITS       rs.l    1
                            	    20: SEPARATORS      rs.l    1
                            	    21: DATE_SEP        equ     SEPARATORS
                            	    22: TIME_SEP        equ     SEPARATORS+1
                            	    23: THOUSANDS_SEP   equ     SEPARATORS+2
                            	    24: 
                            	    25: ; Mounted filesystem parameters
                            	    26: PARTSIZE        rs.l    1               ; size of the partition in sectors, 0 = not mounted (4 bytes)
                            	    27: BPBSECTOR       rs.l    1               ; sector number of the partition's BIOS Parameter Block (4 bytes)
                            	    28: ; These parameters are in reverse order of those in the BPB,
                            	    29: ; because they are little-endian quantities that need to be byte-swapped
                            	    30: FATSIZE         rs.w    1               ; size of a FAT in sectors (2 bytes)
                            	    31: MAXRDIRENTS     rs.w    1               ; maximum number of root directory entries (2 bytes)
                            	    32: FATCOPIES       rs.w    1               ; number of FATs (padded to 2 bytes)
                            	    33: RSVDSECTORS     rs.w    1               ; number of reserved sectors (2 bytes)
                            	    34: CLUSTERSIZE     rs.w    1               ; number of sectors per cluster (2 bytes)
                            	    35: RDIRSECTOR      rs.l    1               ; sector number of root directory table (4 bytes)
                            	    36: FATSECTOR       rs.l    1               ; sector number of FAT #1 (4 bytes)
                            	    37: DATASTART       rs.l    1               ; sector number of data region start (4 bytes)
                            	    38: VOLNAME         rs.b    12              ; volume label (11 bytes, one extra for padding)
                            	    39: FSVARSTART      equ     PARTSIZE
                            	    40: FSVARLEN        equ     VOLNAME-FSVARSTART+12
                            	    41: 
                            	    42: INPUTBUFLEN     equ     64
                            	    43: INPUTBUF        rs.b    INPUTBUFLEN+2   ; command input buffer
                            	    44: 
                            	    45: ;-------------------------------------------------------------------------------
                            	    46: ; Application programs can be loaded here
                            	    47: APPMEMSTART    equ     SYSMEMSTART+SYSMEMSIZE
                            	    48: 
                            	    49: 
                            	    50: 
                            	    51: 
                            	    52: 
                            	    53: 
                            	    54: ; EhBasic ----------------------------------------
                            	    55: * This lot is in RAM
                            	    56: 
                            	    57: ;	ORG	$40000
                            	    58: 	ORG	$E80200
                            	    59: ram_strt
                            	    60: ;ram_strt	ds.l	$100			* allow 1K for the stack, this should be plenty
                            	    61: 						* I'll allow 1K for the stack
                            	    62: 
                            	    63: ;	ORG	$40400
                            	    64: 	ORG	$E80400
                            	    65: 	even
                            	    66: ram_base
01:00E80400 0000            	    67: LAB_WARM	ds.w	1			* BASIC warm start entry point
01:00E80402 00000000        	    68: Wrmjpv	ds.l	1			* BASIC warm start jump vector
                            	    69: 
01:00E80406 0000            	    70: Usrjmp	ds.w	1			* USR function JMP address
01:00E80408 00000000        	    71: Usrjpv	ds.l	1			* USR function JMP vector
                            	    72: 
                            	    73: * system dependant i/o vectors
                            	    74: * these are in RAM and are set at start-up
                            	    75: 
01:00E8040C 0000            	    76: V_INPT	ds.w	1			* non halting scan input device entry point
01:00E8040E 00000000        	    77: V_INPTv	ds.l	1			* non halting scan input device jump vector
                            	    78: 
01:00E80412 0000            	    79: V_OUTP	ds.w	1			* send byte to output device entry point
01:00E80414 00000000        	    80: V_OUTPv	ds.l	1			* send byte to output device jump vector
                            	    81: 
01:00E80418 0000            	    82: V_LOAD	ds.w	1			* load BASIC program entry point
01:00E8041A 00000000        	    83: V_LOADv	ds.l	1			* load BASIC program jump vector
                            	    84: 
01:00E8041E 0000            	    85: V_SAVE	ds.w	1			* save BASIC program entry point
01:00E80420 00000000        	    86: V_SAVEv	ds.l	1			* save BASIC program jump vector
                            	    87: 
01:00E80424 0000            	    88: V_CTLC	ds.w	1			* save CTRL-C check entry point
01:00E80426 00000000        	    89: V_CTLCv	ds.l	1			* save CTRL-C check jump vector
                            	    90: 
01:00E8042A 00000000        	    91: entry_sp	ds.l	1			* stack value on entry to basic
                            	    92: 
01:00E8042E 00000000        	    93: Itemp		ds.l	1			* temporary integer (for GOTO etc)
                            	    94: 
01:00E80432 00000000        	    95: Smeml		ds.l	1			* start of memory	(start of program)
01:00E80436 00000000        	    96: Sfncl		ds.l	1			* start of functions	(end of Program)
01:00E8043A 00000000        	    97: Svarl		ds.l	1			* start of variables	(end of functions)
01:00E8043E 00000000        	    98: Sstrl		ds.l	1			* start of strings	(end of variables)
01:00E80442 00000000        	    99: Sarryl	ds.l	1			* start of arrays		(end of strings)
01:00E80446 00000000        	   100: Earryl	ds.l	1			* end of arrays		(start of free mem)
01:00E8044A 00000000        	   101: Sstorl	ds.l	1			* string storage		(moving down)
01:00E8044E 00000000        	   102: Ememl		ds.l	1			* end of memory		(upper bound of RAM)
01:00E80452 00000000        	   103: Sutill	ds.l	1			* string utility ptr
01:00E80456 00000000        	   104: Clinel	ds.l	1			* current line		(Basic line number)
01:00E8045A 00000000        	   105: Blinel	ds.l	1			* break line		(Basic line number)
                            	   106: 
01:00E8045E 00000000        	   107: Cpntrl	ds.l	1			* continue pointer
01:00E80462 00000000        	   108: Dlinel	ds.l	1			* current DATA line
01:00E80466 00000000        	   109: Dptrl		ds.l	1			* DATA pointer
01:00E8046A 00000000        	   110: Rdptrl	ds.l	1			* read pointer
01:00E8046E 00000000        	   111: Varname	ds.l	1			* current var name
01:00E80472 00000000        	   112: Cvaral	ds.l	1			* current var address
01:00E80476 00000000        	   113: Frnxtl	ds.l	1			* var pointer for FOR/NEXT
                            	   114: Lvarpl	EQU	Frnxtl		* let var pointer low byte
                            	   115: 
01:00E8047A 00000000        	   116: des_sk_e	ds.l	6			* descriptor stack end
01:00E8047E *
                            	   117: des_sk
                            	   118: 						* descriptor stack start address
                            	   119: 						* use a4 for the descriptor pointer
                            	   120: 
                            	   121: * Ibuffs can now be anywhere in RAM just make sure the byte before it is <> $00
                            	   122: 
01:00E80492 0000            	   123: 		ds.w	1			
01:00E80494 00000000        	   124: Ibuffs	ds.l	$40			* start of input buffer
01:00E80498 *
                            	   125: Ibuffe
                            	   126: 						* end of input buffer
                            	   127: 
01:00E80594 00000000        	   128: FAC1_m	ds.l	1			* FAC1 mantissa1
01:00E80598 0000            	   129: FAC1_e	ds.w	1			* FAC1 exponent
                            	   130: FAC1_s	EQU	FAC1_e+1		* FAC1 sign (b7)
01:00E8059A 0000            	   131: 		ds.w	1			
                            	   132: 
01:00E8059C 00000000        	   133: FAC2_m	ds.l	1			* FAC2 mantissa1
01:00E805A0 00000000        	   134: FAC2_e	ds.l	1			* FAC2 exponent
                            	   135: FAC2_s	EQU	FAC2_e+1		* FAC2 sign (b7)
                            	   136: FAC_sc	EQU	FAC2_e+2		* FAC sign comparison, Acc#1 vs #2
                            	   137: flag		EQU	FAC2_e+3		* flag byte for divide routine
                            	   138: 
01:00E805A4 00000000        	   139: PRNlword	ds.l	1			* PRNG seed long word
                            	   140: 
01:00E805A8 00000000        	   141: ut1_pl	ds.l	1			* utility pointer 1
                            	   142: 
01:00E805AC 00000000        	   143: Asptl		ds.l	1			* array size/pointer
01:00E805B0 00000000        	   144: Adatal	ds.l	1			* array data pointer
                            	   145: 
01:00E805B4 00000000        	   146: Astrtl	ds.l	1			* array start pointer low byte
                            	   147: 
                            	   148: numexp	EQU	Astrtl		* string to float number exponent count
                            	   149: expcnt	EQU	Astrtl+1		* string to float exponent count
                            	   150: 
                            	   151: expneg	EQU	Astrtl+3		* string to float eval exponent -ve flag
                            	   152: 
01:00E805B8 00000000        	   153: func_l	ds.l	1			* function pointer
                            	   154: 
                            	   155: 
                            	   156: 						* these two need to be a word aligned pair !
01:00E805BC 0000            	   157: Defdim	ds.w	1			* default DIM flag
                            	   158: cosout	EQU	Defdim		* flag which CORDIC output (re-use byte)
                            	   159: Dtypef	EQU	Defdim+1		* data type flag, $80=string, $40=integer, $00=float
                            	   160: 
                            	   161: 
01:00E805BE 00000000        	   162: Binss		ds.l	4			* number to bin string start (32 chrs)
01:00E805C2 *
                            	   163: 
01:00E805CE 00000000        	   164: Decss		ds.l	1			* number to decimal string start (16 chrs)
01:00E805D2 0000            	   165: 		ds.w	1			*
01:00E805D4 0000            	   166: Usdss		ds.w	1			* unsigned decimal string start (10 chrs)
                            	   167: 
01:00E805D6 00000000        	   168: Hexss		ds.l	2			* number to hex string start (8 chrs)
01:00E805DA *
                            	   169: 
01:00E805DE 0000            	   170: BHsend	ds.w	1			* bin/decimal/hex string end
                            	   171: 
                            	   172: 
01:00E805E0 00              	   173: prstk		ds.b	1			* stacked function index
                            	   174: 
01:00E805E1 00              	   175: Srchc		ds.b	1			* search character
                            	   176: tpower	EQU	Srchc			* remember CORDIC power (re-use byte)
                            	   177: 
01:00E805E2 00              	   178: Asrch		ds.b	1			* scan-between-quotes flag, alt search character
                            	   179: 
01:00E805E3 00              	   180: Dimcnt	ds.b	1			* # of dimensions
                            	   181: 
01:00E805E4 00              	   182: Breakf	ds.b	1			* break flag, $00=END else=break
01:00E805E5 00              	   183: Oquote	ds.b	1			* open quote flag (Flag: DATA; LIST; memory)
01:00E805E6 00              	   184: Gclctd	ds.b	1			* garbage collected flag
01:00E805E7 00              	   185: Sufnxf	ds.b	1			* subscript/FNX flag, 1xxx xxx = FN(0xxx xxx)
01:00E805E8 00              	   186: Imode		ds.b	1			* input mode flag, $00=INPUT, $98=READ
                            	   187: 
01:00E805E9 00              	   188: Cflag		ds.b	1			* comparison evaluation flag
                            	   189: 
01:00E805EA 00              	   190: TabSiz	ds.b	1			* TAB step size
                            	   191: 
01:00E805EB 00              	   192: TempB		ds.b	1			* temp byte
                            	   193: 
01:00E805EC 00              	   194: comp_f	ds.b	1			* compare function flag, bits 0,1 and 2 used
                            	   195: 						* bit 2 set if >
                            	   196: 						* bit 1 set if =
                            	   197: 						* bit 0 set if <
                            	   198: 
01:00E805ED 00              	   199: Nullct	ds.b	1			* nulls output after each line
01:00E805EE 00              	   200: TPos		ds.b	1			* BASIC terminal position byte
01:00E805EF 00              	   201: TWidth	ds.b	1			* BASIC terminal width byte
01:00E805F0 00              	   202: Iclim		ds.b	1			* input column limit
01:00E805F1 00              	   203: ccflag	ds.b	1			* CTRL-C check flag
01:00E805F2 00              	   204: ccbyte	ds.b	1			* CTRL-C last received byte
01:00E805F3 00              	   205: ccnull	ds.b	1			* CTRL-C last received byte 'life' timer
                            	   206: 
                            	   207: * these variables for simulator load/save routines
                            	   208: 
01:00E805F4 00              	   209: file_byte	ds.b	1			* load/save data byte
01:00E805F5 00000000        	   210: file_id	ds.l	1			* load/save file ID
                            	   211: 
                            	   212: 		even
01:00E805FA 0000            	   213: 		dc.w	0			* dummy even value and zero pad byte
                            	   214: 		even
                            	   215: ;prg_strt
                            	   216: prg_strt	EQU	$E10000
                            	   217: ;ram_top	EQU	$48000		* last RAM byte + 1
                            	   218: * Use these two lines when running from ROM
                            	   219: ;ram_addr	EQU	$E8000		* RAM start address
                            	   220: ;ram_size	EQU	$08000		* RAM size
                            	   221: ram_addr	EQU	$E00000		* RAM start address
                            	   222: ram_size	EQU	$100000		* RAM size
                            	   223: ram_top		EQU	$E80000		* last RAM byte + 1
                            	   224: 
                            	   225: ; EhBasic ----------------------------------------
                            	   226: 
                            	   227: 
                            	   228: 
                            	   229: 
                            	   230: 
                            	   231: ; EoF
                            	   232: 

Source: "68000sbc.inc"
                            	     2:         include "macros.inc"

Source: "macros.inc"
                            	     1: ; breakpoint (68000 does not have the BKPT instruction)
                            	     2: brk             macro
                            	     3:                 trap    #15
                            	     4:                 endm
                            	     5: 
                            	     6: ; set overflow flag
                            	     7: sev             macro
                            	     8:                 or      #%00000010,ccr
                            	     9:                 endm
                            	    10: 
                            	    11: ; clear overflow flag
                            	    12: clv             macro
                            	    13:                 and     #%11111101,ccr
                            	    14:                 endm
                            	    15: 
                            	    16: ; convenience alias for saving registers on stack
                            	    17: pushm           macro
                            	    18:         if NARG>1
                            	    19:         fail    multiple args passed to pushm--did you use a comma instead of a slash?
                            	    20:         endif
                            	    21:                 movem.l \1,-(sp)
                            	    22:                 endm
                            	    23: push            macro
                            	    24:         if NARG>1
                            	    25:         fail    multiple args passed to push--use pushm if you want to push multiple registers
                            	    26:         endif
                            	    27:                 move.l  \1,-(sp)
                            	    28:                 endm
                            	    29: 
                            	    30: ; convenience alias for restoring registers from stack
                            	    31: popm            macro
                            	    32:         if NARG>1
                            	    33:         fail    multiple args passed to popm--did you use a comma instead of a slash?
                            	    34:         endif
                            	    35:                 movem.l (sp)+,\1
                            	    36:                 endm
                            	    37: pop             macro
                            	    38:         if NARG>1
                            	    39:         fail    multiple args passed to pop--use popm if you want to pop multiple registers
                            	    40:         endif
                            	    41:                 move.l  (sp)+,\1
                            	    42:                 endm
                            	    43: 
                            	    44: ; Branch to subroutine and link, storing return address in A6.
                            	    45: ; (An optimization for calling leaf functions, a la Arm)
                            	    46: bl              macro
                            	    47:                 lea     (.ret\@,pc),a6
                            	    48:                 bra     \1
                            	    49: .ret\@:
                            	    50:                 endm
                            	    51: 
                            	    52: ; Spin for a given number of iterations. (0-65535)
                            	    53: ; (clobbers d0)
                            	    54: spin            macro
                            	    55:                 move.l  #\1,d0
                            	    56: .spin\@:        dbra    d0,.spin\@
                            	    57:                 endm
                            	    58: 
                            	    59: ; Return from subroutine to address in A6.
                            	    60: rl              macro
                            	    61:                 jmp     (a6)
                            	    62:                 endm
                            	    63: 
                            	    64: ; Declare null-terminated string.
                            	    65: asciz           macro
                            	    66:                 rept    \#
                            	    67:                 dc.b    \+
                            	    68:                 endr
                            	    69:                 dc.b    0
                            	    70:                 even
                            	    71:                 endm
                            	    72: 
                            	    73: ; Declare null-terminated string inline, place its address in A0, and jump
                            	    74: ; over it.
                            	    75: litstr          macro
                            	    76:                 lea.l   (.str\@,pc),a0
                            	    77:                 bra     .next\@
                            	    78: .str\@:
                            	    79:                 rept    \#
                            	    80:                 dc.b    \+
                            	    81:                 endr
                            	    82:                 dc.b    0
                            	    83:                 even
                            	    84: .next\@:
                            	    85:                 endm
                            	    86: 
                            	    87: ; Status register bit offsets
                            	    88: SR_C            equ     0       ; carry flag
                            	    89: SR_V            equ     1       ; overflow flag
                            	    90: SR_Z            equ     2       ; zero flag
                            	    91: SR_N            equ     3       ; negative flag
                            	    92: SR_X            equ     4       ; extend flag
                            	    93: SR_I            equ     8       ; interrupt mask
                            	    94: SR_S            equ     13      ; supervisor mode flag
                            	    95: SR_T            equ     15      ; trace flag
                            	    96: ; Condition code register (lower byte of status register) bit offsets
                            	    97: CCR_C           equ     SR_C
                            	    98: CCR_V           equ     SR_V
                            	    99: CCR_Z           equ     SR_Z
                            	   100: CCR_N           equ     SR_N
                            	   101: CCR_X           equ     SR_X
                            	   102: 
                            	   103: LOUD_NOISES     macro
                            	   104:                 move.l  #$d0d0dd00,d0
                            	   105:                 move.l  #$d1d1dd11,d1
                            	   106:                 move.l  #$d2d2dd22,d2
                            	   107:                 move.l  #$d3d3dd33,d3
                            	   108:                 move.l  #$d4d4dd44,d4
                            	   109:                 move.l  #$d5d5dd55,d5
                            	   110:                 move.l  #$d6d6dd66,d6
                            	   111:                 move.l  #$d7d7dd77,d7
                            	   112:                 move.l  #$a0a0aa00,a0
                            	   113:                 move.l  #$a1a1aa11,a1
                            	   114:                 move.l  #$a2a2aa22,a2
                            	   115:                 move.l  #$a3a3aa33,a3
                            	   116:                 move.l  #$a4a4aa44,a4
                            	   117:                 move.l  #$a5a5aa55,a5
                            	   118:                 move.l  #$a6a6aa66,a6
                            	   119:                 endm

Source: "68000sbc.inc"
                            	     3:         include "uart.inc"

Source: "uart.inc"
                            	     1: ; vim:noet:sw=8:ts=8:sts=8:ai:syn=asm68k
                            	     2: 
                            	     3: ; base address
                            	     4: UART            equ $A00000
                            	     5: 
                            	     6: ; register offsets
                            	     7: RHR             equ 0   ; receive holding register (read)
                            	     8: THR             equ 0   ; transmit holding register (write)
                            	     9: IER             equ 2   ; interrupt enable register
                            	    10: ISR             equ 4   ; interrupt status register (read)
                            	    11: FCR             equ 4   ; FIFO control register (write)
                            	    12: LCR             equ 6   ; line control register
                            	    13: MCR             equ 8   ; modem control register
                            	    14: LSR             equ 10  ; line status register
                            	    15: MSR             equ 12  ; modem status register
                            	    16: SPR             equ 14  ; scratchpad register (reserved for system use)
                            	    17: DLL             equ 0   ; divisor latch LSB
                            	    18: DLM             equ 2   ; divisor latch MSB
                            	    19: ; aliases for register names (used by different manufacturers)
                            	    20: RBR             equ RHR ; receive buffer register
                            	    21: IIR             equ ISR ; interrupt identification register
                            	    22: SCR             equ SPR ; scratch register
                            	    23: 
                            	    24: ; MCR register bits (output lines)
                            	    25: ; A bit value of 1 drives the output low
                            	    26: MCR_COPI        equ 0   ; ~DTR -- bit 0 allows for easier shifting
                            	    27: MCR_LED         equ 1   ; ~RTS
                            	    28: MCR_CLK         equ 2   ; ~OUT1
                            	    29: MCR_nSS         equ 3   ; ~OUT2
                            	    30: 
                            	    31: ; MSR register bits (input lines)
                            	    32: MSR_BTN1        equ 6   ; ~RI
                            	    33: MSR_BTN1_PRESS  equ 2   ; TERI
                            	    34: MSR_SQW         equ 5   ; ~DSR
                            	    35: MSR_SQW_CHG     equ 2   ; deltaDSR
                            	    36: MSR_CIPO        equ 7   ; ~DSR -- bit 7 allows for easier shifting
                            	    37: 
                            	    38: ; Wait for the UART to become ready to transmit a character.
                            	    39: ; Macro argument 1: register containing the UART base address
                            	    40: tx_wait         macro
                            	    41: .t\@!:          btst.b  #5,LSR(\1)
                            	    42:                 beq     .t\@@
                            	    43:                 endm
                            	    44: 
                            	    45: ; Transmit a character on the serial port.
                            	    46: ; Macro argument 1: effective address of value to transmit
                            	    47: ; Macro argument 2: register containing the UART base address
                            	    48: tx_char         macro
                            	    49:                 tx_wait \2
                            	    50:                 move.b  \1,THR(\2)
                            	    51:                 endm
                            	    52: 
                            	    53: led_on          macro
                            	    54:                 bset.b  #MCR_LED,UART+MCR
                            	    55:                 endm
                            	    56: 
                            	    57: led_off         macro
                            	    58:                 bclr.b  #MCR_LED,UART+MCR
                            	    59:                 endm
                            	    60: 
                            	    61: led_tgl         macro
                            	    62:                 bchg.b  #MCR_LED,UART+MCR
                            	    63:                 endm

Source: "68000sbc.inc"
                            	     4:         include "cfcard.inc"

Source: "cfcard.inc"
                            	     1: ; vim:noet:sw=8:ts=8:sts=8:ai:syn=asm68k
                            	     2: 
                            	     3: ; base address
                            	     4: CFCARD          equ     $900000
                            	     5: 
                            	     6: ; task file register offsets
                            	     7: CF_DATA         equ     0       ; data register (16-bit read/write)
                            	     8: CF_ERROR        equ     3       ; error register (8-bit read)
                            	     9: CF_FEATURE      equ     3       ; feature register (8-bit write)
                            	    10: CF_COUNT        equ     5       ; sector count register (8-bit read/write)
                            	    11: CF_SECTOR       equ     7       ; sector number register (8-bit read/write)
                            	    12: CF_LBA0         equ     7       ;  also, LBA bits 7-0
                            	    13: CF_CYLL         equ     9       ; cylinder low register (8-bit read/write)
                            	    14: CF_LBA1         equ     9       ;  also, LBA bits 15-8
                            	    15: CF_CYLH         equ     11      ; cylinder high register (8-bit read/write)
                            	    16: CF_LBA2         equ     11      ;  also, LBA bits 23-16
                            	    17: CF_DRIVEHEAD    equ     13      ; drive select/head register (8-bit read/write)
                            	    18: CF_LBA3         equ     13      ;  also, LBA bits 27-24
                            	    19: CF_STATUS       equ     15      ; status register (8-bit read)
                            	    20: CF_COMMAND      equ     15      ; command register (8-bit write)
                            	    21: 
                            	    22: ; task file register offsets for word access
                            	    23: CF_ERROR_W      equ     CF_ERROR-1
                            	    24: CF_FEATURE_W    equ     CF_FEATURE-1
                            	    25: CF_COUNT_W      equ     CF_COUNT-1
                            	    26: CF_SECTOR_W     equ     CF_SECTOR-1
                            	    27: CF_LBA0_W       equ     CF_LBA0-1
                            	    28: CF_CYLL_W       equ     CF_CYLL-1
                            	    29: CF_LBA1_W       equ     CF_LBA1-1
                            	    30: CF_CYLH_W       equ     CF_CYLH-1
                            	    31: CF_LBA2_W       equ     CF_LBA2-1
                            	    32: CF_DRIVEHEAD_W  equ     CF_DRIVEHEAD-1
                            	    33: CF_LBA3_W       equ     CF_LBA3-1
                            	    34: CF_STATUS_W     equ     CF_STATUS-1
                            	    35: CF_COMMAND_W    equ     CF_COMMAND-1
                            	    36: 
                            	    37: ; commands
                            	    38: CFCMD_IDENTIFY  equ     $EC
                            	    39: CFCMD_RDSECTOR  equ     $20
                            	    40: 
                            	    41: ; errors
                            	    42: ; if bit 5 is clear, it's an error reported by the card
                            	    43: ; if bit 5 is set, it's a filesystem error
                            	    44: FSERR_TIMEOUT   equ     32      ; no card detected
                            	    45: FSERR_WRONGTYPE equ     33      ; filesystem is not FAT16
                            	    46: FSERR_BPS       equ     34      ; bytes per sector is not 512
                            	    47: FSERR_NMOUNTED  equ     35      ; filesystem not mounted
                            	    48: FSERR_NOTFOUND  equ     36      ; file not found
                            	    49: FSERR_INVCLSTR  equ     37      ; invalid cluster number
                            	    50: FSERR_BADSECTOR equ     38      ; cluster contains a bad sector
                            	    51: FSERR_INVNAME   equ     39      ; invalid filename
                            	    52: FSERR_ISDIR     equ     40      ; file is a directory
                            	    53: 
                            	    54: ; Size of a sector. Hardcoded.
                            	    55: ; Drives with a different sector size are not supported.
                            	    56: SECTORSIZE      equ     512
                            	    57: ; Size of the buffer required for directory listing
                            	    58: DIRBUFSIZE      equ     SECTORSIZE+8
                            	    59: ; Size of a FAT16 directory entry
                            	    60: DIRENTLEN       equ     32
                            	    61: 
                            	    62: ; FAT16 directory entry field offsets
                            	    63: FNAME           equ     0
                            	    64: FNAMELEN        equ     11
                            	    65: FATTRS          equ     11
                            	    66: FCLUSTER        equ     26
                            	    67: FSIZE           equ     28
                            	    68: 

Source: "68000sbc.inc"
                            	     5:         include "syscalls.inc"

Source: "syscalls.inc"
                            	     1: ; Calling conventions for system routines
                            	     2: ;-------------------------------------------------------------------------------
                            	     3: ; D0-D1 - integer arguments
                            	     4: ; A0-A1 - pointer arguments
                            	     5: ; Additional arguments passed on the stack.
                            	     6: ;
                            	     7: ; D0-D1 - integer return values
                            	     8: ; A0-A1 - pointer return values
                            	     9: ; D2-D7 - preserved
                            	    10: ; A2-A7 - preserved
                            	    11: ; SR    - preserved
                            	    12: ;
                            	    13: ; Registers D0-D1/A0-A1 not used for return values may have undefined contents
                            	    14: ; upon return to the caller. (i.e. the callee may use them as scratch registers)
                            	    15: ;
                            	    16: ; The caller is responsible for removing arguments passed on the stack.
                            	    17: ;
                            	    18: Exit            equ     0
                            	    19: WaitBtn         equ     1
                            	    20: OutChar         equ     2
                            	    21: OutStr          equ     3
                            	    22: OutFmt          equ     4
                            	    23: InChar          equ     5
                            	    24: PromptStr       equ     6
                            	    25: ReadSector      equ     7
                            	    26: ListDirectory   equ     8
                            	    27: FindFile        equ     9
                            	    28: ReadFile        equ     10
                            	    29: GetDateTime     equ     11
                            	    30: SetDateTime     equ     12
                            	    31: GetSysInfo      equ     13
                            	    32: ; 14 - reserved for future use
                            	    33: Breakpoint      equ     15
                            	    34: 
                            	    35: 
                            	    36: ; Syscall macro.
                            	    37: sys             macro
                            	    38:                 trap    #\1
                            	    39:                 endm
                            	    40: 
                            	    41: ; format specifiers for OutFmt
                            	    42: FMT_BASE        equ     $E0
                            	    43: FMT_C           equ     FMT_BASE+0      ;pop word and print lsb as an ASCII character
                            	    44: FMT_C2          equ     FMT_BASE+1      ;pop word and print as two ASCII characters
                            	    45: FMT_C4          equ     FMT_BASE+2      ;pop longword and print as four ASCII characters
                            	    46: FMT_H8          equ     FMT_BASE+3      ;pop word and print lsb as two hex digits
                            	    47: FMT_H16         equ     FMT_BASE+4      ;pop word and print as four hex digits
                            	    48: FMT_H32         equ     FMT_BASE+5      ;pop longword and print as eight hex digits
                            	    49: FMT_S           equ     FMT_BASE+6      ;pop longword and print null-terminated ASCII string at address
                            	    50: FMT_U8          equ     FMT_BASE+7      ;pop word and print lsb as 1-3 decimal digits (unsigned)
                            	    51: FMT_U16         equ     FMT_BASE+8      ;pop word and print as 1-5 decimal digits (unsigned)
                            	    52: FMT_U32         equ     FMT_BASE+9      ;pop longword and print as 1-10 decimal digits (unsigned)
                            	    53: FMT_D8          equ     FMT_BASE+10     ;pop word and print lsb as 1-3 decimal digits (signed)
                            	    54: FMT_D16         equ     FMT_BASE+11     ;pop word and print as 1-5 decimal digits (signed)
                            	    55: FMT_D32         equ     FMT_BASE+12     ;pop longword and print as 1-10 decimal digits (signed)
                            	    56: FMT_Z8          equ     FMT_BASE+13     ;pop word and print lsb as 5 decimal digits with leading zeros (unsigned)
                            	    57: FMT_Z16         equ     FMT_BASE+14     ;pop word and print as 3 decimal digits with leading zeros (unsigned)
                            	    58: FMT_Z32         equ     FMT_BASE+15     ;pop longword and print as 10 decimal digits with leading zeros (unsigned)
                            	    59: FMT_SRFLAGS     equ     FMT_BASE+16     ;pop word and print as status register flags
                            	    60: FMT_FAULTFLAGS  equ     FMT_BASE+17     ;pop word and print as bus/address error fault flags
                            	    61: FMT_DATE        equ     FMT_BASE+18     ;pop longword and print as date (YYYY/MM/DD)
                            	    62: FMT_TIME        equ     FMT_BASE+19     ;pop longword and print as time (HH:MM:SS)
                            	    63: FMT_HEXDUMP     equ     FMT_BASE+20     ;pop longword length and longword address, print as hex dump
                            	    64: FMT_BUF         equ     FMT_BASE+21     ;pop longword length and longword address, print as ASCII
                            	    65: FMT_FNAME       equ     FMT_BASE+22     ;pop longword address and print 11 characters as a decoded filename
                            	    66: FMT_ERR         equ     FMT_BASE+23     ;pop word and print description of the error code in the lsb
                            	    67: 
                            	    68: ; option flags for PromptStr
                            	    69: PRbNOECHO       equ     8
                            	    70: PRbNOCTRLCHARS  equ     9
                            	    71: 
                            	    72: PR_NOECHO       equ     (1<<PRbNOECHO)          ;do not echo characters received to output device
                            	    73: PR_NOCTRLCHARS  equ     (1<<PRbNOCTRLCHARS)     ;do not interpret control characters
                            	    74: 

Source: "rom.asm"
                            	     4: 
                            	     5: ROM_VER_MAJ     equ     $0000
                            	     6: ROM_VER_MIN     equ     $9910
                            	     7: ROM_DATE_YEAR   equ     $2020
                            	     8: ROM_DATE_MONTH  equ     $07
                            	     9: ROM_DATE_DAY    equ     $11
                            	    10: 
                            	    11: BAUD_DIV        equ     (((F_CPU*10)/(16*BAUD))+5)/10 ; compute one extra decimal place and round
                            	    12: BAUD_DIV_L      equ     (BAUD_DIV&$FF)
                            	    13: BAUD_DIV_U      equ     ((BAUD_DIV>>8)&$FF)
                            	    14: 
                            	    15:         org     ROM
02:00000000 00F00000        	    16:                 dc.l    INITIAL_SP
02:00000004 000000C0        	    17:                 dc.l    RESET
02:00000008 00001234        	    18:                 dc.l    VEC_BUSFAULT
02:0000000C 0000124C        	    19:                 dc.l    VEC_ADRERROR
02:00000010 00001268        	    20:                 dc.l    VEC_ILLINSTR
02:00000014 0000128A        	    21:                 dc.l    VEC_DIVBY0
02:00000018 000012A4        	    22:                 dc.l    VEC_CHK
02:0000001C 000012B6        	    23:                 dc.l    VEC_TRAPV
02:00000020 000012CA        	    24:                 dc.l    VEC_PRIVVIOL
02:00000024 000012EC        	    25:                 dc.l    VEC_TRACE
02:00000028 00001300        	    26:                 dc.l    VEC_LINE1010
02:0000002C 00001322        	    27:                 dc.l    VEC_LINE1111
02:00000030 00001344        	    28:                 dc.l    VEC_RESERVED    ;12
02:00000034 00001344        	    29:                 dc.l    VEC_RESERVED    ;13
02:00000038 00001344        	    30:                 dc.l    VEC_RESERVED    ;14
02:0000003C 00001362        	    31:                 dc.l    VEC_UNINIVEC
                            	    32:         rept    8
                            	    33:                 dc.l    VEC_RESERVED    ;16-23
                            	    34:         endr
02:00000040 00001344        	     1R                 dc.l    VEC_RESERVED    ;16-23
                            	     2R         
02:00000044 00001344        	     1R                 dc.l    VEC_RESERVED    ;16-23
                            	     2R         
02:00000048 00001344        	     1R                 dc.l    VEC_RESERVED    ;16-23
                            	     2R         
02:0000004C 00001344        	     1R                 dc.l    VEC_RESERVED    ;16-23
                            	     2R         
02:00000050 00001344        	     1R                 dc.l    VEC_RESERVED    ;16-23
                            	     2R         
02:00000054 00001344        	     1R                 dc.l    VEC_RESERVED    ;16-23
                            	     2R         
02:00000058 00001344        	     1R                 dc.l    VEC_RESERVED    ;16-23
                            	     2R         
02:0000005C 00001344        	     1R                 dc.l    VEC_RESERVED    ;16-23
                            	     2R         
02:00000060 00001390        	    35:                 dc.l    VEC_SPURIOUS
02:00000064 000011AA        	    36:                 dc.l    VEC_AUTOVEC1
02:00000068 000013B2        	    37:                 dc.l    VEC_AUTOVEC2
02:0000006C 000013CE        	    38:                 dc.l    VEC_AUTOVEC3
02:00000070 000013EA        	    39:                 dc.l    VEC_AUTOVEC4
02:00000074 00001404        	    40:                 dc.l    VEC_AUTOVEC5
02:00000078 0000141E        	    41:                 dc.l    VEC_AUTOVEC6
02:0000007C 00001438        	    42:                 dc.l    VEC_AUTOVEC7
                            	    43:         ; System calls (TRAP #n)
02:00000080 00000404        	    44:                 dc.l    SYS_Exit                ; 0  - return to system
02:00000084 00000408        	    45:                 dc.l    SYS_WaitBtn             ; 1  - wait for button press and release
02:00000088 00000426        	    46:                 dc.l    SYS_OutChar             ; 2  - single character output
02:0000008C 00000430        	    47:                 dc.l    SYS_OutStr              ; 3  - string output
02:00000090 0000044A        	    48:                 dc.l    SYS_OutFmt              ; 4  - formatted string output
02:00000094 000009E0        	    49:                 dc.l    SYS_InChar              ; 5  - single character input
02:00000098 000009EA        	    50:                 dc.l    SYS_PromptStr           ; 6  - prompt for string from input device
02:0000009C 00000A68        	    51:                 dc.l    SYS_ReadSector          ; 7  - read sector from CF card
02:000000A0 00000AC8        	    52:                 dc.l    SYS_ListDirectory       ; 8  - iterate through directory
02:000000A4 00000AD8        	    53:                 dc.l    SYS_FindFile            ; 9  - find named file in directory
02:000000A8 00000ADE        	    54:                 dc.l    SYS_ReadFile            ; 10 - read file from CF card into memory
02:000000AC 00000AE4        	    55:                 dc.l    SYS_GetDateTime         ; 11 - read time and date from real-time clock
02:000000B0 00000B6A        	    56:                 dc.l    SYS_SetDateTime         ; 12 - set real-time clock time and date
02:000000B4 00000BD6        	    57:                 dc.l    SYS_GetSysInfo          ; 13 - return pointer to system info structure
02:000000B8 FFFFFFFF        	    58:                 dc.l    $FFFFFFFF               ; 14 - reserved
02:000000BC 00001452        	    59:                 dc.l    VEC_BREAKPT             ; 15 - break into debugger/monitor
                            	    60: ;-------------------------------------------------------------------------------
                            	    61: RESET:
                            	    62:         ; uart init
02:000000C0 43F900A00000    	    63:                 lea.l   UART,a1
02:000000C6 137C000D0004    	    64:                 move.b  #%00001101,FCR(a1)      ; enable FIFO
02:000000CC 137C00830006    	    65:                 move.b  #%10000011,LCR(a1)      ; 8 data bits, no parity, 1 stop bit, DLAB=1
02:000000D2 12BC000D        	    66:                 move.b  #BAUD_DIV_L,DLL(a1)     ; set divisor latch low byte
02:000000D6 137C00000002    	    67:                 move.b  #BAUD_DIV_U,DLM(a1)     ; set divisor latch high byte
02:000000DC 08A900070006    	    68:                 bclr.b  #7,LCR(a1)              ; disable divisor latch
02:000000E2 4229000E        	    69:                 clr.b   SCR(a1)                 ; clear the scratch register
02:000000E6 137C00010008    	    70:                 move.b  #(1<<MCR_COPI),MCR(a1)  ; SPI COPI idles low
                            	    71:         ; read the button state at launch
02:000000EC 1369000C000E    	    72:                 move.b  MSR(a1),SCR(a1)         ; save the button state into the scratch register
                            	    73: ; Welcome message
                            	    74:                 led_on
02:000000F2 08F9000100A00008	     1M                 bset.b  #MCR_LED,UART+MCR
02:000000FA 41F80218        	    75:                 lea.l   str_startup,a0
                            	    76:                 bl      _printstr
02:000000FE 4DFA0006        	     1M                 lea     (.ret_000009,pc),a6
02:00000102 600001A8        	     2M                 bra     _printstr
                            	     3M .ret_000009:
02:00000106 20390000FFFC    	    77:                 move.l  rom_version,d0
                            	    78:                 bl      _printhexl
02:0000010C 4DFA0006        	     1M                 lea     (.ret_000010,pc),a6
02:00000110 6000016C        	     2M                 bra     _printhexl
                            	     3M .ret_000010:
02:00000114 7020            	    79:                 moveq   #' ',d0
                            	    80:                 tx_char d0,a1
                            	     1M                 tx_wait a1
02:00000116 08290005000A    	     1M .t_000012:          btst.b  #5,LSR(a1)
02:0000011C 67F8            	     2M                 beq     .t_000012
02:0000011E 1280            	     2M                 move.b  d0,THR(a1)
02:00000120 7028            	    81:                 moveq   #'(',d0
                            	    82:                 tx_char d0,a1
                            	     1M                 tx_wait a1
02:00000122 08290005000A    	     1M .t_000014:          btst.b  #5,LSR(a1)
02:00000128 67F8            	     2M                 beq     .t_000014
02:0000012A 1280            	     2M                 move.b  d0,THR(a1)
02:0000012C 20390000FFF8    	    83:                 move.l  rom_date,d0
                            	    84:                 bl      _printhexl
02:00000132 4DFA0006        	     1M                 lea     (.ret_000015,pc),a6
02:00000136 60000146        	     2M                 bra     _printhexl
                            	     3M .ret_000015:
02:0000013A 41F80232        	    85:                 lea.l   str_credits,a0
                            	    86:                 bl      _printstr
02:0000013E 4DFA0006        	     1M                 lea     (.ret_000016,pc),a6
02:00000142 60000168        	     2M                 bra     _printstr
                            	     3M .ret_000016:
                            	    87: ;-------------------------------------------------------------------------------
                            	    88: ; Power-on self-test
                            	    89: ;-------------------------------------------------------------------------------
02:00000146 41F8025A        	    90:                 lea.l   str_ramtest,a0  ;print startup message
                            	    91:                 bl      _printstr
02:0000014A 4DFA0006        	     1M                 lea     (.ret_000017,pc),a6
02:0000014E 6000015C        	     2M                 bra     _printstr
                            	     3M .ret_000017:
                            	    92: ; test RAM
                            	    93: ; unrolled for a bit more speed
                            	    94:         ; write test pattern
02:00000152 41F900E00000    	    95:                 lea.l   RAM,a0          ; start address
02:00000158 47F900F00000    	    96:                 lea.l   RAMEND,a3       ; end address
02:0000015E 203CA5C99C5A    	    97:                 move.l  #$A5C99C5A,d0   ; test word 1
02:00000164 2200            	    98:                 move.l  d0,d1
02:00000166 4681            	    99:                 not.l   d1              ; test word 2
                            	   100: .1:
                            	   101:         rept 8
                            	   102:                 move.l  d0,(a0)+
                            	   103:                 move.l  d1,(a0)+
                            	   104:         endr
02:00000168 20C0            	     1R                 move.l  d0,(a0)+
02:0000016A 20C1            	     2R                 move.l  d1,(a0)+
                            	     3R         
02:0000016C 20C0            	     1R                 move.l  d0,(a0)+
02:0000016E 20C1            	     2R                 move.l  d1,(a0)+
                            	     3R         
02:00000170 20C0            	     1R                 move.l  d0,(a0)+
02:00000172 20C1            	     2R                 move.l  d1,(a0)+
                            	     3R         
02:00000174 20C0            	     1R                 move.l  d0,(a0)+
02:00000176 20C1            	     2R                 move.l  d1,(a0)+
                            	     3R         
02:00000178 20C0            	     1R                 move.l  d0,(a0)+
02:0000017A 20C1            	     2R                 move.l  d1,(a0)+
                            	     3R         
02:0000017C 20C0            	     1R                 move.l  d0,(a0)+
02:0000017E 20C1            	     2R                 move.l  d1,(a0)+
                            	     3R         
02:00000180 20C0            	     1R                 move.l  d0,(a0)+
02:00000182 20C1            	     2R                 move.l  d1,(a0)+
                            	     3R         
02:00000184 20C0            	     1R                 move.l  d0,(a0)+
02:00000186 20C1            	     2R                 move.l  d1,(a0)+
                            	     3R         
02:00000188 B7C8            	   105:                 cmp.l   a0,a3
02:0000018A 66DC            	   106:                 bne     .1
                            	   107:         ; read back
02:0000018C 41F900E00000    	   108:                 lea.l   RAM,a0          ; start address
02:00000192 47F900F00000    	   109:                 lea.l   RAMEND,a3       ; end address
                            	   110: .2:
                            	   111:         rept 8
                            	   112:                 cmp.l   (a0)+,d0        ; read back longword and compare
                            	   113:                 bne     testfail
                            	   114:                 cmp.l   (a0)+,d1
                            	   115:                 bne     testfail
                            	   116:         endr
02:00000198 B098            	     1R                 cmp.l   (a0)+,d0        ; read back longword and compare
02:0000019A 6650            	     2R                 bne     testfail
02:0000019C B298            	     3R                 cmp.l   (a0)+,d1
02:0000019E 664C            	     4R                 bne     testfail
                            	     5R         
02:000001A0 B098            	     1R                 cmp.l   (a0)+,d0        ; read back longword and compare
02:000001A2 6648            	     2R                 bne     testfail
02:000001A4 B298            	     3R                 cmp.l   (a0)+,d1
02:000001A6 6644            	     4R                 bne     testfail
                            	     5R         
02:000001A8 B098            	     1R                 cmp.l   (a0)+,d0        ; read back longword and compare
02:000001AA 6640            	     2R                 bne     testfail
02:000001AC B298            	     3R                 cmp.l   (a0)+,d1
02:000001AE 663C            	     4R                 bne     testfail
                            	     5R         
02:000001B0 B098            	     1R                 cmp.l   (a0)+,d0        ; read back longword and compare
02:000001B2 6638            	     2R                 bne     testfail
02:000001B4 B298            	     3R                 cmp.l   (a0)+,d1
02:000001B6 6634            	     4R                 bne     testfail
                            	     5R         
02:000001B8 B098            	     1R                 cmp.l   (a0)+,d0        ; read back longword and compare
02:000001BA 6630            	     2R                 bne     testfail
02:000001BC B298            	     3R                 cmp.l   (a0)+,d1
02:000001BE 662C            	     4R                 bne     testfail
                            	     5R         
02:000001C0 B098            	     1R                 cmp.l   (a0)+,d0        ; read back longword and compare
02:000001C2 6628            	     2R                 bne     testfail
02:000001C4 B298            	     3R                 cmp.l   (a0)+,d1
02:000001C6 6624            	     4R                 bne     testfail
                            	     5R         
02:000001C8 B098            	     1R                 cmp.l   (a0)+,d0        ; read back longword and compare
02:000001CA 6620            	     2R                 bne     testfail
02:000001CC B298            	     3R                 cmp.l   (a0)+,d1
02:000001CE 661C            	     4R                 bne     testfail
                            	     5R         
02:000001D0 B098            	     1R                 cmp.l   (a0)+,d0        ; read back longword and compare
02:000001D2 6618            	     2R                 bne     testfail
02:000001D4 B298            	     3R                 cmp.l   (a0)+,d1
02:000001D6 6614            	     4R                 bne     testfail
                            	     5R         
02:000001D8 B7C8            	   117:                 cmp.l   a0,a3
02:000001DA 66BC            	   118:                 bne     .2
                            	   119: testpass:
02:000001DC 41F8026A        	   120:                 lea.l   str_testpass,a0
                            	   121:                 bl      _printstr
02:000001E0 4DFA0006        	     1M                 lea     (.ret_000020,pc),a6
02:000001E4 600000C6        	     2M                 bra     _printstr
                            	     3M .ret_000020:
02:000001E8 600000D4        	   122:                 bra     ready
                            	   123: testfail:
02:000001EC 45E8FFFC        	   124:                 lea.l   -4(a0),a2       ; back up to address of failure fail
02:000001F0 41F80272        	   125:                 lea.l   str_testfail,a0 ; print message
                            	   126:                 bl      _printstr
02:000001F4 4DFA0006        	     1M                 lea     (.ret_000021,pc),a6
02:000001F8 600000B2        	     2M                 bra     _printstr
                            	     3M .ret_000021:
02:000001FC 200A            	   127:                 move.l  a2,d0
                            	   128:                 bl      _printhexl
02:000001FE 4DFA0004        	     1M                 lea     (.ret_000022,pc),a6
02:00000202 607A            	     2M                 bra     _printhexl
                            	     3M .ret_000022:
                            	   129: ; flash LED to indicate failure
                            	   130: lockup:         led_tgl
02:00000204 0879000100A00008	     1M                 bchg.b  #MCR_LED,UART+MCR
02:0000020C 203C00008000    	   131:                 move.l  #$8000,d0
02:00000212 51C8FFFE        	   132: .1:             dbra    d0,.1
02:00000216 60EC            	   133:                 bra     lockup
                            	   134: ;-------------------------------------------------------------------------------
                            	   135: str_startup:    asciz   "\n\n68K NANO - ROM VERSION "
                            	     1M                 rept    1
                            	     2M                 dc.b    \+
                            	     3M                 endr
02:00000218 0A0A36384B204E41	     1M                 dc.b    "\n\n68K NANO - ROM VERSION "
02:00000220 4E4F202D20524F4D
02:00000228 2056455253494F4E
02:00000230 20
                            	     2M                 
02:00000231 00              	     4M                 dc.b    0
                            	     5M                 even
                            	   136: str_credits:    asciz   ")\n(C) 2020 MATT SARNOFF (MSARNOFF.ORG)\n"
                            	     1M                 rept    1
                            	     2M                 dc.b    \+
                            	     3M                 endr
02:00000232 290A284329203230	     1M                 dc.b    ")\n(C) 2020 MATT SARNOFF (MSARNOFF.ORG)\n"
02:0000023A 3230204D41545420
02:00000242 5341524E4F464620
02:0000024A 284D5341524E4F46
02:00000252 462E4F5247290A
                            	     2M                 
02:00000259 00              	     4M                 dc.b    0
                            	     5M                 even
                            	   137: str_ramtest:    asciz   "TESTING RAM..."
                            	     1M                 rept    1
                            	     2M                 dc.b    \+
                            	     3M                 endr
02:0000025A 54455354494E4720	     1M                 dc.b    "TESTING RAM..."
02:00000262 52414D2E2E2E
                            	     2M                 
02:00000268 00              	     4M                 dc.b    0
                            	     5M                 even
                            	   138: str_testpass:   asciz   "PASSED\n"
                            	     1M                 rept    1
                            	     2M                 dc.b    \+
                            	     3M                 endr
02:0000026A 5041535345440A  	     1M                 dc.b    "PASSED\n"
                            	     2M                 
02:00000271 00              	     4M                 dc.b    0
                            	     5M                 even
                            	   139: str_testfail:   asciz   "FAILED AT "
                            	     1M                 rept    1
                            	     2M                 dc.b    \+
                            	     3M                 endr
02:00000272 4641494C45442041	     1M                 dc.b    "FAILED AT "
02:0000027A 5420
                            	     2M                 
02:0000027C 00              	     4M                 dc.b    0
                            	     5M                 even
                            	   140:                 even
                            	   141: ;-------------------------------------------------------------------------------
                            	   142: ; print d0 as 8 hex digits to serial port with base address a1
                            	   143: ; clobbers d1 and d2
                            	   144: ; does not use the stack, suitable for use without RAM
02:0000027E 7207            	   145: _printhexl:     moveq   #7,d1
02:00000280 E998            	   146: .loop:          rol.l   #4,d0           ; nibble to lower 4 bits
02:00000282 3400            	   147:                 move.w  d0,d2
02:00000284 C47C000F        	   148:                 and.w   #%1111,d2       ; isolate nibble
02:00000288 143B2012        	   149:                 move.b  (hexdigits,pc,d2),d2    ; lookup character
                            	   150:                 tx_wait a1              ; print digit
02:0000028C 08290005000A    	     1M .t_000034:          btst.b  #5,LSR(a1)
02:00000292 67F8            	     2M                 beq     .t_000034
02:00000294 1282            	   151:                 move.b  d2,THR(a1)
02:00000296 51C9FFE8        	   152:                 dbra    d1,.loop
                            	   153:                 rl
02:0000029A 4ED6            	     1M                 jmp     (a6)
02:0000029C 3031323334353637	   154: hexdigits:      dc.b    "0123456789ABCDEF"
02:000002A4 3839414243444546
                            	   155: ;-------------------------------------------------------------------------------
                            	   156: ; print null-terminated string in a0 to serial port with base address a1
                            	   157: ; clobbers d0
                            	   158: ; does not use the stack, suitable for use without RAM
02:000002AC 1018            	   159: _printstr:      move.b  (a0)+,d0        ; get byte
02:000002AE 670C            	   160:                 beq     .2              ; found the null?
02:000002B0 08290005000A    	   161: .1:             btst.b  #5,LSR(a1)      ; wait until transmit holding register is empty
02:000002B6 67F8            	   162:                 beq     .1
02:000002B8 1280            	   163:                 move.b  d0,THR(a1)      ; transmit byte
02:000002BA 60F0            	   164:                 bra     _printstr        ; do next character
                            	   165: .2:             rl
02:000002BC 4ED6            	     1M                 jmp     (a6)
                            	   166: 
                            	   167: 
                            	   168: ;-------------------------------------------------------------------------------
                            	   169: ; System is ready, memory is usable
                            	   170: ;-------------------------------------------------------------------------------
                            	   171: ready:
02:000002BE 2E7C00F00000    	   172:                 move.l  #INITIAL_SP,sp  ; reset stack pointer
02:000002C4 23FC0000118600E0	   173:                 move.l  #uart_outchar,OUTCH_VEC ; default i/o is serial port
02:000002CC 0000
02:000002CE 23FC0000119800E0	   174:                 move.l  #uart_inchar,INCH_VEC
02:000002D6 0004
02:000002D8 23FC000014EE00E0	   175:                 move.l  #hexdigits_uc,HEXDIGITS
02:000002E0 0008
02:000002E2 23FC2D3A2C0000E0	   176:                 move.l  #$2d3a2c00,SEPARATORS   ; hyphen, colon, comma as thousands separator
02:000002EA 000C
                            	   177:         ; print system info
                            	   178:                 sys     GetSysInfo
02:000002EC 4E4D            	     1M                 trap    #GetSysInfo
02:000002EE 2F10            	   179:                 move.l  0(a0),-(sp)     ; clock speed
02:000002F0 2F280008        	   180:                 move.l  8(a0),-(sp)     ; ROM size
02:000002F4 2F280004        	   181:                 move.l  4(a0),-(sp)     ; RAM size
02:000002F8 41F81634        	   182:                 lea.l   fmt_sysinfo,a0
                            	   183:                 sys     OutFmt
02:000002FC 4E44            	     1M                 trap    #OutFmt
02:000002FE 4FEF000C        	   184:                 lea.l   12(sp),sp
                            	   185:         ; check for real-time clock
02:00000302 61000E5C        	   186:                 bsr     printtime
                            	   187:         ; enable break interrupt to enter serial loader
02:00000306 137C00040002    	   188:                 move.b  #%00000100,IER(a1)
02:0000030C 46FC2000        	   189:                 move.w  #$2000,sr       ; enable interrupts
                            	   190:         ; try to mount the filesystem on the CF card
02:00000310 6100096C        	   191:                 bsr     fs_mount
02:00000314 671E            	   192:                 beq     .foundcard
                            	   193:         ; error? print message
02:00000316 61000A66        	   194:                 bsr     fs_errorstr
02:0000031A 3F00            	   195:                 move.w  d0,-(sp)
                            	   196:                 litstr  FMT_ERR,"\n"
02:0000031C 41FA0004        	     1M                 lea.l   (.str_000039,pc),a0
02:00000320 6004            	     2M                 bra     .next_000039
                            	     3M .str_000039:
                            	     4M                 rept    2
                            	     5M                 dc.b    \+
                            	     6M                 endr
02:00000322 F7              	     1M                 dc.b    FMT_ERR
                            	     2M                 
02:00000323 0A              	     1M                 dc.b    "\n"
                            	     2M                 
02:00000324 00              	     7M                 dc.b    0
                            	     8M                 even
                            	     9M .next_000039:
                            	   197:                 sys     OutFmt
02:00000326 4E44            	     1M                 trap    #OutFmt
02:00000328 544F            	   198:                 addq    #2,sp
02:0000032A 600000D4        	   199:                 bra     idle
                            	   200: .printcardmsg:  sys     OutStr
02:0000032E 4E43            	     1M                 trap    #OutStr
02:00000330 600000CE        	   201:                 bra     idle
                            	   202: .foundcard:     litstr  "CARD DETECTED: ",FMT_U32," KB '",FMT_S,"'\n"
02:00000334 41FA0004        	     1M                 lea.l   (.str_000043,pc),a0
02:00000338 601A            	     2M                 bra     .next_000043
                            	     3M .str_000043:
                            	     4M                 rept    5
                            	     5M                 dc.b    \+
                            	     6M                 endr
02:0000033A 4341524420444554	     1M                 dc.b    "CARD DETECTED: "
02:00000342 45435445443A20
                            	     2M                 
02:00000349 E9              	     1M                 dc.b    FMT_U32
                            	     2M                 
02:0000034A 204B422027      	     1M                 dc.b    " KB '"
                            	     2M                 
02:0000034F E6              	     1M                 dc.b    FMT_S
                            	     2M                 
02:00000350 270A            	     1M                 dc.b    "'\n"
                            	     2M                 
02:00000352 00              	     7M                 dc.b    0
                            	     8M                 even
                            	     9M .next_000043:
02:00000354 487900E0002E    	   203:                 pea     VOLNAME
02:0000035A 203900E00010    	   204:                 move.l  PARTSIZE,d0
02:00000360 E288            	   205:                 lsr.l   #1,d0           ; convert sectors to KB
02:00000362 2F00            	   206:                 move.l  d0,-(sp)
                            	   207:                 sys     OutFmt
02:00000364 4E44            	     1M                 trap    #OutFmt
02:00000366 504F            	   208:                 addq    #8,sp
                            	   209:         ; check the button state at boot (stored in the uart scratch register)
02:00000368 0839000600A0000E	   210:                 btst.b  #MSR_BTN1,UART+SCR
02:00000370 666E            	   211:                 bne     .skipstartup
                            	   212:         ; see if there's a startup file to run
02:00000372 70FF            	   213:                 moveq   #-1,d0          ; TODO fail if binary too big
02:00000374 43F900E00100    	   214:                 lea.l   APPMEMSTART,a1  ; destination
                            	   215:                 litstr  "STARTUP.BIN"   ; startup filename
02:0000037A 41FA0004        	     1M                 lea.l   (.str_000046,pc),a0
02:0000037E 600C            	     2M                 bra     .next_000046
                            	     3M .str_000046:
                            	     4M                 rept    1
                            	     5M                 dc.b    \+
                            	     6M                 endr
02:00000380 535441525455502E	     1M                 dc.b    "STARTUP.BIN"
02:00000388 42494E
                            	     2M                 
02:0000038B 00              	     7M                 dc.b    0
                            	     8M                 even
                            	     9M .next_000046:
                            	   216:                 sys     ReadFile
02:0000038C 4E4A            	     1M                 trap    #ReadFile
02:0000038E 4A00            	   217:                 tst.b   d0
02:00000390 6622            	   218:                 bne     .nostartup
                            	   219:         ; load suceeded, run startup file
                            	   220:                 litstr  "RUNNING STARTUP.BIN\n"
02:00000392 41FA0004        	     1M                 lea.l   (.str_000049,pc),a0
02:00000396 6016            	     2M                 bra     .next_000049
                            	     3M .str_000049:
                            	     4M                 rept    1
                            	     5M                 dc.b    \+
                            	     6M                 endr
02:00000398 52554E4E494E4720	     1M                 dc.b    "RUNNING STARTUP.BIN\n"
02:000003A0 535441525455502E
02:000003A8 42494E0A
                            	     2M                 
02:000003AC 00              	     7M                 dc.b    0
                            	     8M                 even
                            	     9M .next_000049:
                            	   221:                 sys     OutStr
02:000003AE 4E43            	     1M                 trap    #OutStr
02:000003B0 60000E4E        	   222:                 bra     launchapp
                            	   223: 
                            	   224: 
02:000003B4 3F00            	   225: .nostartup:     move.w  d0,-(sp)        ; error number
                            	   226:                 litstr  "CANNOT LOAD STARTUP.BIN - ",FMT_ERR,"\n"
02:000003B6 41FA0004        	     1M                 lea.l   (.str_000052,pc),a0
02:000003BA 601E            	     2M                 bra     .next_000052
                            	     3M .str_000052:
                            	     4M                 rept    3
                            	     5M                 dc.b    \+
                            	     6M                 endr
02:000003BC 43414E4E4F54204C	     1M                 dc.b    "CANNOT LOAD STARTUP.BIN - "
02:000003C4 4F41442053544152
02:000003CC 5455502E42494E20
02:000003D4 2D20
                            	     2M                 
02:000003D6 F7              	     1M                 dc.b    FMT_ERR
                            	     2M                 
02:000003D7 0A              	     1M                 dc.b    "\n"
                            	     2M                 
02:000003D8 00              	     7M                 dc.b    0
                            	     8M                 even
                            	     9M .next_000052:
                            	   227:                 sys     OutFmt
02:000003DA 4E44            	     1M                 trap    #OutFmt
02:000003DC 544F            	   228:                 addq    #2,sp
02:000003DE 6020            	   229:                 bra     idle
                            	   230: 
                            	   231: .skipstartup    litstr  "BYPASSING STARTUP.BIN\n"
02:000003E0 41FA0004        	     1M                 lea.l   (.str_000055,pc),a0
02:000003E4 6018            	     2M                 bra     .next_000055
                            	     3M .str_000055:
                            	     4M                 rept    1
                            	     5M                 dc.b    \+
                            	     6M                 endr
02:000003E6 425950415353494E	     1M                 dc.b    "BYPASSING STARTUP.BIN\n"
02:000003EE 4720535441525455
02:000003F6 502E42494E0A
                            	     2M                 
02:000003FC 00              	     7M                 dc.b    0
                            	     8M                 even
                            	     9M .next_000055:
                            	   232:                 sys     OutStr
02:000003FE 4E43            	     1M                 trap    #OutStr
                            	   233: idle:
02:00000400 60001826        	   234:                 bra     startshell
                            	   235: ;                 litstr  "WAITING FOR SERIAL DATA.\n"
                            	   236: ;                 sys     OutStr
                            	   237: ;         ; slowly fade the LED in and out to indicate we're ready
                            	   238: ; animate_led:
                            	   239: ; fadespeed       equ     6
                            	   240: ;                 moveq   #0,d1  ; duty cycle
                            	   241: ;                 moveq   #fadespeed,d2  ; number of periods with given duty cycle
                            	   242: ;                 led_on
                            	   243: ; .cycle:         move.l  #255,d0
                            	   244: ;                 led_tgl
                            	   245: ; .loop:          cmp.b   d0,d1   ; invert LED waveform when count == duty cycle value
                            	   246: ;                 bne     .1
                            	   247: ;                 led_tgl
                            	   248: ; .1:             dbra    d0,.loop
                            	   249: ;                 dbra    d2,.cycle
                            	   250: ;         ; increment duty cycle
                            	   251: ;                 addq    #1,d1
                            	   252: ;         ; when duty cycle == 0, invert waveform (change fade direction)
                            	   253: ;                 cmp.b   #0,d1
                            	   254: ;                 bne     .2
                            	   255: ;                 led_tgl
                            	   256: ; .2:             moveq   #fadespeed,d2
                            	   257: ;                 bra     .cycle
                            	   258: 
                            	   259: ;===============================================================================
                            	   260: ; Syscalls
                            	   261: ;===============================================================================
                            	   262: 
                            	   263: ; Exit - return to system
                            	   264: ; Arguments:    none
                            	   265: SYS_Exit:
02:00000404 6000FEB8        	   266:                 bra     ready
                            	   267: 
                            	   268: 
                            	   269: ; WaitBtn - wait for button press and release
                            	   270: ; Arguments:    none
                            	   271: SYS_WaitBtn:
02:00000408 43F900A00000    	   272:                 lea.l   UART,a1
02:0000040E 08290006000C    	   273: .waitpress:     btst    #MSR_BTN1,MSR(a1)       ; wait for button press
02:00000414 67F8            	   274:                 beq     .waitpress
02:00000416 70FF            	   275:                 moveq   #-1,d0
02:00000418 51C8FFFE        	   276: .debounce:      dbra    d0,.debounce            ; wait for debounce
02:0000041C 08290006000C    	   277: .waitrelease:   btst    #MSR_BTN1,MSR(a1)       ; wait for button release
02:00000422 66F8            	   278:                 bne     .waitrelease
02:00000424 4E73            	   279:                 rte
                            	   280: 
                            	   281: ; OutChar - write one byte to the current output device
                            	   282: ; Arguments:    D0.B - character
                            	   283: SYS_OutChar:
02:00000426 227900E00000    	   284:                 move.l  OUTCH_VEC,a1
02:0000042C 4E91            	   285:                 jsr     (a1)
02:0000042E 4E73            	   286:                 rte
                            	   287: 
                            	   288: ; OutStr - write null-terminated string to the serial port
                            	   289: ; Arguments:    A0.L - pointer to null-terminated string
                            	   290: SYS_OutStr:
                            	   291:                 pushm   a2-a3
                            	     1M         if NARG>1
                            	     2M         fail    multiple args passed to pushm--did you use a comma instead of a slash?
                            	     3M         endif
02:00000430 48E70030        	     4M                 movem.l a2-a3,-(sp)
02:00000434 2448            	   292:                 move.l  a0,a2
02:00000436 267900E00000    	   293:                 move.l  OUTCH_VEC,a3
02:0000043C 101A            	   294: .1:             move.b  (a2)+,d0        ; get byte
02:0000043E 6704            	   295:                 beq     .2              ; found the null?
02:00000440 4E93            	   296:                 jsr     (a3)
02:00000442 60F8            	   297:                 bra     .1
                            	   298: .2:             popm    a2-a3
                            	     1M         if NARG>1
                            	     2M         fail    multiple args passed to popm--did you use a comma instead of a slash?
                            	     3M         endif
02:00000444 4CDF0C00        	     4M                 movem.l (sp)+,a2-a3
02:00000448 4E73            	   299:                 rte
                            	   300: 
                            	   301: ; OutFmt - write formatted string to the current output device
                            	   302: ; Arguments:    A0.L - pointer to null-terminated format string
                            	   303: ;               format arguments on stack (caller is responsible for cleanup)
                            	   304: SYS_OutFmt:
                            	   305:                 pushm   d2/a2-a6
                            	     1M         if NARG>1
                            	     2M         fail    multiple args passed to pushm--did you use a comma instead of a slash?
                            	     3M         endif
02:0000044A 48E7203E        	     4M                 movem.l d2/a2-a6,-(sp)
02:0000044E 4DEF001E        	   306:                 lea.l   30(sp),a6       ; a6 points to argument list on stack
02:00000452 2448            	   307:                 move.l  a0,a2
02:00000454 267900E00000    	   308:                 move.l  OUTCH_VEC,a3    ; pointer to output routine
02:0000045A 2A7900E00008    	   309:                 move.l  HEXDIGITS,a5    ; pointer tp digit table
02:00000460 7000            	   310: fmtchar:        moveq   #0,d0           ; clear upper bytes
02:00000462 101A            	   311:                 move.b  (a2)+,d0        ; get byte
02:00000464 D040            	   312:                 add.w   d0,d0           ; multiply by 2 to get table offset
02:00000466 323B0006        	   313:                 move.w  fmt_jumptable(pc,d0.w),d1
02:0000046A 4EFB1002        	   314:                 jmp     fmt_jumptable(pc,d1.w)
                            	   315: 
02:0000046E 01F0            	   316: fmt_jumptable:  dc.w    .fmt_nullbyte-fmt_jumptable
                            	   317:         rept    FMT_BASE-1
                            	   318:                 dc.w    .fmt_literalchar-fmt_jumptable
                            	   319:         endr
02:00000470 01F6            	     1R                 dc.w    .fmt_literalchar-fmt_jumptable
                            	     2R         
02:00000472 01F6            	     1R                 dc.w    .fmt_literalchar-fmt_jumptable
                            	     2R         
02:00000474 01F6            	     1R                 dc.w    .fmt_literalchar-fmt_jumptable
                            	     2R         
02:00000476 01F6            	     1R                 dc.w    .fmt_literalchar-fmt_jumptable
                            	     2R         
02:00000478 01F6            	     1R                 dc.w    .fmt_literalchar-fmt_jumptable
                            	     2R         
02:0000047A 01F6            	     1R                 dc.w    .fmt_literalchar-fmt_jumptable
                            	     2R         
02:0000047C 01F6            	     1R                 dc.w    .fmt_literalchar-fmt_jumptable
                            	     2R         
02:0000047E 01F6            	     1R                 dc.w    .fmt_literalchar-fmt_jumptable
                            	     2R         
02:00000480 01F6            	     1R                 dc.w    .fmt_literalchar-fmt_jumptable
                            	     2R         
02:00000482 01F6            	     1R                 dc.w    .fmt_literalchar-fmt_jumptable
                            	     2R         
02:00000484 01F6            	     1R                 dc.w    .fmt_literalchar-fmt_jumptable
                            	     2R         
02:00000486 01F6            	     1R                 dc.w    .fmt_literalchar-fmt_jumptable
                            	     2R         
02:00000488 01F6            	     1R                 dc.w    .fmt_literalchar-fmt_jumptable
                            	     2R         
02:0000048A 01F6            	     1R                 dc.w    .fmt_literalchar-fmt_jumptable
                            	     2R         
02:0000048C 01F6            	     1R                 dc.w    .fmt_literalchar-fmt_jumptable
                            	     2R         
02:0000048E 01F6            	     1R                 dc.w    .fmt_literalchar-fmt_jumptable
                            	     2R         
02:00000490 01F6            	     1R                 dc.w    .fmt_literalchar-fmt_jumptable
                            	     2R         
02:00000492 01F6            	     1R                 dc.w    .fmt_literalchar-fmt_jumptable
                            	     2R         
02:00000494 01F6            	     1R                 dc.w    .fmt_literalchar-fmt_jumptable
                            	     2R         
02:00000496 01F6            	     1R                 dc.w    .fmt_literalchar-fmt_jumptable
                            	     2R         
02:00000498 01F6            	     1R                 dc.w    .fmt_literalchar-fmt_jumptable
                            	     2R         
02:0000049A 01F6            	     1R                 dc.w    .fmt_literalchar-fmt_jumptable
                            	     2R         
02:0000049C 01F6            	     1R                 dc.w    .fmt_literalchar-fmt_jumptable
                            	     2R         
02:0000049E 01F6            	     1R                 dc.w    .fmt_literalchar-fmt_jumptable
                            	     2R         
02:000004A0 01F6            	     1R                 dc.w    .fmt_literalchar-fmt_jumptable
                            	     2R         
02:000004A2 01F6            	     1R                 dc.w    .fmt_literalchar-fmt_jumptable
                            	     2R         
02:000004A4 01F6            	     1R                 dc.w    .fmt_literalchar-fmt_jumptable
                            	     2R         
02:000004A6 01F6            	     1R                 dc.w    .fmt_literalchar-fmt_jumptable
                            	     2R         
02:000004A8 01F6            	     1R                 dc.w    .fmt_literalchar-fmt_jumptable
                            	     2R         
02:000004AA 01F6            	     1R                 dc.w    .fmt_literalchar-fmt_jumptable
                            	     2R         
02:000004AC 01F6            	     1R                 dc.w    .fmt_literalchar-fmt_jumptable
                            	     2R         
02:000004AE 01F6            	     1R                 dc.w    .fmt_literalchar-fmt_jumptable
                            	     2R         
02:000004B0 01F6            	     1R                 dc.w    .fmt_literalchar-fmt_jumptable
                            	     2R         
02:000004B2 01F6            	     1R                 dc.w    .fmt_literalchar-fmt_jumptable
                            	     2R         
02:000004B4 01F6            	     1R                 dc.w    .fmt_literalchar-fmt_jumptable
                            	     2R         
02:000004B6 01F6            	     1R                 dc.w    .fmt_literalchar-fmt_jumptable
                            	     2R         
02:000004B8 01F6            	     1R                 dc.w    .fmt_literalchar-fmt_jumptable
                            	     2R         
02:000004BA 01F6            	     1R                 dc.w    .fmt_literalchar-fmt_jumptable
                            	     2R         
02:000004BC 01F6            	     1R                 dc.w    .fmt_literalchar-fmt_jumptable
                            	     2R         
02:000004BE 01F6            	     1R                 dc.w    .fmt_literalchar-fmt_jumptable
                            	     2R         
02:000004C0 01F6            	     1R                 dc.w    .fmt_literalchar-fmt_jumptable
                            	     2R         
02:000004C2 01F6            	     1R                 dc.w    .fmt_literalchar-fmt_jumptable
                            	     2R         
02:000004C4 01F6            	     1R                 dc.w    .fmt_literalchar-fmt_jumptable
                            	     2R         
02:000004C6 01F6            	     1R                 dc.w    .fmt_literalchar-fmt_jumptable
                            	     2R         
02:000004C8 01F6            	     1R                 dc.w    .fmt_literalchar-fmt_jumptable
                            	     2R         
02:000004CA 01F6            	     1R                 dc.w    .fmt_literalchar-fmt_jumptable
                            	     2R         
02:000004CC 01F6            	     1R                 dc.w    .fmt_literalchar-fmt_jumptable
                            	     2R         
02:000004CE 01F6            	     1R                 dc.w    .fmt_literalchar-fmt_jumptable
                            	     2R         
02:000004D0 01F6            	     1R                 dc.w    .fmt_literalchar-fmt_jumptable
                            	     2R         
02:000004D2 01F6            	     1R                 dc.w    .fmt_literalchar-fmt_jumptable
                            	     2R         
02:000004D4 01F6            	     1R                 dc.w    .fmt_literalchar-fmt_jumptable
                            	     2R         
02:000004D6 01F6            	     1R                 dc.w    .fmt_literalchar-fmt_jumptable
                            	     2R         
02:000004D8 01F6            	     1R                 dc.w    .fmt_literalchar-fmt_jumptable
                            	     2R         
02:000004DA 01F6            	     1R                 dc.w    .fmt_literalchar-fmt_jumptable
                            	     2R         
02:000004DC 01F6            	     1R                 dc.w    .fmt_literalchar-fmt_jumptable
                            	     2R         
02:000004DE 01F6            	     1R                 dc.w    .fmt_literalchar-fmt_jumptable
                            	     2R         
02:000004E0 01F6            	     1R                 dc.w    .fmt_literalchar-fmt_jumptable
                            	     2R         
02:000004E2 01F6            	     1R                 dc.w    .fmt_literalchar-fmt_jumptable
                            	     2R         
02:000004E4 01F6            	     1R                 dc.w    .fmt_literalchar-fmt_jumptable
                            	     2R         
02:000004E6 01F6            	     1R                 dc.w    .fmt_literalchar-fmt_jumptable
                            	     2R         
02:000004E8 01F6            	     1R                 dc.w    .fmt_literalchar-fmt_jumptable
                            	     2R         
02:000004EA 01F6            	     1R                 dc.w    .fmt_literalchar-fmt_jumptable
                            	     2R         
02:000004EC 01F6            	     1R                 dc.w    .fmt_literalchar-fmt_jumptable
                            	     2R         
02:000004EE 01F6            	     1R                 dc.w    .fmt_literalchar-fmt_jumptable
                            	     2R         
02:000004F0 01F6            	     1R                 dc.w    .fmt_literalchar-fmt_jumptable
                            	     2R         
02:000004F2 01F6            	     1R                 dc.w    .fmt_literalchar-fmt_jumptable
                            	     2R         
02:000004F4 01F6            	     1R                 dc.w    .fmt_literalchar-fmt_jumptable
                            	     2R         
02:000004F6 01F6            	     1R                 dc.w    .fmt_literalchar-fmt_jumptable
                            	     2R         
02:000004F8 01F6            	     1R                 dc.w    .fmt_literalchar-fmt_jumptable
                            	     2R         
02:000004FA 01F6            	     1R                 dc.w    .fmt_literalchar-fmt_jumptable
                            	     2R         
02:000004FC 01F6            	     1R                 dc.w    .fmt_literalchar-fmt_jumptable
                            	     2R         
02:000004FE 01F6            	     1R                 dc.w    .fmt_literalchar-fmt_jumptable
                            	     2R         
02:00000500 01F6            	     1R                 dc.w    .fmt_literalchar-fmt_jumptable
                            	     2R         
02:00000502 01F6            	     1R                 dc.w    .fmt_literalchar-fmt_jumptable
                            	     2R         
02:00000504 01F6            	     1R                 dc.w    .fmt_literalchar-fmt_jumptable
                            	     2R         
02:00000506 01F6            	     1R                 dc.w    .fmt_literalchar-fmt_jumptable
                            	     2R         
02:00000508 01F6            	     1R                 dc.w    .fmt_literalchar-fmt_jumptable
                            	     2R         
02:0000050A 01F6            	     1R                 dc.w    .fmt_literalchar-fmt_jumptable
                            	     2R         
02:0000050C 01F6            	     1R                 dc.w    .fmt_literalchar-fmt_jumptable
                            	     2R         
02:0000050E 01F6            	     1R                 dc.w    .fmt_literalchar-fmt_jumptable
                            	     2R         
02:00000510 01F6            	     1R                 dc.w    .fmt_literalchar-fmt_jumptable
                            	     2R         
02:00000512 01F6            	     1R                 dc.w    .fmt_literalchar-fmt_jumptable
                            	     2R         
02:00000514 01F6            	     1R                 dc.w    .fmt_literalchar-fmt_jumptable
                            	     2R         
02:00000516 01F6            	     1R                 dc.w    .fmt_literalchar-fmt_jumptable
                            	     2R         
02:00000518 01F6            	     1R                 dc.w    .fmt_literalchar-fmt_jumptable
                            	     2R         
02:0000051A 01F6            	     1R                 dc.w    .fmt_literalchar-fmt_jumptable
                            	     2R         
02:0000051C 01F6            	     1R                 dc.w    .fmt_literalchar-fmt_jumptable
                            	     2R         
02:0000051E 01F6            	     1R                 dc.w    .fmt_literalchar-fmt_jumptable
                            	     2R         
02:00000520 01F6            	     1R                 dc.w    .fmt_literalchar-fmt_jumptable
                            	     2R         
02:00000522 01F6            	     1R                 dc.w    .fmt_literalchar-fmt_jumptable
                            	     2R         
02:00000524 01F6            	     1R                 dc.w    .fmt_literalchar-fmt_jumptable
                            	     2R         
02:00000526 01F6            	     1R                 dc.w    .fmt_literalchar-fmt_jumptable
                            	     2R         
02:00000528 01F6            	     1R                 dc.w    .fmt_literalchar-fmt_jumptable
                            	     2R         
02:0000052A 01F6            	     1R                 dc.w    .fmt_literalchar-fmt_jumptable
                            	     2R         
02:0000052C 01F6            	     1R                 dc.w    .fmt_literalchar-fmt_jumptable
                            	     2R         
02:0000052E 01F6            	     1R                 dc.w    .fmt_literalchar-fmt_jumptable
                            	     2R         
02:00000530 01F6            	     1R                 dc.w    .fmt_literalchar-fmt_jumptable
                            	     2R         
02:00000532 01F6            	     1R                 dc.w    .fmt_literalchar-fmt_jumptable
                            	     2R         
02:00000534 01F6            	     1R                 dc.w    .fmt_literalchar-fmt_jumptable
                            	     2R         
02:00000536 01F6            	     1R                 dc.w    .fmt_literalchar-fmt_jumptable
                            	     2R         
02:00000538 01F6            	     1R                 dc.w    .fmt_literalchar-fmt_jumptable
                            	     2R         
02:0000053A 01F6            	     1R                 dc.w    .fmt_literalchar-fmt_jumptable
                            	     2R         
02:0000053C 01F6            	     1R                 dc.w    .fmt_literalchar-fmt_jumptable
                            	     2R         
02:0000053E 01F6            	     1R                 dc.w    .fmt_literalchar-fmt_jumptable
                            	     2R         
02:00000540 01F6            	     1R                 dc.w    .fmt_literalchar-fmt_jumptable
                            	     2R         
02:00000542 01F6            	     1R                 dc.w    .fmt_literalchar-fmt_jumptable
                            	     2R         
02:00000544 01F6            	     1R                 dc.w    .fmt_literalchar-fmt_jumptable
                            	     2R         
02:00000546 01F6            	     1R                 dc.w    .fmt_literalchar-fmt_jumptable
                            	     2R         
02:00000548 01F6            	     1R                 dc.w    .fmt_literalchar-fmt_jumptable
                            	     2R         
02:0000054A 01F6            	     1R                 dc.w    .fmt_literalchar-fmt_jumptable
                            	     2R         
02:0000054C 01F6            	     1R                 dc.w    .fmt_literalchar-fmt_jumptable
                            	     2R         
02:0000054E 01F6            	     1R                 dc.w    .fmt_literalchar-fmt_jumptable
                            	     2R         
02:00000550 01F6            	     1R                 dc.w    .fmt_literalchar-fmt_jumptable
                            	     2R         
02:00000552 01F6            	     1R                 dc.w    .fmt_literalchar-fmt_jumptable
                            	     2R         
02:00000554 01F6            	     1R                 dc.w    .fmt_literalchar-fmt_jumptable
                            	     2R         
02:00000556 01F6            	     1R                 dc.w    .fmt_literalchar-fmt_jumptable
                            	     2R         
02:00000558 01F6            	     1R                 dc.w    .fmt_literalchar-fmt_jumptable
                            	     2R         
02:0000055A 01F6            	     1R                 dc.w    .fmt_literalchar-fmt_jumptable
                            	     2R         
02:0000055C 01F6            	     1R                 dc.w    .fmt_literalchar-fmt_jumptable
                            	     2R         
02:0000055E 01F6            	     1R                 dc.w    .fmt_literalchar-fmt_jumptable
                            	     2R         
02:00000560 01F6            	     1R                 dc.w    .fmt_literalchar-fmt_jumptable
                            	     2R         
02:00000562 01F6            	     1R                 dc.w    .fmt_literalchar-fmt_jumptable
                            	     2R         
02:00000564 01F6            	     1R                 dc.w    .fmt_literalchar-fmt_jumptable
                            	     2R         
02:00000566 01F6            	     1R                 dc.w    .fmt_literalchar-fmt_jumptable
                            	     2R         
02:00000568 01F6            	     1R                 dc.w    .fmt_literalchar-fmt_jumptable
                            	     2R         
02:0000056A 01F6            	     1R                 dc.w    .fmt_literalchar-fmt_jumptable
                            	     2R         
02:0000056C 01F6            	     1R                 dc.w    .fmt_literalchar-fmt_jumptable
                            	     2R         
02:0000056E 01F6            	     1R                 dc.w    .fmt_literalchar-fmt_jumptable
                            	     2R         
02:00000570 01F6            	     1R                 dc.w    .fmt_literalchar-fmt_jumptable
                            	     2R         
02:00000572 01F6            	     1R                 dc.w    .fmt_literalchar-fmt_jumptable
                            	     2R         
02:00000574 01F6            	     1R                 dc.w    .fmt_literalchar-fmt_jumptable
                            	     2R         
02:00000576 01F6            	     1R                 dc.w    .fmt_literalchar-fmt_jumptable
                            	     2R         
02:00000578 01F6            	     1R                 dc.w    .fmt_literalchar-fmt_jumptable
                            	     2R         
02:0000057A 01F6            	     1R                 dc.w    .fmt_literalchar-fmt_jumptable
                            	     2R         
02:0000057C 01F6            	     1R                 dc.w    .fmt_literalchar-fmt_jumptable
                            	     2R         
02:0000057E 01F6            	     1R                 dc.w    .fmt_literalchar-fmt_jumptable
                            	     2R         
02:00000580 01F6            	     1R                 dc.w    .fmt_literalchar-fmt_jumptable
                            	     2R         
02:00000582 01F6            	     1R                 dc.w    .fmt_literalchar-fmt_jumptable
                            	     2R         
02:00000584 01F6            	     1R                 dc.w    .fmt_literalchar-fmt_jumptable
                            	     2R         
02:00000586 01F6            	     1R                 dc.w    .fmt_literalchar-fmt_jumptable
                            	     2R         
02:00000588 01F6            	     1R                 dc.w    .fmt_literalchar-fmt_jumptable
                            	     2R         
02:0000058A 01F6            	     1R                 dc.w    .fmt_literalchar-fmt_jumptable
                            	     2R         
02:0000058C 01F6            	     1R                 dc.w    .fmt_literalchar-fmt_jumptable
                            	     2R         
02:0000058E 01F6            	     1R                 dc.w    .fmt_literalchar-fmt_jumptable
                            	     2R         
02:00000590 01F6            	     1R                 dc.w    .fmt_literalchar-fmt_jumptable
                            	     2R         
02:00000592 01F6            	     1R                 dc.w    .fmt_literalchar-fmt_jumptable
                            	     2R         
02:00000594 01F6            	     1R                 dc.w    .fmt_literalchar-fmt_jumptable
                            	     2R         
02:00000596 01F6            	     1R                 dc.w    .fmt_literalchar-fmt_jumptable
                            	     2R         
02:00000598 01F6            	     1R                 dc.w    .fmt_literalchar-fmt_jumptable
                            	     2R         
02:0000059A 01F6            	     1R                 dc.w    .fmt_literalchar-fmt_jumptable
                            	     2R         
02:0000059C 01F6            	     1R                 dc.w    .fmt_literalchar-fmt_jumptable
                            	     2R         
02:0000059E 01F6            	     1R                 dc.w    .fmt_literalchar-fmt_jumptable
                            	     2R         
02:000005A0 01F6            	     1R                 dc.w    .fmt_literalchar-fmt_jumptable
                            	     2R         
02:000005A2 01F6            	     1R                 dc.w    .fmt_literalchar-fmt_jumptable
                            	     2R         
02:000005A4 01F6            	     1R                 dc.w    .fmt_literalchar-fmt_jumptable
                            	     2R         
02:000005A6 01F6            	     1R                 dc.w    .fmt_literalchar-fmt_jumptable
                            	     2R         
02:000005A8 01F6            	     1R                 dc.w    .fmt_literalchar-fmt_jumptable
                            	     2R         
02:000005AA 01F6            	     1R                 dc.w    .fmt_literalchar-fmt_jumptable
                            	     2R         
02:000005AC 01F6            	     1R                 dc.w    .fmt_literalchar-fmt_jumptable
                            	     2R         
02:000005AE 01F6            	     1R                 dc.w    .fmt_literalchar-fmt_jumptable
                            	     2R         
02:000005B0 01F6            	     1R                 dc.w    .fmt_literalchar-fmt_jumptable
                            	     2R         
02:000005B2 01F6            	     1R                 dc.w    .fmt_literalchar-fmt_jumptable
                            	     2R         
02:000005B4 01F6            	     1R                 dc.w    .fmt_literalchar-fmt_jumptable
                            	     2R         
02:000005B6 01F6            	     1R                 dc.w    .fmt_literalchar-fmt_jumptable
                            	     2R         
02:000005B8 01F6            	     1R                 dc.w    .fmt_literalchar-fmt_jumptable
                            	     2R         
02:000005BA 01F6            	     1R                 dc.w    .fmt_literalchar-fmt_jumptable
                            	     2R         
02:000005BC 01F6            	     1R                 dc.w    .fmt_literalchar-fmt_jumptable
                            	     2R         
02:000005BE 01F6            	     1R                 dc.w    .fmt_literalchar-fmt_jumptable
                            	     2R         
02:000005C0 01F6            	     1R                 dc.w    .fmt_literalchar-fmt_jumptable
                            	     2R         
02:000005C2 01F6            	     1R                 dc.w    .fmt_literalchar-fmt_jumptable
                            	     2R         
02:000005C4 01F6            	     1R                 dc.w    .fmt_literalchar-fmt_jumptable
                            	     2R         
02:000005C6 01F6            	     1R                 dc.w    .fmt_literalchar-fmt_jumptable
                            	     2R         
02:000005C8 01F6            	     1R                 dc.w    .fmt_literalchar-fmt_jumptable
                            	     2R         
02:000005CA 01F6            	     1R                 dc.w    .fmt_literalchar-fmt_jumptable
                            	     2R         
02:000005CC 01F6            	     1R                 dc.w    .fmt_literalchar-fmt_jumptable
                            	     2R         
02:000005CE 01F6            	     1R                 dc.w    .fmt_literalchar-fmt_jumptable
                            	     2R         
02:000005D0 01F6            	     1R                 dc.w    .fmt_literalchar-fmt_jumptable
                            	     2R         
02:000005D2 01F6            	     1R                 dc.w    .fmt_literalchar-fmt_jumptable
                            	     2R         
02:000005D4 01F6            	     1R                 dc.w    .fmt_literalchar-fmt_jumptable
                            	     2R         
02:000005D6 01F6            	     1R                 dc.w    .fmt_literalchar-fmt_jumptable
                            	     2R         
02:000005D8 01F6            	     1R                 dc.w    .fmt_literalchar-fmt_jumptable
                            	     2R         
02:000005DA 01F6            	     1R                 dc.w    .fmt_literalchar-fmt_jumptable
                            	     2R         
02:000005DC 01F6            	     1R                 dc.w    .fmt_literalchar-fmt_jumptable
                            	     2R         
02:000005DE 01F6            	     1R                 dc.w    .fmt_literalchar-fmt_jumptable
                            	     2R         
02:000005E0 01F6            	     1R                 dc.w    .fmt_literalchar-fmt_jumptable
                            	     2R         
02:000005E2 01F6            	     1R                 dc.w    .fmt_literalchar-fmt_jumptable
                            	     2R         
02:000005E4 01F6            	     1R                 dc.w    .fmt_literalchar-fmt_jumptable
                            	     2R         
02:000005E6 01F6            	     1R                 dc.w    .fmt_literalchar-fmt_jumptable
                            	     2R         
02:000005E8 01F6            	     1R                 dc.w    .fmt_literalchar-fmt_jumptable
                            	     2R         
02:000005EA 01F6            	     1R                 dc.w    .fmt_literalchar-fmt_jumptable
                            	     2R         
02:000005EC 01F6            	     1R                 dc.w    .fmt_literalchar-fmt_jumptable
                            	     2R         
02:000005EE 01F6            	     1R                 dc.w    .fmt_literalchar-fmt_jumptable
                            	     2R         
02:000005F0 01F6            	     1R                 dc.w    .fmt_literalchar-fmt_jumptable
                            	     2R         
02:000005F2 01F6            	     1R                 dc.w    .fmt_literalchar-fmt_jumptable
                            	     2R         
02:000005F4 01F6            	     1R                 dc.w    .fmt_literalchar-fmt_jumptable
                            	     2R         
02:000005F6 01F6            	     1R                 dc.w    .fmt_literalchar-fmt_jumptable
                            	     2R         
02:000005F8 01F6            	     1R                 dc.w    .fmt_literalchar-fmt_jumptable
                            	     2R         
02:000005FA 01F6            	     1R                 dc.w    .fmt_literalchar-fmt_jumptable
                            	     2R         
02:000005FC 01F6            	     1R                 dc.w    .fmt_literalchar-fmt_jumptable
                            	     2R         
02:000005FE 01F6            	     1R                 dc.w    .fmt_literalchar-fmt_jumptable
                            	     2R         
02:00000600 01F6            	     1R                 dc.w    .fmt_literalchar-fmt_jumptable
                            	     2R         
02:00000602 01F6            	     1R                 dc.w    .fmt_literalchar-fmt_jumptable
                            	     2R         
02:00000604 01F6            	     1R                 dc.w    .fmt_literalchar-fmt_jumptable
                            	     2R         
02:00000606 01F6            	     1R                 dc.w    .fmt_literalchar-fmt_jumptable
                            	     2R         
02:00000608 01F6            	     1R                 dc.w    .fmt_literalchar-fmt_jumptable
                            	     2R         
02:0000060A 01F6            	     1R                 dc.w    .fmt_literalchar-fmt_jumptable
                            	     2R         
02:0000060C 01F6            	     1R                 dc.w    .fmt_literalchar-fmt_jumptable
                            	     2R         
02:0000060E 01F6            	     1R                 dc.w    .fmt_literalchar-fmt_jumptable
                            	     2R         
02:00000610 01F6            	     1R                 dc.w    .fmt_literalchar-fmt_jumptable
                            	     2R         
02:00000612 01F6            	     1R                 dc.w    .fmt_literalchar-fmt_jumptable
                            	     2R         
02:00000614 01F6            	     1R                 dc.w    .fmt_literalchar-fmt_jumptable
                            	     2R         
02:00000616 01F6            	     1R                 dc.w    .fmt_literalchar-fmt_jumptable
                            	     2R         
02:00000618 01F6            	     1R                 dc.w    .fmt_literalchar-fmt_jumptable
                            	     2R         
02:0000061A 01F6            	     1R                 dc.w    .fmt_literalchar-fmt_jumptable
                            	     2R         
02:0000061C 01F6            	     1R                 dc.w    .fmt_literalchar-fmt_jumptable
                            	     2R         
02:0000061E 01F6            	     1R                 dc.w    .fmt_literalchar-fmt_jumptable
                            	     2R         
02:00000620 01F6            	     1R                 dc.w    .fmt_literalchar-fmt_jumptable
                            	     2R         
02:00000622 01F6            	     1R                 dc.w    .fmt_literalchar-fmt_jumptable
                            	     2R         
02:00000624 01F6            	     1R                 dc.w    .fmt_literalchar-fmt_jumptable
                            	     2R         
02:00000626 01F6            	     1R                 dc.w    .fmt_literalchar-fmt_jumptable
                            	     2R         
02:00000628 01F6            	     1R                 dc.w    .fmt_literalchar-fmt_jumptable
                            	     2R         
02:0000062A 01F6            	     1R                 dc.w    .fmt_literalchar-fmt_jumptable
                            	     2R         
02:0000062C 01F6            	     1R                 dc.w    .fmt_literalchar-fmt_jumptable
                            	     2R         
02:0000062E 01FE            	   320:                 dc.w    .fmt_char-fmt_jumptable
02:00000630 0206            	   321:                 dc.w    .fmt_char2-fmt_jumptable
02:00000632 0214            	   322:                 dc.w    .fmt_char4-fmt_jumptable
02:00000634 0224            	   323:                 dc.w    .fmt_hex8-fmt_jumptable
02:00000636 0234            	   324:                 dc.w    .fmt_hex16-fmt_jumptable
02:00000638 022E            	   325:                 dc.w    .fmt_hex32-fmt_jumptable
02:0000063A 02F4            	   326:                 dc.w    .fmt_str-fmt_jumptable
02:0000063C 0348            	   327:                 dc.w    .fmt_u8-fmt_jumptable
02:0000063E 03AC            	   328:                 dc.w    .fmt_u16-fmt_jumptable
02:00000640 0360            	   329:                 dc.w    .fmt_u32-fmt_jumptable
02:00000642 0332            	   330:                 dc.w    .fmt_d8-fmt_jumptable
02:00000644 03A0            	   331:                 dc.w    .fmt_d16-fmt_jumptable
02:00000646 03C8            	   332:                 dc.w    .fmt_d32-fmt_jumptable
02:00000648 0350            	   333:                 dc.w    .fmt_z8-fmt_jumptable
02:0000064A 035A            	   334:                 dc.w    .fmt_z16-fmt_jumptable
02:0000064C 03D4            	   335:                 dc.w    .fmt_z32-fmt_jumptable
02:0000064E 04BE            	   336:                 dc.w    .fmt_srbits-fmt_jumptable
02:00000650 0500            	   337:                 dc.w    .fmt_fltbits-fmt_jumptable
02:00000652 023E            	   338:                 dc.w    .fmt_date-fmt_jumptable
02:00000654 0266            	   339:                 dc.w    .fmt_time-fmt_jumptable
02:00000656 028A            	   340:                 dc.w    .fmt_hexdump-fmt_jumptable
02:00000658 02E0            	   341:                 dc.w    .fmt_buf-fmt_jumptable
02:0000065A 0300            	   342:                 dc.w    .fmt_fname-fmt_jumptable
02:0000065C 031E            	   343:                 dc.w    .fmt_err-fmt_jumptable
                            	   344: 
                            	   345: .fmt_nullbyte:
                            	   346:                 popm    d2/a2-a6
                            	     1M         if NARG>1
                            	     2M         fail    multiple args passed to popm--did you use a comma instead of a slash?
                            	     3M         endif
02:0000065E 4CDF7C04        	     4M                 movem.l (sp)+,d2/a2-a6
02:00000662 4E73            	   347:                 rte
                            	   348: .fmt_literalchar:
02:00000664 E248            	   349:                 lsr.w   #1,d0           ; divide by 2 to get original char
02:00000666 4E93            	   350:                 jsr     (a3)
02:00000668 6000FDF6        	   351:                 bra     fmtchar
                            	   352: .fmt_char:
02:0000066C 301E            	   353:                 move.w  (a6)+,d0        ; get char from stack
02:0000066E 4E93            	   354:                 jsr     (a3)
02:00000670 6000FDEE        	   355:                 bra     fmtchar
                            	   356: .fmt_char2:
02:00000674 301E            	   357:                 move.w  (a6)+,d0        ; get chars from stack
02:00000676 E058            	   358: .1:             ror.w   #8,d0           ; print msb first
02:00000678 4E93            	   359:                 jsr     (a3)
02:0000067A E058            	   360:                 ror.w   #8,d0
02:0000067C 4E93            	   361:                 jsr     (a3)            ; print lsb
02:0000067E 6000FDE0        	   362:                 bra     fmtchar
                            	   363: .fmt_char4:
02:00000682 201E            	   364:                 move.l  (a6)+,d0        ; get chars from stack
02:00000684 4840            	   365:                 swap    d0              ; print msw first
02:00000686 E058            	   366:                 ror.w   #8,d0           ; print msb of msw
02:00000688 4E93            	   367:                 jsr     (a3)
02:0000068A E058            	   368:                 ror.w   #8,d0
02:0000068C 4E93            	   369:                 jsr     (a3)            ; print lsb of msw
02:0000068E 4840            	   370:                 swap    d0
02:00000690 60E4            	   371:                 bra     .1
                            	   372: 
02:00000692 301E            	   373: .fmt_hex8:      move.w  (a6)+,d0        ; get byte from stack
02:00000694 48780460        	   374:                 pea     fmtchar         ; tail call optimization
02:00000698 60000312        	   375:                 bra     printhexbyte
                            	   376: 
02:0000069C 301E            	   377: .fmt_hex32:     move.w  (a6)+,d0        ; get longword from stack
02:0000069E 61000326        	   378:                 bsr     printhexword
                            	   379:                 ; fall through
02:000006A2 301E            	   380: .fmt_hex16:     move.w  (a6)+,d0        ; get word from stack
02:000006A4 48780460        	   381:                 pea     fmtchar
02:000006A8 6000031C        	   382:                 bra     printhexword
                            	   383: 
02:000006AC 301E            	   384: .fmt_date:      move.w  (a6)+,d0        ; get years
02:000006AE 0880000F        	   385:                 bclr.l  #15,d0          ; make sure "time not set" bit is clear
02:000006B2 49F900E0000C    	   386:                 lea.l   DATE_SEP,a4
02:000006B8 6100030C        	   387:                 bsr     printhexword    ; print years
02:000006BC 1014            	   388:                 move.b  (a4),d0         ; print date separator
02:000006BE 4E93            	   389:                 jsr     (a3)
02:000006C0 101E            	   390:                 move.b  (a6)+,d0        ; get month
02:000006C2 610002E8        	   391:                 bsr     printhexbyte    ; print month
02:000006C6 1014            	   392:                 move.b  (a4),d0         ; print date separator
02:000006C8 4E93            	   393:                 jsr     (a3)
02:000006CA 101E            	   394:                 move.b  (a6)+,d0        ; get date
02:000006CC 48780460        	   395:                 pea     fmtchar
02:000006D0 600002DA        	   396:                 bra     printhexbyte    ; print date
                            	   397: 
02:000006D4 301E            	   398: .fmt_time:      move.w  (a6)+,d0        ; get weekday/hour
02:000006D6 49F900E0000D    	   399:                 lea.l   TIME_SEP,a4
02:000006DC 610002CE        	   400:                 bsr     printhexbyte    ; only print lsb (hour)
02:000006E0 1014            	   401:                 move.b  (a4),d0         ; print time separator
02:000006E2 4E93            	   402:                 jsr     (a3)
02:000006E4 101E            	   403:                 move.b  (a6)+,d0        ; get minute
02:000006E6 610002C4        	   404:                 bsr     printhexbyte
02:000006EA 1014            	   405:                 move.b  (a4),d0         ; print time separator
02:000006EC 4E93            	   406:                 jsr     (a3)
02:000006EE 101E            	   407:                 move.b  (a6)+,d0        ; get second
02:000006F0 48780460        	   408:                 pea     fmtchar
02:000006F4 600002B6        	   409:                 bra     printhexbyte
                            	   410: 
02:000006F8 285E            	   411: .fmt_hexdump:   move.l  (a6)+,a4        ; get string address
02:000006FA 7400            	   412:                 moveq   #0,d2           ; initialize byte count to 0
02:000006FC B496            	   413: .hexdumploop:   cmp.l   (a6),d2
02:000006FE 672E            	   414:                 beq     .dumpend
02:00000700 700F            	   415:                 moveq   #$0F,d0         ; lower 4 bits of count equal 0?
02:00000702 C002            	   416:                 and.b   d2,d0
02:00000704 661A            	   417:                 bne     .midline
02:00000706 700A            	   418:                 moveq   #$0a,d0         ; print newline
02:00000708 4E93            	   419:                 jsr     (a3)
02:0000070A 2002            	   420:                 move.l  d2,d0           ; print byte offset as 8 hex digits
02:0000070C 4840            	   421:                 swap    d0
02:0000070E 610002B6        	   422:                 bsr     printhexword    ; upper word
02:00000712 3002            	   423:                 move.w  d2,d0           ; lower word
02:00000714 610002B0        	   424:                 bsr     printhexword
02:00000718 703A            	   425:                 moveq   #':',d0         ; print colon
02:0000071A 4E93            	   426:                 jsr     (a3)
02:0000071C 7020            	   427:                 moveq   #' ',d0         ; print space
02:0000071E 4E93            	   428:                 jsr     (a3)
                            	   429: 
02:00000720 101C            	   430: .midline:       move.b  (a4)+,d0
02:00000722 61000288        	   431:                 bsr     printhexbyte    ; print byte
02:00000726 7020            	   432:                 moveq   #' ',d0         ; print space
02:00000728 4E93            	   433:                 jsr     (a3)
02:0000072A 5282            	   434:                 addq.l  #1,d2           ; increment byte count
02:0000072C 60CE            	   435:                 bra     .hexdumploop
                            	   436: .dumpend:
                            	   437:         ; pad out the final line
02:0000072E 4442            	   438:                 neg.w   d2
02:00000730 C47C000F        	   439:                 and.w   #$000F,d2
02:00000734 670E            	   440:                 beq     .nopad
02:00000736 5342            	   441:                 subq    #1,d2
02:00000738 7020            	   442: .padloop:       moveq   #' ',d0         ; three spaces
02:0000073A 4E93            	   443:                 jsr     (a3)
02:0000073C 4E93            	   444:                 jsr     (a3)
02:0000073E 4E93            	   445:                 jsr     (a3)
02:00000740 51CAFFF6        	   446:                 dbra    d2,.padloop
02:00000744 584E            	   447: .nopad:         addq    #4,a6           ; remove count
02:00000746 700A            	   448:                 moveq   #$0a,d0         ; print final newline
02:00000748 48780460        	   449:                 pea     fmtchar
02:0000074C 4ED3            	   450:                 jmp     (a3)
                            	   451: 
02:0000074E 285E            	   452: .fmt_buf:       move.l  (a6)+,a4        ; get buffer address
02:00000750 241E            	   453:                 move.l  (a6)+,d2        ; get number of bytes to print
02:00000752 6700FD0C        	   454:                 beq     fmtchar         ; do nothing if zero
02:00000756 101C            	   455: .bufloop:       move.b  (a4)+,d0        ; get byte
02:00000758 4E93            	   456:                 jsr     (a3)
02:0000075A 5382            	   457:                 subq.l  #1,d2
02:0000075C 66F8            	   458:                 bne     .bufloop
02:0000075E 6000FD00        	   459:                 bra     fmtchar
                            	   460: 
02:00000762 285E            	   461: .fmt_str:       move.l  (a6)+,a4        ; get string address from stack
02:00000764 101C            	   462: .strloop:       move.b  (a4)+,d0        ; get byte
02:00000766 6700FCF8        	   463:                 beq     fmtchar         ; found the null? done
02:0000076A 4E93            	   464:                 jsr     (a3)
02:0000076C 60F6            	   465:                 bra     .strloop
                            	   466: 
02:0000076E 205E            	   467: .fmt_fname:     move.l  (a6)+,a0        ; get string address
02:00000770 4FEFFFF2        	   468:                 lea.l   -14(sp),sp      ; allocate stack space for filename (only need 13 bytes, but sp must stay word-
02:00000774 224F            	   469:                 move.l  sp,a1
02:00000776 61000950        	   470:                 bsr     fname_decode
02:0000077A 2849            	   471:                 move.l  a1,a4           ; decoded string address
02:0000077C 101C            	   472: .fnameloop:     move.b  (a4)+,d0        ; get byte
02:0000077E 6704            	   473:                 beq     .fnamedone      ; found the null? done
02:00000780 4E93            	   474:                 jsr     (a3)
02:00000782 60F8            	   475:                 bra     .fnameloop
02:00000784 4FEF000E        	   476: .fnamedone:     lea.l   14(sp),sp       ; remove temporary string from stack
02:00000788 6000FCD6        	   477:                 bra     fmtchar
                            	   478: 
02:0000078C 301E            	   479: .fmt_err:       move.w  (a6)+,d0        ; get error number from stack
02:0000078E 610005EE        	   480:                 bsr     fs_errorstr
02:00000792 6704            	   481:                 beq     .othererr
02:00000794 2848            	   482:                 move.l  a0,a4           ; valid error msg? print it
02:00000796 60CC            	   483:                 bra     .strloop
                            	   484:         ; no error message? just print error number as hex
02:00000798 48780460        	   485: .othererr:      pea     fmtchar         ; tail call optimization
02:0000079C 6000020E        	   486:                 bra     printhexbyte
                            	   487: 
02:000007A0 341E            	   488: .fmt_d8:        move.w  (a6)+,d2        ; get word from stack
02:000007A2 4882            	   489:                 ext.w   d2              ; check sign bit
02:000007A4 6A000082        	   490:                 bpl     .dec8           ; positive? just use the unsigned routine
02:000007A8 702D            	   491:                 moveq   #'-',d0         ; print leading minus
02:000007AA 4E93            	   492:                 jsr     (a3)
02:000007AC 4402            	   493:                 neg.b   d2              ; negate and jump to unsigned routine
02:000007AE C4BC000000FF    	   494:                 and.l   #$FF,d2         ; make sure upper bytes are clear
02:000007B4 6072            	   495:                 bra     .dec8
                            	   496: 
02:000007B6 341E            	   497: .fmt_u8:        move.w  (a6)+,d2        ; get word from stack
02:000007B8 024200FF        	   498:                 andi.w  #$00FF,d2       ; clear upper byte of word
02:000007BC 606A            	   499:                 bra     .dec8
                            	   500: 
02:000007BE 341E            	   501: .fmt_z8:        move.w  (a6)+,d2        ; get word from stack
02:000007C0 024200FF        	   502:                 andi.w  #$00FF,d2       ; clear upper byte of word
02:000007C4 600000BC        	   503:                 bra     .hundreds
                            	   504: 
02:000007C8 341E            	   505: .fmt_z16:       move.w  (a6)+,d2        ; get word from stack
02:000007CA 6000008A        	   506:                 bra     .tthousands
                            	   507: 
02:000007CE 241E            	   508: .fmt_u32:       move.l  (a6)+,d2        ; get longword from stack
02:000007D0 B4BC0000FFFF    	   509: .dec32:         cmp.l   #$FFFF,d2
02:000007D6 6344            	   510:                 bls     .dec16          ; if < 65536, use 16-bit routine
02:000007D8 B4BC3B9ACA00    	   511:                 cmp.l   #1000000000,d2
02:000007DE 640000C8        	   512:                 bcc     .billions
02:000007E2 B4BC05F5E100    	   513:                 cmp.l   #100000000,d2
02:000007E8 640000DA        	   514:                 bcc     .hmillions
02:000007EC B4BC00989680    	   515:                 cmp.l   #10000000,d2
02:000007F2 640000E2        	   516:                 bcc     .tmillions
02:000007F6 B4BC000F4240    	   517:                 cmp.l   #1000000,d2
02:000007FC 640000EA        	   518:                 bcc     .millions
02:00000800 B4BC000186A0    	   519:                 cmp.l   #100000,d2
02:00000806 640000FC        	   520:                 bcc     .hthousands
02:0000080A 6000010A        	   521:                 bra     .tthousands_l   ; between 65536 and 99999 inclusive
                            	   522: 
02:0000080E 341E            	   523: .fmt_d16:       move.w  (a6)+,d2        ; get word from stack
02:00000810 6A0A            	   524:                 bpl     .dec16          ; positive? just use the unsigned routine
02:00000812 702D            	   525:                 moveq   #'-',d0         ; print leading minus
02:00000814 4E93            	   526:                 jsr     (a3)
02:00000816 4442            	   527:                 neg.w   d2              ; negate and jump to unsigned routine
02:00000818 6002            	   528:                 bra     .dec16
                            	   529: 
02:0000081A 341E            	   530: .fmt_u16:       move.w  (a6)+,d2        ; get word from stack
02:0000081C B47C2710        	   531: .dec16:         cmp.w   #10000,d2
02:00000820 6434            	   532:                 bcc     .tthousands
02:00000822 B47C03E8        	   533:                 cmp.w   #1000,d2
02:00000826 6440            	   534:                 bcc     .thousands
02:00000828 B47C0064        	   535: .dec8:          cmp.w   #100,d2
02:0000082C 6454            	   536:                 bcc     .hundreds
02:0000082E B47C000A        	   537:                 cmp.w   #10,d2
02:00000832 645C            	   538:                 bcc     .tens
02:00000834 6068            	   539:                 bra     .ones
                            	   540: 
02:00000836 241E            	   541: .fmt_d32:       move.l  (a6)+,d2        ; get longword from stack
02:00000838 6A96            	   542:                 bpl     .dec32          ; positive? just use the unsigned routine
02:0000083A 702D            	   543:                 moveq   #'-',d0         ; print leading minus
02:0000083C 4E93            	   544:                 jsr     (a3)
02:0000083E 4482            	   545:                 neg.l   d2              ; negate and jump to unsigned routine
02:00000840 608E            	   546:                 bra     .dec32
                            	   547: 
02:00000842 241E            	   548: .fmt_z32:       move.l  (a6)+,d2        ; get longword from stack
02:00000844 B4BC0000FFFF    	   549:                 cmp.l   #$FFFF,d2
02:0000084A 625C            	   550:                 bhi     .billions       ; if < 65536, print leading zeros and fall through to 16-bit routine
02:0000084C 7030            	   551:                 moveq   #'0',d0
02:0000084E 4E93            	   552:                 jsr     (a3)
02:00000850 4E93            	   553:                 jsr     (a3)
02:00000852 4E93            	   554:                 jsr     (a3)
02:00000854 4E93            	   555:                 jsr     (a3)
02:00000856 223C00002710    	   556: .tthousands:    move.l  #10000,d1
02:0000085C 702F            	   557:                 moveq   #'/',d0
02:0000085E 5240            	   558: .loop10000:     addq    #1,d0
02:00000860 9441            	   559:                 sub.w   d1,d2
02:00000862 64FA            	   560:                 bcc     .loop10000
02:00000864 D441            	   561:                 add.w   d1,d2
02:00000866 4E93            	   562:                 jsr     (a3)
02:00000868 323C03E8        	   563: .thousands:     move.w  #1000,d1
02:0000086C 702F            	   564:                 moveq   #'/',d0
02:0000086E 5240            	   565: .loop1000:      addq    #1,d0
02:00000870 9441            	   566:                 sub.w   d1,d2
02:00000872 64FA            	   567:                 bcc     .loop1000
02:00000874 D441            	   568:                 add.w   d1,d2
02:00000876 4E93            	   569:                 jsr     (a3)
                            	   570: 
02:00000878 103900E0000E    	   571:                 move.b  THOUSANDS_SEP,d0
02:0000087E 6702            	   572:                 beq     .hundreds
02:00000880 4E93            	   573:                 jsr     (a3)
                            	   574: 
02:00000882 7264            	   575: .hundreds:      moveq   #100,d1
02:00000884 702F            	   576:                 moveq   #'/',d0
02:00000886 5240            	   577: .loop100:       addq    #1,d0
02:00000888 9441            	   578:                 sub.w   d1,d2
02:0000088A 64FA            	   579:                 bcc     .loop100
02:0000088C D441            	   580:                 add.w   d1,d2
02:0000088E 4E93            	   581:                 jsr     (a3)
02:00000890 720A            	   582: .tens:          moveq   #10,d1
02:00000892 702F            	   583:                 moveq   #'/',d0
02:00000894 5240            	   584: .loop10:        addq    #1,d0
02:00000896 9441            	   585:                 sub.w   d1,d2
02:00000898 64FA            	   586:                 bcc     .loop10
02:0000089A D441            	   587:                 add.w   d1,d2
02:0000089C 4E93            	   588:                 jsr     (a3)
02:0000089E 7030            	   589: .ones:          moveq   #'0',d0
02:000008A0 D002            	   590:                 add.b   d2,d0
02:000008A2 4E93            	   591:                 jsr     (a3)
02:000008A4 6000FBBA        	   592:                 bra     fmtchar
02:000008A8 223C3B9ACA00    	   593: .billions:      move.l  #1000000000,d1
02:000008AE 702F            	   594:                 moveq   #'/',d0
02:000008B0 5240            	   595: .loop1e9:       addq    #1,d0
02:000008B2 9481            	   596:                 sub.l   d1,d2
02:000008B4 64FA            	   597:                 bcc     .loop1e9
02:000008B6 D481            	   598:                 add.l   d1,d2
02:000008B8 4E93            	   599:                 jsr     (a3)
                            	   600: 
02:000008BA 103900E0000E    	   601:                 move.b  THOUSANDS_SEP,d0
02:000008C0 6702            	   602:                 beq     .hmillions
02:000008C2 4E93            	   603:                 jsr     (a3)
                            	   604: 
02:000008C4 223C05F5E100    	   605: .hmillions:     move.l  #100000000,d1
02:000008CA 702F            	   606:                 moveq   #'/',d0
02:000008CC 5240            	   607: .loop1e8:       addq    #1,d0
02:000008CE 9481            	   608:                 sub.l   d1,d2
02:000008D0 64FA            	   609:                 bcc     .loop1e8
02:000008D2 D481            	   610:                 add.l   d1,d2
02:000008D4 4E93            	   611:                 jsr     (a3)
02:000008D6 223C00989680    	   612: .tmillions:     move.l  #10000000,d1
02:000008DC 702F            	   613:                 moveq   #'/',d0
02:000008DE 5240            	   614: .loop1e7:       addq    #1,d0
02:000008E0 9481            	   615:                 sub.l   d1,d2
02:000008E2 64FA            	   616:                 bcc     .loop1e7
02:000008E4 D481            	   617:                 add.l   d1,d2
02:000008E6 4E93            	   618:                 jsr     (a3)
                            	   619: 
02:000008E8 223C000F4240    	   620: .millions:      move.l  #1000000,d1
02:000008EE 702F            	   621:                 moveq   #'/',d0
02:000008F0 5240            	   622: .loop1e6:       addq    #1,d0
02:000008F2 9481            	   623:                 sub.l   d1,d2
02:000008F4 64FA            	   624:                 bcc     .loop1e6
02:000008F6 D481            	   625:                 add.l   d1,d2
02:000008F8 4E93            	   626:                 jsr     (a3)
                            	   627: 
02:000008FA 103900E0000E    	   628:                 move.b  THOUSANDS_SEP,d0
02:00000900 6702            	   629:                 beq     .hthousands
02:00000902 4E93            	   630:                 jsr     (a3)
                            	   631: 
02:00000904 223C000186A0    	   632: .hthousands:    move.l  #100000,d1
02:0000090A 702F            	   633:                 moveq   #'/',d0
02:0000090C 5240            	   634: .loop1e5:       addq    #1,d0
02:0000090E 9481            	   635:                 sub.l   d1,d2
02:00000910 64FA            	   636:                 bcc     .loop1e5
02:00000912 D481            	   637:                 add.l   d1,d2
02:00000914 4E93            	   638:                 jsr     (a3)
02:00000916 223C00002710    	   639: .tthousands_l:  move.l  #10000,d1
02:0000091C 702F            	   640:                 moveq   #'/',d0
02:0000091E 5240            	   641: .loop1e4:       addq    #1,d0
02:00000920 9481            	   642:                 sub.l   d1,d2
02:00000922 64FA            	   643:                 bcc     .loop1e4
02:00000924 D481            	   644:                 add.l   d1,d2
02:00000926 4E93            	   645:                 jsr     (a3)
02:00000928 6000FF3E        	   646:                 bra     .thousands
                            	   647: 
02:0000092C 341E            	   648: .fmt_srbits:    move.w  (a6)+,d2        ; get word from stack
02:0000092E 49F8098E        	   649:                 lea.l   .srflagchars,a4
02:00000932 0802000F        	   650:                 btst.l  #15,d2          ; trace flag
02:00000936 6168            	   651:                 bsr     printflag
02:00000938 0802000D        	   652:                 btst.l  #13,d2          ; supervisor flag
02:0000093C 6162            	   653:                 bsr     printflag
02:0000093E 3002            	   654:                 move.w  d2,d0
02:00000940 E048            	   655:                 lsr.w   #8,d0           ; get interrupt priority level
02:00000942 C03C0007        	   656:                 and.b   #7,d0           ; isolate 3 bits
02:00000946 D03C0030        	   657:                 add.b   #'0',d0         ; convert to ASCII digit
02:0000094A 4E93            	   658:                 jsr     (a3)
02:0000094C 08020004        	   659:                 btst.l  #4,d2           ; extend flag
02:00000950 614E            	   660:                 bsr     printflag
02:00000952 08020003        	   661:                 btst.l  #3,d2           ; negative flag
02:00000956 6148            	   662:                 bsr     printflag
02:00000958 08020002        	   663:                 btst.l  #2,d2           ; zero flag
02:0000095C 6142            	   664:                 bsr     printflag
02:0000095E 08020001        	   665:                 btst.l  #1,d2           ; overflow flag
02:00000962 613C            	   666:                 bsr     printflag
02:00000964 08020000        	   667:                 btst.l  #0,d2           ; carry flag
02:00000968 6136            	   668:                 bsr     printflag
02:0000096A 6000FAF4        	   669:                 bra     fmtchar
                            	   670: 
02:0000096E 341E            	   671: .fmt_fltbits:   move.w  (a6)+,d2        ; get word from stack
02:00000970 49F8099C        	   672:                 lea.l   .fltflagchars,a4
02:00000974 08020004        	   673:                 btst.l  #4,d2           ; read/write flag
02:00000978 6126            	   674:                 bsr     printflag
02:0000097A 08020003        	   675:                 btst.l  #3,d2           ; instruction/not-instruction flag
02:0000097E 6120            	   676:                 bsr     printflag
02:00000980 C43C0007        	   677:                 and.b   #7,d2           ; isolate 3 bits of function code
02:00000984 7030            	   678:                 moveq   #'0',d0
02:00000986 D002            	   679:                 add.b   d2,d0           ; convert function code to ASCII digit
02:00000988 4E93            	   680:                 jsr     (a3)
02:0000098A 6000FAD4        	   681:                 bra     fmtchar
                            	   682: 
02:0000098E 2D542D532D582D4E	   683: .srflagchars:   dc.b    "-T-S-X-N-Z-V-C"
02:00000996 2D5A2D562D43
02:0000099C 5752494E        	   684: .fltflagchars:  dc.b    "WRIN"
                            	   685:                 even
                            	   686: 
02:000009A0 6704            	   687: printflag:      beq     .flag0
02:000009A2 301C            	   688: .flag1:         move.w  (a4)+,d0
02:000009A4 4ED3            	   689:                 jmp     (a3)
02:000009A6 101C            	   690: .flag0:         move.b  (a4)+,d0
02:000009A8 524C            	   691:                 addq    #1,a4
02:000009AA 4ED3            	   692:                 jmp     (a3)
                            	   693: 
                            	   694: 
02:000009AC 0280000000FF    	   695: printhexbyte:   andi.l  #$00FF,d0       ; isolate lower byte
02:000009B2 E098            	   696:                 ror.l   #8,d0           ; and move it to the upper byte
02:000009B4 E998            	   697: _lsb:           rol.l   #4,d0           ; get upper nibble
02:000009B6 10350000        	   698:                 move.b  (a5,d0.w),d0    ; digit lookup in table
02:000009BA 4E93            	   699:                 jsr     (a3)
02:000009BC 4240            	   700:                 clr.w   d0
02:000009BE E998            	   701:                 rol.l   #4,d0           ; get lower nibble of upper byte
02:000009C0 10350000        	   702:                 move.b  (a5,d0.w),d0    ; digit lookup in table
02:000009C4 4ED3            	   703:                 jmp     (a3)
                            	   704: 
                            	   705: 
02:000009C6 4840            	   706: printhexword:   swap    d0              ; move to upper word
02:000009C8 4240            	   707:                 clr.w   d0              ; clear lower word
02:000009CA E998            	   708:                 rol.l   #4,d0           ; get upper nibble of upper byte
02:000009CC 10350000        	   709:                 move.b  (a5,d0.w),d0    ; digit lookup in table
02:000009D0 4E93            	   710:                 jsr     (a3)
02:000009D2 4240            	   711:                 clr.w   d0
02:000009D4 E998            	   712:                 rol.l   #4,d0           ; get lower nibble of upper byte
02:000009D6 10350000        	   713:                 move.b  (a5,d0.w),d0    ; digit lookup in table
02:000009DA 4E93            	   714:                 jsr     (a3)
02:000009DC 4240            	   715:                 clr.w   d0
02:000009DE 60D4            	   716:                 bra     _lsb
                            	   717: 
                            	   718: ; InChar - read one character from current input device
                            	   719: ; Arguments:    none
                            	   720: ; Returns:      character in low byte of D0
                            	   721: ; Blocks until a character is received.
02:000009E0 227900E00004    	   722: SYS_InChar:     move.l  INCH_VEC,a1
02:000009E6 4E91            	   723:                 jsr     (a1)
02:000009E8 4E73            	   724:                 rte
                            	   725: 
                            	   726: 
                            	   727: ; PromptStr - prompt for string from input device
                            	   728: ; Arguments:    A0.L - destination buffer
                            	   729: ;               D0.L - maximum length
                            	   730: ;               D1.W - delimiter character and flags
                            	   731: ;                       bit 9:    if set, do NOT interpret control characters
                            	   732: ;                       bit 8:    if set, do NOT echo received characters to the output device
                            	   733: ;                                 if clear, received characters are echoed to the output device
                            	   734: ;                       bits 7-0: delimiter character
                            	   735: ; Returns:      A0.L - unmodified (points to start of string)
                            	   736: ;               (A0) - null-terminated string
                            	   737: ;               D0.L - number of characters received (excluding null byte)
                            	   738: ; The string is null-terminated. The buffer should have enough space for maxlen+1 bytes.
                            	   739: ; Control characters supported:
                            	   740: ; ^C - return immediately with an empty string
                            	   741: ; ^H - backspace one character
                            	   742: ; ^? (DEL) - baskspace one character
                            	   743: ; ^M (CR) - translated to ^J (LF)
                            	   744: SYS_PromptStr:  pushm   a0/a2-a3/d2
                            	     1M         if NARG>1
                            	     2M         fail    multiple args passed to pushm--did you use a comma instead of a slash?
                            	     3M         endif
02:000009EA 48E720B0        	     4M                 movem.l a0/a2-a3/d2,-(sp)
02:000009EE 2448            	   745:                 move.l  a0,a2           ; pointer within buffer
02:000009F0 47F00000        	   746:                 lea.l   (a0,d0),a3      ; pointer to end of buffer
02:000009F4 3401            	   747:                 move.w  d1,d2           ; delimiter char and flags
                            	   748: 
02:000009F6 227900E00004    	   749: .prompt:        move.l  INCH_VEC,a1     ; get character
02:000009FC 4E91            	   750:                 jsr     (a1)
02:000009FE B400            	   751: .tstchar:       cmp.b   d0,d2
02:00000A00 6732            	   752:                 beq     .founddelim     ; if it's the delimiter character, we're done
02:00000A02 08020009        	   753:                 btst.l  #PRbNOCTRLCHARS,d2      ; check for control chars?
02:00000A06 661C            	   754:                 bne     .noctrlchar
                            	   755:         ; check if it's a control character
02:00000A08 B03C0008        	   756:                 cmp.b   #$08,d0         ; backspace
02:00000A0C 6734            	   757:                 beq     .backspace
02:00000A0E B03C007F        	   758:                 cmp.b   #$7f,d0         ; delete
02:00000A12 672E            	   759:                 beq     .backspace
02:00000A14 B03C0003        	   760:                 cmp.b   #$03,d0         ; ctrl-c
02:00000A18 673E            	   761:                 beq     .abort
02:00000A1A B03C000D        	   762:                 cmp.b   #$0d,d0         ; CR -> LF
02:00000A1E 6604            	   763:                 bne     .noctrlchar
02:00000A20 700A            	   764:                 moveq   #$0a,d0
02:00000A22 60DA            	   765:                 bra     .tstchar
02:00000A24 B7CA            	   766: .noctrlchar:    cmp.l   a2,a3           ; is there room in the string?
02:00000A26 67CE            	   767:                 beq     .prompt         ; if not, ignore the character
                            	   768:         ; there is room in the string and the character is not a delimiter
02:00000A28 14C0            	   769:                 move.b  d0,(a2)+        ; store in buffer
                            	   770:         ; echo it?
02:00000A2A 08020008        	   771:                 btst.l  #PRbNOECHO,d2
02:00000A2E 66C6            	   772:                 bne     .prompt
                            	   773:                 sys     OutChar
02:00000A30 4E42            	     1M                 trap    #OutChar
02:00000A32 60C2            	   774:                 bra     .prompt
                            	   775: 
02:00000A34 14BC0000        	   776: .founddelim:    move.b  #0,(a2)         ; null-terminate the string
02:00000A38 200A            	   777:                 move.l  a2,d0           ; save the address of the null byte
                            	   778:                 popm    a0/a2-a3/d2     ; a0 now contains pointer to start of buffer
                            	     1M         if NARG>1
                            	     2M         fail    multiple args passed to popm--did you use a comma instead of a slash?
                            	     3M         endif
02:00000A3A 4CDF0D04        	     4M                 movem.l (sp)+,a0/a2-a3/d2
02:00000A3E 9088            	   779:                 sub.l   a0,d0           ; d0 contains length of string in buffer
02:00000A40 4E73            	   780:                 rte
                            	   781: 
02:00000A42 B5EF0004        	   782: .backspace:     cmp.l   4(sp),a2        ; can't backspace if we're at the start of the string
02:00000A46 67AE            	   783:                 beq     .prompt
02:00000A48 534A            	   784:                 subq    #1,a2
                            	   785:         ; if echo is enabled, print backspace/space/backspace
02:00000A4A 08020008        	   786:                 btst.l  #PRbNOECHO,d2
02:00000A4E 66A6            	   787:                 bne     .prompt
02:00000A50 41F80A64        	   788:                 lea.l   .backspacestr,a0
                            	   789:                 sys     OutStr
02:00000A54 4E43            	     1M                 trap    #OutStr
02:00000A56 609E            	   790:                 bra     .prompt
                            	   791: 
                            	   792: .abort:         popm    a0/a2-a3/d2
                            	     1M         if NARG>1
                            	     2M         fail    multiple args passed to popm--did you use a comma instead of a slash?
                            	     3M         endif
02:00000A58 4CDF0D04        	     4M                 movem.l (sp)+,a0/a2-a3/d2
02:00000A5C 10BC0000        	   793:                 move.b  #0,(a0)         ; return the empty string
02:00000A60 4200            	   794:                 clr.b   d0
02:00000A62 4E73            	   795:                 rte
                            	   796: 
02:00000A64 08              	   797: .backspacestr:  dc.b    $08,$20,$08,0
02:00000A65 20
02:00000A66 08
02:00000A67 00
                            	   798: 
                            	   799: 
                            	   800: ; ReadSector - read one sector from CF card
                            	   801: ; Arguments:    D0.L - sector number (LBA)
                            	   802: ;               D1.L - size of destination memory buffer (pass any value >= 512 to load entire sector)
                            	   803: ;               A0.L - address of destination buffer
                            	   804: ; Returns:      D0.B - error code, or 0 if successful
                            	   805: ;               D1.L - decremented by number of bytes read
                            	   806: ;               A0.L - advanced
                            	   807: ; note: A0 must be word-aligned
02:00000A68 2F01            	   808: SYS_ReadSector: move.l  d1,-(sp)
02:00000A6A 43F900900000    	   809:                 lea.l   CFCARD,a1
02:00000A70 E158            	   810:                 rol.w   #8,d0           ; byte-swap the block address
02:00000A72 4840            	   811:                 swap    d0
02:00000A74 E158            	   812:                 rol.w   #8,d0
02:00000A76 803C00E0        	   813:                 or.b    #$E0,d0         ; set LBA bits
02:00000A7A 01C90007        	   814:                 movep.l d0,CF_LBA0(a1)  ; write LBA to registers
02:00000A7E 137C00010005    	   815:                 move.b  #1,CF_COUNT(a1) ; read one sector
02:00000A84 7020            	   816:                 moveq   #CFCMD_RDSECTOR,d0
02:00000A86 61000180        	   817:                 bsr     _cfcard_sendcmd
02:00000A8A 6638            	   818:                 bne     .done
02:00000A8C 610001C2        	   819:                 bsr     _cfcard_waitfordata
02:00000A90 6632            	   820:                 bne     .done
                            	   821:         ; cap d1 at 512
02:00000A92 203C00000200    	   822:                 move.l  #SECTORSIZE,d0
02:00000A98 B280            	   823:                 cmp.l   d0,d1
02:00000A9A 6302            	   824:                 bls     .1
02:00000A9C 2200            	   825:                 move.l  d0,d1
                            	   826:         ; convert bytes to words
02:00000A9E 9397            	   827: .1:             sub.l   d1,(sp)         ; subtract actual number of bytes to read from buffer size on stack
02:00000AA0 E249            	   828:                 lsr.w   #1,d1           ; X flag will be set if there's a residual byte left
02:00000AA2 670C            	   829:                 beq     .2
02:00000AA4 6006            	   830:                 bra     .3
02:00000AA6 3011            	   831: .readloop:      move.w  CF_DATA(a1),d0
02:00000AA8 E058            	   832:                 ror.w   #8,d0           ; words need to be byte-swapped
02:00000AAA 30C0            	   833:                 move.w  d0,(a0)+
02:00000AAC 51C9FFF8        	   834: .3:             dbra    d1,.readloop
                            	   835:         ; handle the residual byte if X is set
02:00000AB0 E211            	   836: .2:             roxr.b  #1,d1           ; shift into N flag
02:00000AB2 6A04            	   837:                 bpl     .flush
02:00000AB4 3011            	   838:                 move.w  CF_DATA(a1),d0
02:00000AB6 10C0            	   839:                 move.b  d0,(a0)+
                            	   840:         ; consume the rest of the card's data buffer if there's still data left
02:00000AB8 4A51            	   841: .flush:         tst.w   CF_DATA(a1)
02:00000ABA 08290003000F    	   842:                 btst.b  #3,CF_STATUS(a1)
02:00000AC0 66F6            	   843:                 bne     .flush
02:00000AC2 7000            	   844:                 moveq   #0,d0           ; no error
02:00000AC4 221F            	   845: .done:          move.l  (sp)+,d1        ; bring remaining buffer capacity back to d1
02:00000AC6 4E73            	   846:                 rte
                            	   847: 
                            	   848: 
                            	   849: ; ListDirectory - traverse the root directory on the CF card
                            	   850: ; Arguments:    A0.L - pointer to buffer at least DIRBUFSIZE bytes
                            	   851: ;               D0.L - should be nonzero on first call; zero on subsequent calls
                            	   852: ; Returns:      A0.L - preserved
                            	   853: ;               A1.L - pointer to 32-byte directory entry within the buffer
                            	   854: ;               D0.W - if 0, there are still entries to iterate over
                            	   855: ;                      if < 0, iteration is complete
                            	   856: ;                      if > 0, an error occurred
                            	   857: ;               (A0) - advanced
                            	   858: ; note: A0 must be word-aligned
                            	   859: SYS_ListDirectory:
02:00000AC8 4A80            	   860:                 tst.l   d0
02:00000ACA 6706            	   861:                 beq     .1
                            	   862:         ; D0 nonzero? if so, initializer directory buffer
02:00000ACC 610002C0        	   863:                 bsr     fs_rdirlist
02:00000AD0 6604            	   864:                 bne     .error
                            	   865:         ; load first entry
02:00000AD2 610002D8        	   866: .1:             bsr     fs_dirnext
02:00000AD6 4E73            	   867: .error:         rte
                            	   868: 
                            	   869: 
                            	   870: ; FindFile - return the directory entry for the file with the given name
                            	   871: ; Arguments:    A0.L - pointer to null-terminated 8.3 filename
                            	   872: ;               A1.L - 32-byte buffer to copy the directory entry to
                            	   873: ; Returns:      D0.B - error code (0 on success, nonzero on error)
                            	   874: ;               A1.L - unmodified
                            	   875: SYS_FindFile:
02:00000AD8 61000344        	   876:                 bsr     fs_findfile
02:00000ADC 4E73            	   877:                 rte
                            	   878: 
                            	   879: 
                            	   880: ; ReadFile - read file from the root directory of the CF card into memory
                            	   881: ; Arguments:    A0.L - pointer to null-terminated 8.3 filename
                            	   882: ;               A1.L - memory address where the file should be loaded into
                            	   883: ;               D0.L - maximum file size in bytes
                            	   884: ; Returns:      D0.B - error code (0 on success, nonzero on error)
                            	   885: ;               D1.L - actual file size in bytes
02:00000ADE 61000436        	   886: SYS_ReadFile:   bsr     fs_loadfile
02:00000AE2 4E73            	   887:                 rte
                            	   888: 
                            	   889: 
                            	   890: ; GetDateTime - read the current date and time from the real-time clock
                            	   891: ; Arguments:    none
                            	   892: ; Returns:      D0.L - date
                            	   893: ;                       bits 31-16: year (four BCD digits)
                            	   894: ;                       bits 15-8:  month (two BCD digits)
                            	   895: ;                       bits 7-0:   date (two BCD digits)
                            	   896: ;               D1.L - weekday and time
                            	   897: ;                       bits 26-24: weekday (one BCD digit)
                            	   898: ;                       bits 23-16: hour (two BCD digits)
                            	   899: ;                       bits 15-8:  minute (two BCD digits)
                            	   900: ;                       bits 7-0:   second (two BCD digits)
                            	   901: ; On error, D0 and D1 both equal 0.
                            	   902: ; Since 00000000 is never a valid date, checking for date valididity only requires
                            	   903: ; testing d0.
                            	   904: SYS_GetDateTime:
02:00000AE4 4E56FFF8        	   905:                 link    a6,#-8          ; push a6 and allocate two longwords
02:00000AE8 61000626        	   906:                 bsr     spi_startxfer   ; assert chip select
02:00000AEC 7000            	   907:                 moveq   #0,d0
02:00000AEE 6100063C        	   908:                 bsr     spi_shiftbyte   ; send register number $00
02:00000AF2 61000638        	   909:                 bsr     spi_shiftbyte   ; read in byte 0 (seconds)
02:00000AF6 1D00            	   910:                 move.b  d0,-(a6)
02:00000AF8 6B62            	   911:                 bmi     .rtc_error      ; bit 7 should be 0 -- if it is, RTC not detected
02:00000AFA 61000630        	   912:                 bsr     spi_shiftbyte   ; read in byte 1 (minutes)
02:00000AFE 1D00            	   913:                 move.b  d0,-(a6)
02:00000B00 6100062A        	   914:                 bsr     spi_shiftbyte   ; read in byte 2 (hours)
02:00000B04 1D00            	   915:                 move.b  d0,-(a6)
02:00000B06 61000624        	   916:                 bsr     spi_shiftbyte   ; read in byte 3 (weekday)
02:00000B0A 1D00            	   917:                 move.b  d0,-(a6)
02:00000B0C 6100061E        	   918:                 bsr     spi_shiftbyte   ; read in byte 4 (date)
02:00000B10 1D00            	   919:                 move.b  d0,-(a6)
02:00000B12 61000618        	   920:                 bsr     spi_shiftbyte   ; read in byte 5 (month/century)
02:00000B16 4A00            	   921:                 tst.b   d0              ; check century bit
02:00000B18 6B0E            	   922:                 bmi     .twenty_second_century
                            	   923:         ; 21st century (century=0)
02:00000B1A 1D00            	   924:                 move.b  d0,-(a6)        ; store byte 5
02:00000B1C 6100060E        	   925:                 bsr     spi_shiftbyte   ; read in byte 6 (year)
02:00000B20 1D00            	   926:                 move.b  d0,-(a6)
02:00000B22 1D3C0020        	   927:                 move.b  #$20,-(a6)      ; upper 2 year digits
02:00000B26 6010            	   928:                 bra     .1
                            	   929: .twenty_second_century:
02:00000B28 08800007        	   930:                 bclr.l  #7,d0           ; clear century bit
02:00000B2C 1D00            	   931:                 move.b  d0,-(a6)        ; store byte 5
02:00000B2E 610005FC        	   932:                 bsr     spi_shiftbyte   ; read in byte 6 (year)
02:00000B32 1D00            	   933:                 move.b  d0,-(a6)
02:00000B34 1D3C0021        	   934:                 move.b  #$21,-(a6)      ; upper 2 year digits
02:00000B38 610005E6        	   935: .1:             bsr     spi_endxfer     ; deassert chip select
                            	   936: 
02:00000B3C 610005D2        	   937:                 bsr     spi_startxfer   ; assert chip select
02:00000B40 700F            	   938:                 moveq   #$0F,d0         ; register $0F: control/status
02:00000B42 610005E8        	   939:                 bsr     spi_shiftbyte   ; send register number $0F
02:00000B46 610005E4        	   940:                 bsr     spi_shiftbyte   ; read data byte
02:00000B4A 4A00            	   941:                 tst.b   d0
02:00000B4C 6A04            	   942:                 bpl     .nopwrloss
02:00000B4E 08D60007        	   943:                 bset.b  #7,(a6)         ; set power-loss bit
02:00000B52 610005CC        	   944: .nopwrloss:     bsr     spi_endxfer
                            	   945:                 popm    d0-d1/a6        ; pop date/time into return registers, restore a6
                            	     1M         if NARG>1
                            	     2M         fail    multiple args passed to popm--did you use a comma instead of a slash?
                            	     3M         endif
02:00000B56 4CDF4003        	     4M                 movem.l (sp)+,d0-d1/a6
02:00000B5A 4E73            	   946:                 rte
02:00000B5C 610005C2        	   947: .rtc_error:     bsr     spi_endxfer     ; deassert chip select
02:00000B60 7000            	   948:                 moveq   #0,d0           ; return 0
02:00000B62 7200            	   949:                 moveq   #0,d1
02:00000B64 504F            	   950:                 addq    #8,sp
                            	   951:                 pop     a6
                            	     1M         if NARG>1
                            	     2M         fail    multiple args passed to pop--use popm if you want to pop multiple registers
                            	     3M         endif
02:00000B66 2C5F            	     4M                 move.l  (sp)+,a6
02:00000B68 4E73            	   952:                 rte
                            	   953: 
                            	   954: 
                            	   955: ; SetDateTime - set the real-time clock's current date and time
                            	   956: ; Arguments:    D0.L - date
                            	   957: ;                       bits 31-16: year (four BCD digits)
                            	   958: ;                       bits 15-8:  month (two BCD digits)
                            	   959: ;                       bits 7-0:   date (two BCD digits)
                            	   960: ;               D1.L - weekday and time
                            	   961: ;                       bits 26-24: weekday (one BCD digit)
                            	   962: ;                       bits 23-16: hour (two BCD digits)
                            	   963: ;                       bits 15-8:  minute (two BCD digits)
                            	   964: ;                       bits 7-0:   second (two BCD digit)
                            	   965: ; No validation of the date (bounds-checking fields, ensuring valid BCD) is performed.
                            	   966: SYS_SetDateTime:
02:00000B6A 4E560000        	   967:                 link    a6,#0
02:00000B6E 48E7C000        	   968:                 movem.l d0-d1,-(sp)
02:00000B72 6100059C        	   969:                 bsr     spi_startxfer   ; assert chip select
02:00000B76 7040D040        	   970:                 move.l  #$80,d0
02:00000B7A 610005B0        	   971:                 bsr     spi_shiftbyte   ; send register number $89
02:00000B7E 1026            	   972:                 move.b  -(a6),d0
02:00000B80 610005AA        	   973:                 bsr     spi_shiftbyte   ; set byte 0 (seconds)
02:00000B84 1026            	   974:                 move.b  -(a6),d0
02:00000B86 610005A4        	   975:                 bsr     spi_shiftbyte   ; set byte 1 (minutes)
02:00000B8A 1026            	   976:                 move.b  -(a6),d0
02:00000B8C 6100059E        	   977:                 bsr     spi_shiftbyte   ; set byte 2 (hours)
02:00000B90 1026            	   978:                 move.b  -(a6),d0
02:00000B92 61000598        	   979:                 bsr     spi_shiftbyte   ; set byte 3 (weekday)
02:00000B96 1026            	   980:                 move.b  -(a6),d0
02:00000B98 61000592        	   981:                 bsr     spi_shiftbyte   ; set byte 4 (date)
02:00000B9C 1026            	   982:                 move.b  -(a6),d0        ; get month
02:00000B9E 082E0000FFFE    	   983:                 btst.b  #0,-2(a6)       ; check lsb of century
02:00000BA4 6704            	   984:                 beq     .1
02:00000BA6 08C00007        	   985:                 bset.l  #7,d0           ; if it's 1, set century bit
02:00000BAA 61000580        	   986: .1:             bsr     spi_shiftbyte   ; set byte 5 (month/century)
02:00000BAE 1026            	   987:                 move.b  -(a6),d0
02:00000BB0 6100057A        	   988:                 bsr     spi_shiftbyte   ; set byte 6 (year)
02:00000BB4 6100056A        	   989:                 bsr     spi_endxfer     ; deassert chip select
                            	   990: 
02:00000BB8 61000556        	   991:                 bsr     spi_startxfer   ; assert chip select
02:00000BBC 203C0000008F    	   992:                 move.l  #$8F,d0         ; send register number $89
02:00000BC2 61000568        	   993:                 bsr     spi_shiftbyte
02:00000BC6 7040            	   994:                 moveq   #$40,d0         ; clear OSF flag
02:00000BC8 61000562        	   995:                 bsr     spi_shiftbyte   ; send data byte
02:00000BCC 61000552        	   996:                 bsr     spi_endxfer     ; deassert chip select
                            	   997: 
02:00000BD0 504F            	   998:                 addq    #8,sp
                            	   999:                 pop     a6
                            	     1M         if NARG>1
                            	     2M         fail    multiple args passed to pop--use popm if you want to pop multiple registers
                            	     3M         endif
02:00000BD2 2C5F            	     4M                 move.l  (sp)+,a6
02:00000BD4 4E73            	  1000:                 rte
                            	  1001: 
                            	  1002: 
                            	  1003: ; GetSysInfo - get pointer to system information structure
                            	  1004: ; Arguments:    none
                            	  1005: ; Returns:      A0.L - pointer to system information structure:
                            	  1006: ;                0(A0).L - CPU clock speed in Hz
                            	  1007: ;                4(A0).L - RAM size in bytes
                            	  1008: ;                8(A0).L - ROM size in bytes
                            	  1009: ;               12(A0).L - ROM date
                            	  1010: ;               16(A0).W - ROM major revision
                            	  1011: ;               18(A0).W - ROM minor revision
02:00000BD6 41F90000FFEC    	  1012: SYS_GetSysInfo: lea.l   sysinfo,a0
02:00000BDC 4E73            	  1013:                 rte
                            	  1014: 
                            	  1015: 
                            	  1016: ;-------------------------------------------------------------------------------
                            	  1017: ; CompactFlash card
                            	  1018: ;-------------------------------------------------------------------------------
02:00000BDE 70FF            	  1019: cfcard_init:    moveq   #-1,d0
02:00000BE0 0C3900500090000F	  1020: .1:             cmp.b   #$50,CFCARD+CF_STATUS
02:00000BE8 670E            	  1021:                 beq     .found
02:00000BEA 57C8FFF4        	  1022:                 dbeq    d0,.1
02:00000BEE 08B9000700A0000E	  1023: .notfound:      bclr.b  #7,UART+SCR
02:00000BF6 6008            	  1024:                 bra     .2
02:00000BF8 08F9000700A0000E	  1025: .found:         bset.b  #7,UART+SCR
02:00000C00 4E75            	  1026: .2:             rts
                            	  1027: 
                            	  1028: 
                            	  1029: ; Send a commnd to the CF card.
                            	  1030: ; Arguments:    command byte in D0
                            	  1031: ;               CF card base address in A1
                            	  1032: ; Returns:      error code in low byte of D0: zero if command succeeded
                            	  1033: cfcard_sendcmd:
02:00000C02 43F900900000    	  1034:                 lea.l   CFCARD,a1
                            	  1035: _cfcard_sendcmd:
02:00000C08 1340000F        	  1036:                 move.b  d0,CF_COMMAND(a1)
02:00000C0C 70FF            	  1037:                 moveq   #-1,d0                  ; initialize timeout counter
02:00000C0E 08290007000F    	  1038: .busy:          btst.b  #7,CF_STATUS(a1)        ; wait until card is not busy (bit 7 clear)
02:00000C14 6708            	  1039:                 beq     .notbusy
02:00000C16 51C8FFF6        	  1040:                 dbra    d0,.busy
02:00000C1A 7020            	  1041: .timeout:       moveq   #FSERR_TIMEOUT,d0
02:00000C1C 4E75            	  1042:                 rts
                            	  1043: 
02:00000C1E 70FF            	  1044: .notbusy:       moveq   #-1,d0                  ; initialize timeout counter
02:00000C20 08290004000F    	  1045: .notready:      btst.b  #4,CF_STATUS(a1)        ; wait until card is ready (bit 4 set)
02:00000C26 660E            	  1046:                 bne     .ready
02:00000C28 51C8FFF6        	  1047:                 dbra    d0,.notready
02:00000C2C 08290000000F    	  1048: .rdytimeout:    btst.b  #0,CF_STATUS(a1)        ; an error code set?
02:00000C32 660E            	  1049:                 bne     .err
02:00000C34 60E4            	  1050:                 bra     .timeout
                            	  1051: 
02:00000C36 08290000000F    	  1052: .ready:         btst.b  #0,CF_STATUS(a1)        ; check error register
02:00000C3C 6604            	  1053:                 bne     .err
02:00000C3E 7000            	  1054:                 moveq   #0,d0                   ; no error? return 0 in D0
02:00000C40 4E75            	  1055:                 rts
02:00000C42 7000            	  1056: .err:           moveq   #0,d0
02:00000C44 10290003        	  1057:                 move.b  CF_ERROR(a1),d0         ; return error status in D0
02:00000C48 4E75            	  1058:                 rts
                            	  1059: 
                            	  1060: 
                            	  1061: ; Wait until the card is ready for a data transfer.
                            	  1062: ; Arguments:    CF card base address in A1
                            	  1063: ; Returns:      error code in low byte of D0: zero if command succeeded
                            	  1064: cfcard_waitfordata:
02:00000C4A 43F900900000    	  1065:                 lea.l   CFCARD,a1
                            	  1066: _cfcard_waitfordata:
02:00000C50 70FF            	  1067:                 moveq   #-1,d0                  ; initialize timeout counter
02:00000C52 08290003000F    	  1068: .nodata:        btst.b  #3,CF_STATUS(a1)        ; wait until data is present (bit 3 set)
02:00000C58 6610            	  1069:                 bne     .gotdata
02:00000C5A 51C8FFF6        	  1070:                 dbra    d0,.nodata
02:00000C5E 08290000000F    	  1071: .datatimeout:   btst.b  #0,CF_STATUS(a1)        ; check error register
02:00000C64 6610            	  1072:                 bne     .err
02:00000C66 7020            	  1073:                 moveq   #FSERR_TIMEOUT,d0
02:00000C68 4E75            	  1074:                 rts
02:00000C6A 08290000000F    	  1075: .gotdata:       btst.b  #0,CF_STATUS(a1)        ; check error register
02:00000C70 6604            	  1076:                 bne     .err
02:00000C72 7000            	  1077:                 moveq   #0,d0                   ; no error? return 0 in D0
02:00000C74 4E75            	  1078:                 rts
02:00000C76 7000            	  1079: .err:           moveq   #0,d0
02:00000C78 10290003        	  1080:                 move.b  CF_ERROR(a1),d0         ; return error status in D0
02:00000C7C 4E75            	  1081:                 rts
                            	  1082: 
                            	  1083: 
                            	  1084: 
                            	  1085: ;-------------------------------------------------------------------------------
                            	  1086: ; FAT16 filesystem
                            	  1087: ;-------------------------------------------------------------------------------
                            	  1088: fs_mount:
                            	  1089:         ; clear filesystem info
02:00000C7E 303C0014        	  1090:                 move.w  #(FSVARLEN/2)-1,d0
02:00000C82 41F900E00010    	  1091:                 lea.l   FSVARSTART,a0
02:00000C88 4258            	  1092: .1:             clr.w   (a0)+
02:00000C8A 51C8FFFC        	  1093:                 dbra    d0,.1
                            	  1094:         ; read the master boot record
02:00000C8E 4E56FE00        	  1095:                 link    a6,#-SECTORSIZE ; allocate a buffer on the stack for the sector
02:00000C92 7000            	  1096:                 moveq   #0,d0           ; read sector 0
02:00000C94 204F            	  1097:                 move.l  sp,a0
02:00000C96 72FF            	  1098:                 moveq   #-1,d1          ; read entire sector
                            	  1099:                 sys     ReadSector
02:00000C98 4E47            	     1M                 trap    #ReadSector
02:00000C9A 4A40            	  1100:                 tst     d0
02:00000C9C 660000D6        	  1101:                 bne     .error
                            	  1102:         ; ignore the first 446 bytes and get to the first partition table entry
02:00000CA0 41EF01BE        	  1103:                 lea.l   $1BE(sp),a0
                            	  1104:         ; check partition type to make sure it's FAT16
02:00000CA4 10280004        	  1105:                 move.b  4(a0),d0        ; get partition type
02:00000CA8 B03C0004        	  1106:                 cmp.b   #$04,d0         ; FAT16 <32MB
02:00000CAC 6712            	  1107:                 beq     .isfat16
02:00000CAE B03C0006        	  1108:                 cmp.b   #$06,d0         ; FAT16 >=32MB
02:00000CB2 670C            	  1109:                 beq     .isfat16
02:00000CB4 B03C000B        	  1110:                 cmp.b   #$0B,d0         ; FAT16 or FAT32
02:00000CB8 6706            	  1111:                 beq     .isfat16
                            	  1112: ; partition is not FAT16
02:00000CBA 7021            	  1113: .notfat16:      moveq   #FSERR_WRONGTYPE,d0
02:00000CBC 600000B6        	  1114:                 bra     .error
                            	  1115: .isfat16:
                            	  1116:         ; Partition size and LBA of first sector (BIOS Parameter Block)
                            	  1117:         ; Both need to be byteswapped
02:00000CC0 41E80010        	  1118:                 lea.l   16(a0),a0
02:00000CC4 43F900E00010    	  1119:                 lea.l   PARTSIZE,a1
02:00000CCA 12E0            	  1120:                 move.b  -(a0),(a1)+
02:00000CCC 12E0            	  1121:                 move.b  -(a0),(a1)+
02:00000CCE 12E0            	  1122:                 move.b  -(a0),(a1)+
02:00000CD0 12E0            	  1123:                 move.b  -(a0),(a1)+
02:00000CD2 12E0            	  1124:                 move.b  -(a0),(a1)+
02:00000CD4 12E0            	  1125:                 move.b  -(a0),(a1)+
02:00000CD6 12E0            	  1126:                 move.b  -(a0),(a1)+
02:00000CD8 12E0            	  1127:                 move.b  -(a0),(a1)+
                            	  1128:         ; now load the BIOS Parameter Block from the first sector
02:00000CDA 203900E00014    	  1129:                 move.l  BPBSECTOR,d0
02:00000CE0 204F            	  1130:                 move.l  sp,a0
02:00000CE2 72FF            	  1131:                 moveq   #-1,d1          ; read entire sector
                            	  1132:                 sys     ReadSector
02:00000CE4 4E47            	     1M                 trap    #ReadSector
02:00000CE6 4A40            	  1133:                 tst     d0
02:00000CE8 6600008A        	  1134:                 bne     .error
                            	  1135:         ; read backwards, since the values need to be byte-swapped
02:00000CEC 41EF0018        	  1136:                 lea.l   24(sp),a0
02:00000CF0 43F900E00018    	  1137:                 lea.l   FATSIZE,a1
02:00000CF6 12E0            	  1138:                 move.b  -(a0),(a1)+     ; Logical sectors per FAT
02:00000CF8 12E0            	  1139:                 move.b  -(a0),(a1)+
02:00000CFA 5748            	  1140:                 subq    #3,a0
02:00000CFC 12E0            	  1141:                 move.b  -(a0),(a1)+     ; Max root directory entries
02:00000CFE 12E0            	  1142:                 move.b  -(a0),(a1)+
02:00000D00 4219            	  1143:                 clr.b   (a1)+           ; Number of FATs
02:00000D02 12E0            	  1144:                 move.b  -(a0),(a1)+
02:00000D04 12E0            	  1145:                 move.b  -(a0),(a1)+     ; Number of reserved logical sectors
02:00000D06 12E0            	  1146:                 move.b  -(a0),(a1)+
02:00000D08 4219            	  1147:                 clr.b   (a1)+           ; Sectors per cluster
02:00000D0A 12E0            	  1148:                 move.b  -(a0),(a1)+
                            	  1149:         ; don't support drives when bytes per sector is not 512
02:00000D0C 1020            	  1150:                 move.b  -(a0),d0
02:00000D0E E148            	  1151:                 lsl.w   #8,d0
02:00000D10 1020            	  1152:                 move.b  -(a0),d0
02:00000D12 B07C0200        	  1153:                 cmp.w   #SECTORSIZE,d0
02:00000D16 665A            	  1154:                 bne     .not512bps
                            	  1155:         ; if max root dir entries is 0, this is a FAT32 partition that we can't read
02:00000D18 4A7900E0001A    	  1156:                 tst.w   MAXRDIRENTS
02:00000D1E 679A            	  1157:                 beq     .notfat16
                            	  1158:         ; copy volume name
02:00000D20 41E80020        	  1159:                 lea.l   32(a0),a0
02:00000D24 43F900E0002E    	  1160:                 lea.l   VOLNAME,a1
02:00000D2A 700A            	  1161:                 moveq   #10,d0          ; 11 characters in volume name
02:00000D2C 12D8            	  1162: .namecopy:      move.b  (a0)+,(a1)+
02:00000D2E 51C8FFFC        	  1163:                 dbra    d0,.namecopy
                            	  1164:         ; compute FAT sector = BPBSECTOR + RSVDSECTORS
02:00000D32 7000            	  1165:                 moveq   #0,d0
02:00000D34 303900E0001E    	  1166:                 move.w  RSVDSECTORS,d0
02:00000D3A D0B900E00014    	  1167:                 add.l   BPBSECTOR,d0
02:00000D40 23C000E00026    	  1168:                 move.l  d0,FATSECTOR
                            	  1169:         ; compute root directory sector = FATSECTOR + FATSIZE*FATCOPIES
02:00000D46 323900E0001C    	  1170:                 move.w  FATCOPIES,d1
02:00000D4C C2F900E00018    	  1171:                 mulu.w  FATSIZE,d1
02:00000D52 D081            	  1172:                 add.l   d1,d0
02:00000D54 23C000E00022    	  1173:                 move.l  d0,RDIRSECTOR
                            	  1174:         ; calculate size of root directory entry in sectors
                            	  1175:         ; (directory entries are 32 bytes and a sector is 512 bytes)
                            	  1176:         ; = (MAXRDIRENTS * 32) / 512 = MAXRDIRENTS / 16 = MAXRDIRENTS >> 4
02:00000D5A 323900E0001A    	  1177:                 move.w  MAXRDIRENTS,d1
02:00000D60 E849            	  1178:                 lsr.w   #4,d1
02:00000D62 48C1            	  1179:                 ext.l   d1
                            	  1180:         ; calculate first data sector = RDIRSECTOR + (MAXDIRENTS >> 4)
02:00000D64 D081            	  1181:                 add.l   d1,d0
02:00000D66 23C000E0002A    	  1182:                 move.l  d0,DATASTART
                            	  1183:                 
02:00000D6C 7000            	  1184:                 moveq   #0,d0
02:00000D6E 4E5E            	  1185: .2:             unlk    a6
02:00000D70 4E75            	  1186:                 rts
02:00000D72 7022            	  1187: .not512bps:     moveq   #FSERR_BPS,d0
02:00000D74 42B900E00010    	  1188: .error:         clr.l   PARTSIZE        ; clear PARTSIZE to indicate drive is not mounted
02:00000D7A 4A40            	  1189:                 tst     d0
02:00000D7C 60F0            	  1190:                 bra     .2
                            	  1191: 
                            	  1192: 
                            	  1193: ; Return a string describing an error code.
                            	  1194: ; Arguments:    D0 - error code
                            	  1195: ; Returns:      A0 - pointer to null-terminated string
                            	  1196: ;               D0 - unmodified
02:00000D7E 7200            	  1197: fs_errorstr:    moveq   #0,d1
02:00000D80 1200            	  1198:                 move.b  d0,d1
02:00000D82 E549            	  1199:                 lsl.w   #2,d1           ; multiply by 4 to get table offset
02:00000D84 41F81828        	  1200:                 lea.l   fserrtable,a0
02:00000D88 20701000        	  1201:                 move.l  (a0,d1.w),a0    ; set Z flag if null ptr
02:00000D8C 4E75            	  1202:                 rts
                            	  1203: 
                            	  1204: 
                            	  1205: ; Begin traversal of the root directory.
                            	  1206: ; Arguments:    A0.L - pointer to uninitialized buffer at least DIRBUFSIZE bytes
                            	  1207: ; Returns:      D0.B - error code, or 0 if successful
                            	  1208: ;               (A0) - initialized directory buffer
                            	  1209: ; note: A0 must be word-aligned
02:00000D8E 4AB900E00010    	  1210: fs_rdirlist:    tst.l   PARTSIZE
02:00000D94 6712            	  1211:                 beq     .notmounted
02:00000D96 30B900E0001A    	  1212:                 move.w  MAXRDIRENTS,(a0)        ; initialize entry counter
02:00000D9C 217900E000220004	  1213:                 move.l  RDIRSECTOR,4(a0)        ; initialize sector number
02:00000DA4 7000            	  1214:                 moveq   #0,d0
02:00000DA6 4E75            	  1215:                 rts
02:00000DA8 7023            	  1216: .notmounted:    moveq   #FSERR_NMOUNTED,d0
02:00000DAA 4E75            	  1217:                 rts
                            	  1218: 
                            	  1219: 
                            	  1220: ; Return the next entry in the directory being traversed.
                            	  1221: ; Arguments:    A0.L - pointer to directory buffer
                            	  1222: ; Returns:      A1.L - pointer to 32-byte directory entry within the buffer
                            	  1223: ;               D0.W - if 0, there are still entries to iterate over
                            	  1224: ;                      if < 0, iteration is complete
                            	  1225: ;                      if > 0, an error occurred
                            	  1226: ;               (A0) - advanced
                            	  1227: ; note: A0 must be word-aligned
02:00000DAC 4A50            	  1228: fs_dirnext:     tst.w   (a0)            ; done with iteration?
02:00000DAE 676A            	  1229:                 beq     .iterdone
                            	  1230:         ; Each sector (512 bytes) holds 16 directory entries.
                            	  1231:         ; Need to load a new sector when lower 4 bits of count are 0.
02:00000DB0 700F            	  1232:                 moveq   #$0F,d0
02:00000DB2 C050            	  1233:                 and.w   (a0),d0
02:00000DB4 6616            	  1234:                 bne     .noload
                            	  1235:         ; Load the sector.
                            	  1236:                 push    a0
                            	     1M         if NARG>1
                            	     2M         fail    multiple args passed to push--use pushm if you want to push multiple registers
                            	     3M         endif
02:00000DB6 2F08            	     4M                 move.l  a0,-(sp)
02:00000DB8 20280004        	  1237:                 move.l  4(a0),d0        ; sector number to d0
02:00000DBC 5088            	  1238:                 lea.l   8(a0),a0        ; buffer address in a0
02:00000DBE 72FF            	  1239:                 moveq   #-1,d1          ; read entire sector
                            	  1240:                 sys     ReadSector
02:00000DC0 4E47            	     1M                 trap    #ReadSector
                            	  1241:                 pop     a0
                            	     1M         if NARG>1
                            	     2M         fail    multiple args passed to pop--use popm if you want to pop multiple registers
                            	     3M         endif
02:00000DC2 205F            	     4M                 move.l  (sp)+,a0
02:00000DC4 4A00            	  1242:                 tst.b   d0              ; check error code
02:00000DC6 6654            	  1243:                 bne     .done
                            	  1244:         ; Advance sector number.
02:00000DC8 52A80004        	  1245:                 addq.l  #1,4(a0)
                            	  1246: .noload:
                            	  1247:         ; Negate lower 4 bits of count to get entry number within sector.
02:00000DCC 4400            	  1248:                 neg.b   d0
02:00000DCE C03C000F        	  1249:                 and.b   #$0F,d0
                            	  1250:         ; Multiply by 32 to get offset within sector.
02:00000DD2 EB48            	  1251:                 lsl.w   #5,d0
                            	  1252:         ; Load effective address of directory entry into A1
02:00000DD4 43F00008        	  1253:                 lea.l   8(a0,d0.w),a1
02:00000DD8 5350            	  1254:                 subq.w  #1,(a0)         ; decrement entry count
02:00000DDA 673E            	  1255:                 beq     .iterdone       ; last entry? return -1
                            	  1256:         ; If the first character of the filename is $00 or $E5, skip this entry
02:00000DDC 4A11            	  1257:                 tst.b   FNAME(a1)
02:00000DDE 67CC            	  1258:                 beq     fs_dirnext
02:00000DE0 0C1100E5        	  1259:                 cmp.b   #$E5,FNAME(a1)
02:00000DE4 67C6            	  1260:                 beq     fs_dirnext
                            	  1261:         ; If the attribute byte is $0F, it's a long filename entry, skip it
02:00000DE6 0C29000F000B    	  1262:                 cmp.b   #$0F,FATTRS(a1)
02:00000DEC 67BE            	  1263:                 beq     fs_dirnext
                            	  1264:         ; If it's a volume label or hidden file, skip it
02:00000DEE 08290001000B    	  1265:                 btst.b  #1,FATTRS(a1)
02:00000DF4 66B6            	  1266:                 bne     fs_dirnext
02:00000DF6 08290003000B    	  1267:                 btst.b  #3,FATTRS(a1)
02:00000DFC 66AE            	  1268:                 bne     fs_dirnext
                            	  1269:         ; It's a valid entry. Byteswap the cluster number and file size.
02:00000DFE 3029001A        	  1270:                 move.w  FCLUSTER(a1),d0      ; cluster number (2 bytes)
02:00000E02 E058            	  1271:                 ror.w   #8,d0
02:00000E04 3340001A        	  1272:                 move.w  d0,FCLUSTER(a1)
02:00000E08 2029001C        	  1273:                 move.l  $1c(a1),d0      ; file size (4 bytes)
02:00000E0C E058            	  1274:                 ror.w   #8,d0
02:00000E0E 4840            	  1275:                 swap    d0
02:00000E10 E058            	  1276:                 ror.w   #8,d0
02:00000E12 2340001C        	  1277:                 move.l  d0,$1c(a1)
02:00000E16 7000            	  1278:                 moveq   #0,d0           ; return 0 to indicate there's more
02:00000E18 4E75            	  1279:                 rts
02:00000E1A 70FF            	  1280: .iterdone:      moveq   #-1,d0
02:00000E1C 4E75            	  1281: .done:          rts
                            	  1282: 
                            	  1283: 
                            	  1284: ; Return the directory entry for the file with the given name.
                            	  1285: ; Arguments:    A0.L - pointer to null-terminated 8.3 filename
                            	  1286: ;               A1.L - 32-byte buffer to copy the directory entry to
                            	  1287: ; Returns:      D0.B - error code (0 on success, nonzero on error)
                            	  1288: ;               A1.L - unmodified
                            	  1289: ; All 11 bytes of the filename must match byte-for-byte.
                            	  1290: ; At least DIRBUFSIZE bytes of stack space are required for the temporary buffer.
                            	  1291: fs_findfile:    pushm   a2-a3
                            	     1M         if NARG>1
                            	     2M         fail    multiple args passed to pushm--did you use a comma instead of a slash?
                            	     3M         endif
02:00000E1E 48E70030        	     4M                 movem.l a2-a3,-(sp)
02:00000E22 2649            	  1292:                 move.l  a1,a3
02:00000E24 4E56FDEC        	  1293:                 link    a6,#-(DIRBUFSIZE+12)    ; 12 extra bytes for filename conversion (only need 11 but sp must stay
                            	  1294:         ; convert a0 to 11-byte encoded filename
02:00000E28 43EF0208        	  1295:                 lea.l   DIRBUFSIZE(sp),a1
02:00000E2C 61000138        	  1296:                 bsr     fname_encode
02:00000E30 6636            	  1297:                 bne     .ret
02:00000E32 2449            	  1298:                 move.l  a1,a2                   ; a2 points to 11-byte encoded filename
02:00000E34 204F            	  1299:                 move.l  sp,a0
                            	  1300:         ; initiate listing
02:00000E36 6100FF56        	  1301:                 bsr     fs_rdirlist
02:00000E3A 662C            	  1302:                 bne     .ret
                            	  1303:         ; iterate over directory entries until we find the file
02:00000E3C 204F            	  1304: .diriter:       move.l  sp,a0           ; directory buffer is at top of stack
02:00000E3E 6100FF6C        	  1305:                 bsr     fs_dirnext
02:00000E42 6B22            	  1306:                 bmi     .notfound       ; bail if we hit the end of the directory
02:00000E44 6622            	  1307:                 bne     .ret            ; bail if there's an error
                            	  1308:         ; a1 points to the directory entry. now compare filenames
                            	  1309:         ; all 11 bytes of name must be byte-for-byte equal
02:00000E46 204A            	  1310:                 move.l  a2,a0
02:00000E48 700A            	  1311:                 moveq   #FNAMELEN-1,d0
02:00000E4A B308            	  1312: .namecmp:       cmpm.b  (a0)+,(a1)+
02:00000E4C 66EE            	  1313:                 bne     .diriter        ; skip if names don't match
02:00000E4E 51C8FFFA        	  1314:                 dbra    d0,.namecmp
                            	  1315:         ; names match! copy the directory entry into the caller's buffer
02:00000E52 43E9FFF5        	  1316:                 lea.l   -FNAMELEN(a1),a1        ; back up to start of directory entry
02:00000E56 701F            	  1317:                 moveq   #DIRENTLEN-1,d0
02:00000E58 16D9            	  1318: .direntcmp:     move.b  (a1)+,(a3)+
02:00000E5A 51C8FFFC        	  1319:                 dbra    d0,.direntcmp
02:00000E5E 43EBFFE0        	  1320:                 lea.l   -DIRENTLEN(a3),a1       ; restore a1
02:00000E62 7000            	  1321:                 moveq   #0,d0
02:00000E64 6002            	  1322:                 bra     .ret
02:00000E66 7024            	  1323: .notfound:      moveq   #FSERR_NOTFOUND,d0
02:00000E68 4E5E            	  1324: .ret:           unlk    a6
                            	  1325:                 popm    a2-a3
                            	     1M         if NARG>1
                            	     2M         fail    multiple args passed to popm--did you use a comma instead of a slash?
                            	     3M         endif
02:00000E6A 4CDF0C00        	     4M                 movem.l (sp)+,a2-a3
02:00000E6E 4E75            	  1326:                 rts
                            	  1327: 
                            	  1328: 
                            	  1329: ; Load one cluster from CF card.
                            	  1330: ; Arguments:    D0.W - cluster number
                            	  1331: ;               D1.L - size of destination memory buffer
                            	  1332: ;               A0.L - destination memory buffer
                            	  1333: ; Returns:      A0.L - points one byte past the last byte written
                            	  1334: ;               D0.B - error code (0 on success, nonzero on error)
                            	  1335: ;               D1.W - bytes left in destination buffer
                            	  1336: ; note: A0 must be word-aligned
                            	  1337: fs_loadcluster: pushm   d2-d3
                            	     1M         if NARG>1
                            	     2M         fail    multiple args passed to pushm--did you use a comma instead of a slash?
                            	     3M         endif
02:00000E70 48E73000        	     4M                 movem.l d2-d3,-(sp)
                            	  1338:         ; check cluster number
02:00000E74 B07CFFF7        	  1339:                 cmp.w   #$FFF7,d0       ; indicates that cluster contains a bad sector
02:00000E78 6736            	  1340:                 beq     .badsector
02:00000E7A B07CFFF0        	  1341:                 cmp.w   #$FFF0,d0       ; $FFF0-$FFFF are invalid
02:00000E7E 6434            	  1342:                 bcc     .invclstr
02:00000E80 5540            	  1343:                 subq    #2,d0           ; $0001 and $0002 are invalid
02:00000E82 6B30            	  1344:                 bmi     .invclstr
                            	  1345:         ; convert cluster number to sector number
02:00000E84 343900E00020    	  1346:                 move.w  CLUSTERSIZE,d2
02:00000E8A C0C2            	  1347:                 mulu    d2,d0           ; multiply by number of sectors per cluster
02:00000E8C D0B900E0002A    	  1348:                 add.l   DATASTART,d0    ; add to first sector of data region
                            	  1349:         ; initialize counter with number of sectors per cluster
02:00000E92 2600            	  1350:                 move.l  d0,d3           ; save cluster number
02:00000E94 5342            	  1351:                 subq    #1,d2           ; subtract 1 for dbra
                            	  1352:         ; read sector
                            	  1353: .readloop:      sys     ReadSector
02:00000E96 4E47            	     1M                 trap    #ReadSector
02:00000E98 4A00            	  1354:                 tst.b   d0
02:00000E9A 660E            	  1355:                 bne     .error
                            	  1356:         ; stop if the buffer is full
02:00000E9C 4A81            	  1357:                 tst.l   d1
02:00000E9E 6708            	  1358:                 beq     .bufferfull
                            	  1359:         ; otherwise, read next sector in cluster
02:00000EA0 5283            	  1360:                 addq.l  #1,d3
02:00000EA2 2003            	  1361:                 move.l  d3,d0
02:00000EA4 51CAFFF0        	  1362:                 dbra    d2,.readloop
                            	  1363:         ; all done
02:00000EA8 7000            	  1364: .bufferfull:    moveq   #0,d0
                            	  1365: .error:         popm    d2-d3
                            	     1M         if NARG>1
                            	     2M         fail    multiple args passed to popm--did you use a comma instead of a slash?
                            	     3M         endif
02:00000EAA 4CDF000C        	     4M                 movem.l (sp)+,d2-d3
02:00000EAE 4E75            	  1366:                 rts
02:00000EB0 7026            	  1367: .badsector:     moveq   #FSERR_BADSECTOR,d0
02:00000EB2 60F6            	  1368:                 bra     .error
02:00000EB4 7025            	  1369: .invclstr:      moveq   #FSERR_INVCLSTR,d0
02:00000EB6 60F2            	  1370:                 bra     .error
                            	  1371: 
                            	  1372: 
                            	  1373: 
                            	  1374: ; Starting at the given cluster, load entire file from CF card.
                            	  1375: ; Arguments:    D0.W - cluster number
                            	  1376: ;               D1.L - size of destination memory buffer
                            	  1377: ;               A0.L - destination memory buffer
                            	  1378: ; Returns:      D0.B - error code (0 on success, nonzero on error)
                            	  1379: ;               A0.L - advanced
                            	  1380: ; note: A0 must be word-aligned
                            	  1381: fs_loadfileat:
02:00000EB8 3F00            	  1382:                 move.w  d0,-(sp)
02:00000EBA 61B4            	  1383:                 bsr     fs_loadcluster
02:00000EBC 6616            	  1384:                 bne     .error
02:00000EBE 4A81            	  1385:                 tst.l   d1      ; stop if buffer has been filled
02:00000EC0 6710            	  1386:                 beq     .done
                            	  1387:         ; look up next cluster in FAT
02:00000EC2 301F            	  1388:                 move.w  (sp)+,d0
02:00000EC4 6112            	  1389:                 bsr     fs_nextcluster
02:00000EC6 6B0C            	  1390:                 bmi     .error  ; msb set if there was an error
                            	  1391:         ; if cluster number >= $FFF8, reached the end
                            	  1392:         ; otherwise, read next cluster
02:00000EC8 B07CFFF8        	  1393:                 cmp.w   #$FFF8,d0
02:00000ECC 65EA            	  1394:                 bcs     fs_loadfileat
                            	  1395:         ; all done
02:00000ECE 7000            	  1396:                 moveq   #0,d0
02:00000ED0 4E75            	  1397:                 rts
02:00000ED2 7000            	  1398: .done:          moveq   #0,d0
02:00000ED4 544F            	  1399: .error:         addq    #2,sp
02:00000ED6 4E75            	  1400:                 rts
                            	  1401: 
                            	  1402: 
                            	  1403: ; Given a cluster number, finds the next cluster in the chain.
                            	  1404: ; Arguments:    D0.W - cluster number
                            	  1405: ; Returns:      D0.L - next cluster number, or error code
                            	  1406: ;                       if MSB of D0.L is 1, error code in D0.B
                            	  1407: ;                       if MSB of D0.L is 0, cluster number in D0.W
                            	  1408: ; A0 and D1 are preserved.
                            	  1409: ; Sectors are 512 bytes, so there are 256 FAT entries per cluster.
                            	  1410: ; Thus, the high byte of D0.W indicates the sector offset to fetch.
                            	  1411: fs_nextcluster: pushm   d1-d2/a0
                            	     1M         if NARG>1
                            	     2M         fail    multiple args passed to pushm--did you use a comma instead of a slash?
                            	     3M         endif
02:00000ED8 48E76080        	     4M                 movem.l d1-d2/a0,-(sp)
02:00000EDC 3400            	  1412:                 move.w  d0,d2
02:00000EDE 223900E00026    	  1413:                 move.l  FATSECTOR,d1    ; get first sector of FAT
02:00000EE4 7000            	  1414:                 moveq   #0,d0
02:00000EE6 3002            	  1415:                 move.w  d2,d0           ; isolate lsb of cluster number
02:00000EE8 E048            	  1416:                 lsr.w   #8,d0
02:00000EEA D081            	  1417:                 add.l   d1,d0           ; add sector offset to FAT offset
                            	  1418:         ; read the appropriate sector of the FAT
02:00000EEC 4E56FE00        	  1419:                 link    a6,#-SECTORSIZE
02:00000EF0 204F            	  1420:                 move.l  sp,a0
02:00000EF2 72FF            	  1421:                 moveq   #-1,d1
                            	  1422:                 sys     ReadSector
02:00000EF4 4E47            	     1M                 trap    #ReadSector
02:00000EF6 4A40            	  1423:                 tst     d0
02:00000EF8 6616            	  1424:                 bne     .error
                            	  1425:         ; bring lsb of cluster number back to d0
02:00000EFA 7000            	  1426:                 moveq   #0,d0
02:00000EFC 1002            	  1427:                 move.b  d2,d0
                            	  1428:         ; table lookup
02:00000EFE D040            	  1429:                 add.w   d0,d0           ; multiply table index by 2 to get byte offset
02:00000F00 30370000        	  1430:                 move.w  (sp,d0.w),d0    ; get next cluster number from FAT
02:00000F04 E058            	  1431:                 ror.w   #8,d0           ; needs to be byteswapped
02:00000F06 4E5E            	  1432: .ret:           unlk    a6
                            	  1433:                 popm    d1-d2/a0
                            	     1M         if NARG>1
                            	     2M         fail    multiple args passed to popm--did you use a comma instead of a slash?
                            	     3M         endif
02:00000F08 4CDF0106        	     4M                 movem.l (sp)+,d1-d2/a0
02:00000F0C 4A80            	  1434:                 tst.l   d0
02:00000F0E 4E75            	  1435:                 rts
02:00000F10 08C0001F        	  1436: .error:         bset.l  #31,d0
02:00000F14 60F0            	  1437:                 bra     .ret
                            	  1438: 
                            	  1439: 
                            	  1440: ; Load the full contents of the named file from the CF card into memory.
                            	  1441: ; Arguments:    D0.L - size of destination memory buffer (-1 to load entire file)
                            	  1442: ;               A0.L - pointer to null-terminated 8.3 filename
                            	  1443: ;               A1.L - destination memory buffer
                            	  1444: ; Returns:      D0.B - error code (0 on success, nonzero on error)
                            	  1445: ;               D1.L - number of bytes read
                            	  1446: ;               A0.L - pointer to beginning of destination memory buffer (orig. value of A1)
                            	  1447: ; Will return an error if the named file is a directory.
                            	  1448: fs_loadfile:    pushm   d0/a1           ; save buffer size and address
                            	     1M         if NARG>1
                            	     2M         fail    multiple args passed to pushm--did you use a comma instead of a slash?
                            	     3M         endif
02:00000F16 48E78040        	     4M                 movem.l d0/a1,-(sp)
02:00000F1A 4E56FFE0        	  1449:                 link    a6,#-DIRENTLEN  ; allocate buffer for directory entry
02:00000F1E 224F            	  1450:                 move.l  sp,a1
02:00000F20 6100FEFC        	  1451:                 bsr     fs_findfile
02:00000F24 662C            	  1452:                 bne     .finderror
02:00000F26 08290004000B    	  1453:                 btst.b  #4,FATTRS(a1)   ; is it a directory? can't load it.
02:00000F2C 662A            	  1454:                 bne     .isdir
02:00000F2E 3029001A        	  1455:                 move.w  FCLUSTER(a1),d0 ; get cluster number
02:00000F32 2229001C        	  1456:                 move.l  FSIZE(a1),d1    ; get file size
02:00000F36 6724            	  1457:                 beq     .emptyfile
02:00000F38 4E5E            	  1458:                 unlk    a6              ; discard directory entry
02:00000F3A B297            	  1459:                 cmp.l   (sp),d1         ; take minimum of buffer size and file size
02:00000F3C 6402            	  1460:                 bcc     .1
02:00000F3E 2E81            	  1461:                 move.l  d1,(sp)
                            	  1462: .1:             pop     d1              ; pop buffer size
                            	     1M         if NARG>1
                            	     2M         fail    multiple args passed to pop--use popm if you want to pop multiple registers
                            	     3M         endif
02:00000F40 221F            	     4M                 move.l  (sp)+,d1
02:00000F42 2057            	  1463:                 move.l  (sp),a0         ; get buffer address, but keep on stack
02:00000F44 6100FF72        	  1464:                 bsr     fs_loadfileat   ; load the file!
02:00000F48 91D7            	  1465:                 sub.l   (sp),a0         ; compute number of bytes read
02:00000F4A 2208            	  1466:                 move.l  a0,d1           ; and move to return value in d1
                            	  1467:                 pop     a0              ; bring back original buffer address
                            	     1M         if NARG>1
                            	     2M         fail    multiple args passed to pop--use popm if you want to pop multiple registers
                            	     3M         endif
02:00000F4C 205F            	     4M                 move.l  (sp)+,a0
02:00000F4E 4A00            	  1468:                 tst.b   d0
02:00000F50 4E75            	  1469:                 rts
02:00000F52 4E5E            	  1470: .finderror:     unlk    a6
02:00000F54 504F            	  1471:                 addq    #8,sp
02:00000F56 4E75            	  1472:                 rts
02:00000F58 7028            	  1473: .isdir:         moveq   #FSERR_ISDIR,d0
02:00000F5A 60F6            	  1474:                 bra     .finderror
                            	  1475:         ; return early if the file size is 0. an empty file has a cluster number
                            	  1476:         ; of zero, which will make fs_loadfileat report an invalid cluster.
                            	  1477:         ; instead, return successfully.
02:00000F5C 4E5E            	  1478: .emptyfile:     unlk    a6
                            	  1479:                 popm    d0/a1
                            	     1M         if NARG>1
                            	     2M         fail    multiple args passed to popm--did you use a comma instead of a slash?
                            	     3M         endif
02:00000F5E 4CDF0201        	     4M                 movem.l (sp)+,d0/a1
02:00000F62 7000            	  1480:                 moveq   #0,d0
02:00000F64 4E75            	  1481:                 rts
                            	  1482: 
                            	  1483: 
                            	  1484: ; Convert a "human-readable" filename to the 11-byte encoded filename string
                            	  1485: ; used in FAT16 directory entries. (e.g. "myfile.txt" -> "MYFILE  TXT").
                            	  1486: ; - lowercase ASCII characters converted to uppercase
                            	  1487: ; - filename padded to 8 characters and extension padded to 3 characters with spaces
                            	  1488: ; - period separating filename and extension is stripped out
                            	  1489: ; - aborts if input filename contains invalid characters
                            	  1490: ; Arguments:    A0.L - pointer to null-terminated input filename
                            	  1491: ;               A1.L - buffer where 11-byte encoded filename will be written to
                            	  1492: ; Returns:      D0.B - error code, or 0 if filename is valid
                            	  1493: ;               (A1) - if successful, populated with encoded filename
                            	  1494: ; The buffers pointed to by A0 and A1 should NOT overlap.
                            	  1495: fname_encode:   pushm   a0-a1
                            	     1M         if NARG>1
                            	     2M         fail    multiple args passed to pushm--did you use a comma instead of a slash?
                            	     3M         endif
02:00000F66 48E700C0        	     4M                 movem.l a0-a1,-(sp)
                            	  1496:         ; start by filling the destination with spaces
02:00000F6A 700A            	  1497:                 moveq   #FNAMELEN-1,d0
02:00000F6C 7220            	  1498:                 moveq   #$20,d1
02:00000F6E 12C1            	  1499: .1:             move.b  d1,(a1)+
02:00000F70 51C8FFFC        	  1500:                 dbra    d0,.1
02:00000F74 43E9FFF5        	  1501:                 lea.l   -FNAMELEN(a1),a1
                            	  1502:         ; the empty string isn't a valid filename
02:00000F78 4A10            	  1503:                 tst.b   (a0)
02:00000F7A 6748            	  1504:                 beq     .invalid
                            	  1505:         ; populate filename
02:00000F7C 7200            	  1506:                 moveq   #0,d1
02:00000F7E 7007            	  1507: .filename:      moveq   #7,d0
02:00000F80 1218            	  1508: .fnameloop:     move.b  (a0)+,d1
02:00000F82 6738            	  1509:                 beq     .done           ; stop if we hit the null terminator
02:00000F84 B23C002E        	  1510:                 cmp.b   #'.',d1         ; if it's a period, jump to the extension
02:00000F88 6716            	  1511:                 beq     .extension
02:00000F8A 123B103C        	  1512:                 move.b  (validchartable,pc,d1.w),d1     ; case-convert and check for validity
02:00000F8E 6734            	  1513:                 beq     .invalid        ; if table entry is 0, character isn't allowed
02:00000F90 12C1            	  1514:                 move.b  d1,(a1)+        ; character is valid, store it
02:00000F92 51C8FFEC        	  1515:                 dbra    d0,.fnameloop
                            	  1516:         ; all 8 chars of filename have been populated--if next char in the
                            	  1517:         ; input string is not 0 or '.', the filename is invalid
02:00000F96 4A10            	  1518:                 tst.b   (a0)
02:00000F98 6722            	  1519:                 beq     .done
02:00000F9A 0C18002E        	  1520:                 cmp.b   #'.',(a0)+
02:00000F9E 6624            	  1521:                 bne     .invalid
                            	  1522:         ; populate extension
02:00000FA0 226F0004        	  1523: .extension:     move.l  4(sp),a1        ; grab pointer to start of dest buffer
02:00000FA4 5049            	  1524:                 addq    #8,a1           ; advance 8 bytes to start of extension
02:00000FA6 7002            	  1525:                 moveq   #2,d0
02:00000FA8 1218            	  1526: .extloop:       move.b  (a0)+,d1
02:00000FAA 6710            	  1527:                 beq     .done           ; stop if we hit the null terminator
02:00000FAC 123B101A        	  1528:                 move.b  (validchartable,pc,d1.w),d1     ; case-convert and check for validity
02:00000FB0 6712            	  1529:                 beq     .invalid        ; if table entry is 0, character isn't allowed
02:00000FB2 12C1            	  1530:                 move.b  d1,(a1)+        ; character is valid, store it
02:00000FB4 51C8FFF2        	  1531:                 dbra    d0,.extloop
                            	  1532:         ; all 3 chars of extension have been populated--if next char in the
                            	  1533:         ; input string is not 0, the filename is invalid
02:00000FB8 4A10            	  1534:                 tst.b   (a0)
02:00000FBA 6608            	  1535:                 bne     .invalid
                            	  1536:         ; filename is valid!
02:00000FBC 7000            	  1537: .done:          moveq   #0,d0
                            	  1538: .ret:           popm    a0-a1
                            	     1M         if NARG>1
                            	     2M         fail    multiple args passed to popm--did you use a comma instead of a slash?
                            	     3M         endif
02:00000FBE 4CDF0300        	     4M                 movem.l (sp)+,a0-a1
02:00000FC2 4E75            	  1539:                 rts
02:00000FC4 7027            	  1540: .invalid:       moveq   #FSERR_INVNAME,d0
02:00000FC6 60F6            	  1541:                 bra     .ret
                            	  1542: 
                            	  1543: validchartable:
                            	  1544: ;                       x0  x1  x2  x3  x4  x5  x6  x7  x8  x9  xA  xB  xC  xD  xE  xF
02:00000FC8 00              	  1545:                 dc.b    0,  0,  0,  0,  0,  0,  0,  0,  0,  0,  0,  0,  0,  0,  0,  0
02:00000FC9 00
02:00000FCA 00
02:00000FCB 00
02:00000FCC 00
02:00000FCD 00
02:00000FCE 00
02:00000FCF 00
02:00000FD0 00
02:00000FD1 00
02:00000FD2 00
02:00000FD3 00
02:00000FD4 00
02:00000FD5 00
02:00000FD6 00
02:00000FD7 00
02:00000FD8 00              	  1546:                 dc.b    0,  0,  0,  0,  0,  0,  0,  0,  0,  0,  0,  0,  0,  0,  0,  0
02:00000FD9 00
02:00000FDA 00
02:00000FDB 00
02:00000FDC 00
02:00000FDD 00
02:00000FDE 00
02:00000FDF 00
02:00000FE0 00
02:00000FE1 00
02:00000FE2 00
02:00000FE3 00
02:00000FE4 00
02:00000FE5 00
02:00000FE6 00
02:00000FE7 00
02:00000FE8 00              	  1547:                 dc.b    0,  '!',0,  '#','$','%','&',$27,'(',')',0,  0,  0,  '-',0,  0
02:00000FE9 21
02:00000FEA 00
02:00000FEB 23
02:00000FEC 24
02:00000FED 25
02:00000FEE 26
02:00000FEF 27
02:00000FF0 28
02:00000FF1 29
02:00000FF2 00
02:00000FF3 00
02:00000FF4 00
02:00000FF5 2D
02:00000FF6 00
02:00000FF7 00
02:00000FF8 30              	  1548:                 dc.b    '0','1','2','3','4','5','6','7','8','9',0,  0,  0,  0,  0,  0
02:00000FF9 31
02:00000FFA 32
02:00000FFB 33
02:00000FFC 34
02:00000FFD 35
02:00000FFE 36
02:00000FFF 37
02:00001000 38
02:00001001 39
02:00001002 00
02:00001003 00
02:00001004 00
02:00001005 00
02:00001006 00
02:00001007 00
02:00001008 40              	  1549:                 dc.b    '@','A','B','C','D','E','F','G','H','I','J','K','L','M','N','O'
02:00001009 41
02:0000100A 42
02:0000100B 43
02:0000100C 44
02:0000100D 45
02:0000100E 46
02:0000100F 47
02:00001010 48
02:00001011 49
02:00001012 4A
02:00001013 4B
02:00001014 4C
02:00001015 4D
02:00001016 4E
02:00001017 4F
02:00001018 50              	  1550:                 dc.b    'P','Q','R','S','T','U','V','W','X','Y','Z',0,  0,  0,  '^','_'
02:00001019 51
02:0000101A 52
02:0000101B 53
02:0000101C 54
02:0000101D 55
02:0000101E 56
02:0000101F 57
02:00001020 58
02:00001021 59
02:00001022 5A
02:00001023 00
02:00001024 00
02:00001025 00
02:00001026 5E
02:00001027 5F
02:00001028 60              	  1551:                 dc.b    '`','A','B','C','D','E','F','G','H','I','J','K','L','M','N','O'
02:00001029 41
02:0000102A 42
02:0000102B 43
02:0000102C 44
02:0000102D 45
02:0000102E 46
02:0000102F 47
02:00001030 48
02:00001031 49
02:00001032 4A
02:00001033 4B
02:00001034 4C
02:00001035 4D
02:00001036 4E
02:00001037 4F
02:00001038 50              	  1552:                 dc.b    'P','Q','R','S','T','U','V','W','X','Y','Z','{',0,  '}','~',0
02:00001039 51
02:0000103A 52
02:0000103B 53
02:0000103C 54
02:0000103D 55
02:0000103E 56
02:0000103F 57
02:00001040 58
02:00001041 59
02:00001042 5A
02:00001043 7B
02:00001044 00
02:00001045 7D
02:00001046 7E
02:00001047 00
02:00001048 80              	  1553:                 dc.b    $80,$81,$82,$83,$84,$85,$86,$87,$88,$89,$8A,$8B,$8C,$8D,$8E,$8F
02:00001049 81
02:0000104A 82
02:0000104B 83
02:0000104C 84
02:0000104D 85
02:0000104E 86
02:0000104F 87
02:00001050 88
02:00001051 89
02:00001052 8A
02:00001053 8B
02:00001054 8C
02:00001055 8D
02:00001056 8E
02:00001057 8F
02:00001058 90              	  1554:                 dc.b    $90,$91,$92,$93,$94,$95,$96,$97,$98,$99,$9A,$9B,$9C,$9D,$9E,$9F
02:00001059 91
02:0000105A 92
02:0000105B 93
02:0000105C 94
02:0000105D 95
02:0000105E 96
02:0000105F 97
02:00001060 98
02:00001061 99
02:00001062 9A
02:00001063 9B
02:00001064 9C
02:00001065 9D
02:00001066 9E
02:00001067 9F
02:00001068 A0              	  1555:                 dc.b    $A0,$A1,$A2,$A3,$A4,$A5,$A6,$A7,$A8,$A9,$AA,$AB,$AC,$AD,$AE,$AF
02:00001069 A1
02:0000106A A2
02:0000106B A3
02:0000106C A4
02:0000106D A5
02:0000106E A6
02:0000106F A7
02:00001070 A8
02:00001071 A9
02:00001072 AA
02:00001073 AB
02:00001074 AC
02:00001075 AD
02:00001076 AE
02:00001077 AF
02:00001078 B0              	  1556:                 dc.b    $B0,$B1,$B2,$B3,$B4,$B5,$B6,$B7,$B8,$B9,$BA,$BB,$BC,$BD,$BE,$BF
02:00001079 B1
02:0000107A B2
02:0000107B B3
02:0000107C B4
02:0000107D B5
02:0000107E B6
02:0000107F B7
02:00001080 B8
02:00001081 B9
02:00001082 BA
02:00001083 BB
02:00001084 BC
02:00001085 BD
02:00001086 BE
02:00001087 BF
02:00001088 C0              	  1557:                 dc.b    $C0,$C1,$C2,$C3,$C4,$C5,$C6,$C7,$C8,$C9,$CA,$CB,$CC,$CD,$CE,$CF
02:00001089 C1
02:0000108A C2
02:0000108B C3
02:0000108C C4
02:0000108D C5
02:0000108E C6
02:0000108F C7
02:00001090 C8
02:00001091 C9
02:00001092 CA
02:00001093 CB
02:00001094 CC
02:00001095 CD
02:00001096 CE
02:00001097 CF
02:00001098 D0              	  1558:                 dc.b    $D0,$D1,$D2,$D3,$D4,$D5,$D6,$D7,$D8,$D9,$DA,$DB,$DC,$DD,$DE,$DF
02:00001099 D1
02:0000109A D2
02:0000109B D3
02:0000109C D4
02:0000109D D5
02:0000109E D6
02:0000109F D7
02:000010A0 D8
02:000010A1 D9
02:000010A2 DA
02:000010A3 DB
02:000010A4 DC
02:000010A5 DD
02:000010A6 DE
02:000010A7 DF
02:000010A8 E0              	  1559:                 dc.b    $E0,$E1,$E2,$E3,$E4,0,  $E6,$E7,$E8,$E9,$EA,$EB,$EC,$ED,$EE,$EF
02:000010A9 E1
02:000010AA E2
02:000010AB E3
02:000010AC E4
02:000010AD 00
02:000010AE E6
02:000010AF E7
02:000010B0 E8
02:000010B1 E9
02:000010B2 EA
02:000010B3 EB
02:000010B4 EC
02:000010B5 ED
02:000010B6 EE
02:000010B7 EF
02:000010B8 F0              	  1560:                 dc.b    $F0,$F1,$F2,$F3,$F4,$F5,$F6,$F7,$F8,$F9,$FA,$FB,$FC,$FD,$FE,$FF
02:000010B9 F1
02:000010BA F2
02:000010BB F3
02:000010BC F4
02:000010BD F5
02:000010BE F6
02:000010BF F7
02:000010C0 F8
02:000010C1 F9
02:000010C2 FA
02:000010C3 FB
02:000010C4 FC
02:000010C5 FD
02:000010C6 FE
02:000010C7 FF
                            	  1561: 
                            	  1562: 
                            	  1563: 
                            	  1564: ; Convert a FAT16-encoded 11-byte filename to a "human-readable" representation.
                            	  1565: ; - space-padding in filename and extension removed, period added
                            	  1566: ; - null-terminator added
                            	  1567: ; Arguments:    A0.L - pointer to 11-byte encoded filename
                            	  1568: ;               A1.L - buffer where output filename will be written
                            	  1569: ; Returns:      (A1) - populated with decoded filename
                            	  1570: ; The buffers pointed to by A0 and A1 should NOT overlap.
                            	  1571: fname_decode:   pushm   a0-a1
                            	     1M         if NARG>1
                            	     2M         fail    multiple args passed to pushm--did you use a comma instead of a slash?
                            	     3M         endif
02:000010C8 48E700C0        	     4M                 movem.l a0-a1,-(sp)
                            	  1572:         ; skip trailing spaces in the filename portion
02:000010CC 5048            	  1573:                 addq    #8,a0
02:000010CE 7220            	  1574:                 moveq   #$20,d1
02:000010D0 7007            	  1575:                 moveq   #7,d0
02:000010D2 B220            	  1576: .1:             cmp.b   -(a0),d1
02:000010D4 6606            	  1577:                 bne     .2
02:000010D6 51C8FFFA        	  1578:                 dbra    d0,.1
                            	  1579:         ; filename portion was blank
02:000010DA 6008            	  1580:                 bra     .extension
                            	  1581: .2:     ; filename portion was not blank
02:000010DC 2057            	  1582:                 move.l  (sp),a0         ; bring back pointer to start of filename
02:000010DE 12D8            	  1583: .3:             move.b  (a0)+,(a1)+     ; copy filename to output buffer
02:000010E0 51C8FFFC        	  1584:                 dbra    d0,.3
                            	  1585: .extension:
                            	  1586:         ; check the file extension, if it's not blank, add a period
02:000010E4 2057            	  1587:                 move.l  (sp),a0         ; bring back pointer to start of filename
02:000010E6 41E8000B        	  1588:                 lea.l   FNAMELEN(a0),a0 ; advance to end of extension
02:000010EA 7220            	  1589:                 moveq   #$20,d1
02:000010EC 7002            	  1590:                 moveq   #2,d0
02:000010EE B220            	  1591: .4:             cmp.b   -(a0),d1
02:000010F0 6606            	  1592:                 bne     .5
02:000010F2 51C8FFFA        	  1593:                 dbra    d0,.4
                            	  1594:         ; extension was blank, don't add a period
02:000010F6 600E            	  1595:                 bra     .done
                            	  1596:         ; add the separating period
02:000010F8 12FC002E        	  1597: .5:             move.b  #'.',(a1)+
02:000010FC 2057            	  1598:                 move.l  (sp),a0         ; bring back pointer to start of filename
02:000010FE 5048            	  1599:                 addq    #8,a0           ; advance to start of extension
02:00001100 12D8            	  1600: .6:             move.b  (a0)+,(a1)+     ; copy extension to output buffer
02:00001102 51C8FFFC        	  1601:                 dbra    d0,.6
                            	  1602:         ; null-terminate
02:00001106 12FC0000        	  1603: .done:          move.b  #0,(a1)+
                            	  1604:                 popm    a0-a1
                            	     1M         if NARG>1
                            	     2M         fail    multiple args passed to popm--did you use a comma instead of a slash?
                            	     3M         endif
02:0000110A 4CDF0300        	     4M                 movem.l (sp)+,a0-a1
02:0000110E 4E75            	  1605:                 rts
                            	  1606: 
                            	  1607: 
                            	  1608: 
                            	  1609: ;-------------------------------------------------------------------------------
                            	  1610: ; Bit-banged SPI interface.
                            	  1611: ;-------------------------------------------------------------------------------
                            	  1612: 
                            	  1613: ; Start a SPI transfer by asserting chip select.
                            	  1614: ; Arguments:    none
                            	  1615: ; Returns:      none
02:00001110 43F900A00008    	  1616: spi_startxfer:  lea.l   UART+MCR,a1
02:00001116 08910002        	  1617:                 bclr.b  #MCR_CLK,(a1)   ; clock starts high
02:0000111A 08D10003        	  1618:                 bset.b  #MCR_nSS,(a1)   ; chip select asserted
02:0000111E 4E75            	  1619:                 rts
                            	  1620: 
                            	  1621: ; End a SPI transfer by de-asserting chip select.
                            	  1622: ; Arguments:    none
                            	  1623: ; Returns:      none
02:00001120 43F900A00008    	  1624: spi_endxfer:    lea.l   UART+MCR,a1
02:00001126 08910003        	  1625:                 bclr.b  #MCR_nSS,(a1)   ; chip select deasserted
02:0000112A 4E75            	  1626:                 rts
                            	  1627: 
                            	  1628: ; Perform a 1-byte SPI data transfer.
                            	  1629: ; Arguments:    d0.b - data byte to shift out
                            	  1630: ; Returns:      d0.b - data byte shifted in
                            	  1631: spi_shiftbyte:  push    d2
                            	     1M         if NARG>1
                            	     2M         fail    multiple args passed to push--use pushm if you want to push multiple registers
                            	     3M         endif
02:0000112C 2F02            	     4M                 move.l  d2,-(sp)
02:0000112E 43F900A00008    	  1632:                 lea.l   UART+MCR,a1
02:00001134 1411            	  1633:                 move.b  (a1),d2         ; use d2 as a temporary for MCR write operations
02:00001136 E20A            	  1634:                 lsr.b   #1,d2           ; delete bit 0 so we can shift our COPI bit in
02:00001138 4600            	  1635:                 not.b   d0              ; invert data byte to match MCR's inverted polarity
02:0000113A 7207            	  1636:                 moveq   #7,d1           ; eight bits
02:0000113C E310            	  1637: .bitloop:       roxl.b  #1,d0                   ; get data bit to send
02:0000113E E312            	  1638:                 roxl.b  #1,d2                   ; and rotate it into the COPI bit
02:00001140 5802            	  1639:                 addq.b  #(1<<MCR_CLK),d2        ; clock falling edge
02:00001142 1282            	  1640:                 move.b  d2,(a1)
02:00001144 5902            	  1641:                 subq.b  #(1<<MCR_CLK),d2        ; clock rising edge
02:00001146 1282            	  1642:                 move.b  d2,(a1)
02:00001148 E20A            	  1643:                 lsr.b   #1,d2           ; delete old COPI bit value
02:0000114A 4842            	  1644:                 swap    d2
02:0000114C 14290004        	  1645:                 move.b  4(a1),d2        ; read CIPO bit from MSR (2 words past MCR)
02:00001150 E30A            	  1646:                 lsl.b   #1,d2           ; rotate CIPO bit into X flag
02:00001152 4842            	  1647:                 swap    d2
02:00001154 51C9FFE6        	  1648:                 dbra    d1,.bitloop
02:00001158 E310            	  1649:                 roxl.b  #1,d0           ; rotate in the last bit received
02:0000115A 4600            	  1650:                 not.b   d0              ; invert CIPO bits
                            	  1651:                 pop     d2
                            	     1M         if NARG>1
                            	     2M         fail    multiple args passed to pop--use popm if you want to pop multiple registers
                            	     3M         endif
02:0000115C 241F            	     4M                 move.l  (sp)+,d2
02:0000115E 4E75            	  1652:                 rts
                            	  1653: 
                            	  1654: printtime:      sys     GetDateTime
02:00001160 4E4B            	     1M                 trap    #GetDateTime
02:00001162 4A80            	  1655:                 tst.l   d0
02:00001164 6B18            	  1656:                 bmi     .timenotset
02:00001166 670E            	  1657:                 beq     .no_rtc
02:00001168 41F8165A        	  1658:                 lea.l   fmt_date,a0
02:0000116C 48E7C000        	  1659:                 movem.l d0-d1,-(sp)
                            	  1660:                 sys     OutFmt
02:00001170 4E44            	     1M                 trap    #OutFmt
02:00001172 504F            	  1661:                 addq    #8,sp
02:00001174 4E75            	  1662:                 rts
                            	  1663: 
02:00001176 41F81667        	  1664: .no_rtc:        lea.l   str_noclock,a0
                            	  1665:                 sys     OutStr
02:0000117A 4E43            	     1M                 trap    #OutStr
02:0000117C 4E75            	  1666:                 rts
02:0000117E 41F81684        	  1667: .timenotset:    lea.l   str_timenotset,a0
                            	  1668:                 sys     OutStr
02:00001182 4E43            	     1M                 trap    #OutStr
02:00001184 4E75            	  1669:                 rts
                            	  1670: 
                            	  1671: ;-------------------------------------------------------------------------------
                            	  1672: ; Serial I/O
                            	  1673: ;-------------------------------------------------------------------------------
02:00001186 43F900A00000    	  1674: uart_outchar:   lea.l   UART,a1
                            	  1675:                 tx_char d0,a1
                            	     1M                 tx_wait a1
02:0000118C 08290005000A    	     1M .t_000099:          btst.b  #5,LSR(a1)
02:00001192 67F8            	     2M                 beq     .t_000099
02:00001194 1280            	     2M                 move.b  d0,THR(a1)
02:00001196 4E75            	  1676:                 rts
                            	  1677: 
02:00001198 43F900A00000    	  1678: uart_inchar:    lea.l   UART,a1
02:0000119E 08290000000A    	  1679: .uartin1:             btst.b  #0,LSR(a1)      ; char received?
02:000011A4 67F8            	  1680:                 beq     .uartin1
02:000011A6 1011            	  1681:                 move.b  RHR(a1),d0      ; receive character
02:000011A8 4E75            	  1682:                 rts
                            	  1683: 
                            	  1684: ;-------------------------------------------------------------------------------
                            	  1685: ; Serial loader. Entered by UART interrupt
                            	  1686: ;-------------------------------------------------------------------------------
                            	  1687: ; Enter serial loader
                            	  1688: VEC_AUTOVEC1:
02:000011AA 43F900A00000    	  1689:                 lea.l   UART,a1
02:000011B0 08290004000A    	  1690:                 btst.b  #4,LSR(a1)      ; was this a break interrupt?
02:000011B6 6602            	  1691:                 bne     .1              ; if not, just return
02:000011B8 4E73            	  1692:                 rte
                            	  1693: ; wait for the break condition to deassert
02:000011BA 08290004000A    	  1694: .1:             btst.b  #4,LSR(a1)
02:000011C0 66F8            	  1695:                 bne     .1
                            	  1696: ; the break stuffs a zero byte into the fifo, remove it
02:000011C2 1011            	  1697:                 move.b  RHR(a1),d0
                            	  1698: ; acknowledge with 'U'
                            	  1699:                 tx_wait a1
02:000011C4 08290005000A    	     1M .t_000100:          btst.b  #5,LSR(a1)
02:000011CA 67F8            	     2M                 beq     .t_000100
02:000011CC 12BC0055        	  1700:                 move.b  #'U',THR(a1)
                            	  1701: ; now we're in the loader
02:000011D0 41F900E00100    	  1702:                 lea.l   APPMEMSTART,a0  ; starting RAM address
02:000011D6 7200            	  1703:                 moveq   #0,d1           ; byte counter
                            	  1704: ; receive characters in a loop and write them to RAM
02:000011D8 1029000A        	  1705: .byteloop:      move.b  LSR(a1),d0      ; wait for a character or a break from host
02:000011DC 08000004        	  1706:                 btst.l  #4,d0           ; break received?
02:000011E0 6614            	  1707:                 bne     .done           ; done with transfer
02:000011E2 08000000        	  1708:                 btst.l  #0,d0           ; character received?
02:000011E6 67F0            	  1709:                 beq     .byteloop
02:000011E8 10D1            	  1710:                 move.b  RHR(a1),(a0)+   ; receive byte and write to RAM
02:000011EA 5201            	  1711:                 addq.b  #1,d1           ; increment byte count
02:000011EC 66EA            	  1712:                 bne     .byteloop
02:000011EE 086900010008    	  1713:                 bchg.b  #MCR_LED,MCR(a1) ; flash LED every 256 bytes (each time byte count lsb is zero)
02:000011F4 60E2            	  1714:                 bra     .byteloop
                            	  1715: .done:
                            	  1716: ; wait for the break condition to deassert
02:000011F6 08290004000A    	  1717: .2:             btst.b  #4,LSR(a1)
02:000011FC 66F8            	  1718:                 bne     .2
                            	  1719: ; the break stuffs a zero byte into the fifo, remove it
02:000011FE 1011            	  1720:                 move.b  RHR(a1),d0
                            	  1721: ; turn off LED and jump to application
02:00001200 08A900010008    	  1722: launchapp:      bclr.b  #MCR_LED,MCR(a1)
02:00001206 7000            	  1723:                 moveq   #0,d0           ; zero all registers
02:00001208 2200            	  1724:                 move.l  d0,d1
02:0000120A 2400            	  1725:                 move.l  d0,d2
02:0000120C 2600            	  1726:                 move.l  d0,d3
02:0000120E 2800            	  1727:                 move.l  d0,d4
02:00001210 2A00            	  1728:                 move.l  d0,d5
02:00001212 2C00            	  1729:                 move.l  d0,d6
02:00001214 2E00            	  1730:                 move.l  d0,d7
02:00001216 2040            	  1731:                 move.l  d0,a0
02:00001218 2240            	  1732:                 move.l  d0,a1
02:0000121A 2440            	  1733:                 move.l  d0,a2
02:0000121C 2640            	  1734:                 move.l  d0,a3
02:0000121E 2840            	  1735:                 move.l  d0,a4
02:00001220 2A40            	  1736:                 move.l  d0,a5
02:00001222 2C40            	  1737:                 move.l  d0,a6
02:00001224 2E7C00F00000    	  1738:                 move.l  #INITIAL_SP,sp  ; reset stack pointer
02:0000122A 46FC2000        	  1739:                 move.w  #$2000,sr       ; enable interrupts
02:0000122E 4EF900E00100    	  1740:                 jmp     APPMEMSTART     ; begin execution from RAM
                            	  1741: 
                            	  1742: 
                            	  1743: 
                            	  1744: ; Arg 0: exception name (string)
                            	  1745: ; Arg 1: exception group (0, 1, or 2. see Table 5-3 "Exception Grouping and Priority")
                            	  1746: vecstub         macro
                            	  1747:                 movem.l d0-d7/a0-a7,-(sp)       ; stack all the registers
                            	  1748:                 lea.l   (.str,pc),a0
                            	  1749:                 bra     crash
                            	  1750:         .str:   dc.w    $0A2A
                            	  1751:                 asciz   \1
                            	  1752:                 even
                            	  1753:                 endm
                            	  1754: 
                            	  1755: g0stub          macro
                            	  1756:                 movem.l d0-d7/a0-a7,-(sp)       ; stack all the registers
                            	  1757:                 lea.l   (.str,pc),a0
                            	  1758:                 bra     grp0_crash
                            	  1759:         .str:   dc.w    $0A2A
                            	  1760:                 asciz   \1
                            	  1761:                 even
                            	  1762:                 endm
                            	  1763: 
                            	  1764: VEC_BUSFAULT:   g0stub  "BUS FAULT"
02:00001234 48E7FFFF        	     1M                 movem.l d0-d7/a0-a7,-(sp)       ; stack all the registers
02:00001238 41FA0006        	     2M                 lea.l   (.str,pc),a0
02:0000123C 60000236        	     3M                 bra     grp0_crash
02:00001240 0A2A            	     4M         .str:   dc.w    $0A2A
                            	     5M                 asciz   "BUS FAULT"
                            	     1M                 rept    1
                            	     2M                 dc.b    \+
                            	     3M                 endr
02:00001242 425553204641554C	     1M                 dc.b    "BUS FAULT"
02:0000124A 54
                            	     2M                 
02:0000124B 00              	     4M                 dc.b    0
                            	     5M                 even
                            	     6M                 even
                            	  1765: VEC_ADRERROR:   g0stub  "ADDRESS ERROR"
02:0000124C 48E7FFFF        	     1M                 movem.l d0-d7/a0-a7,-(sp)       ; stack all the registers
02:00001250 41FA0006        	     2M                 lea.l   (.str,pc),a0
02:00001254 6000021E        	     3M                 bra     grp0_crash
02:00001258 0A2A            	     4M         .str:   dc.w    $0A2A
                            	     5M                 asciz   "ADDRESS ERROR"
                            	     1M                 rept    1
                            	     2M                 dc.b    \+
                            	     3M                 endr
02:0000125A 4144445245535320	     1M                 dc.b    "ADDRESS ERROR"
02:00001262 4552524F52
                            	     2M                 
02:00001267 00              	     4M                 dc.b    0
                            	     5M                 even
                            	     6M                 even
                            	  1766: VEC_ILLINSTR:   vecstub "ILLEGAL INSTRUCTION"
02:00001268 48E7FFFF        	     1M                 movem.l d0-d7/a0-a7,-(sp)       ; stack all the registers
02:0000126C 41FA0006        	     2M                 lea.l   (.str,pc),a0
02:00001270 600001F8        	     3M                 bra     crash
02:00001274 0A2A            	     4M         .str:   dc.w    $0A2A
                            	     5M                 asciz   "ILLEGAL INSTRUCTION"
                            	     1M                 rept    1
                            	     2M                 dc.b    \+
                            	     3M                 endr
02:00001276 494C4C4547414C20	     1M                 dc.b    "ILLEGAL INSTRUCTION"
02:0000127E 494E535452554354
02:00001286 494F4E
                            	     2M                 
02:00001289 00              	     4M                 dc.b    0
                            	     5M                 even
                            	     6M                 even
                            	  1767: VEC_DIVBY0:     vecstub "ZERO DIVIDE"
02:0000128A 48E7FFFF        	     1M                 movem.l d0-d7/a0-a7,-(sp)       ; stack all the registers
02:0000128E 41FA0006        	     2M                 lea.l   (.str,pc),a0
02:00001292 600001D6        	     3M                 bra     crash
02:00001296 0A2A            	     4M         .str:   dc.w    $0A2A
                            	     5M                 asciz   "ZERO DIVIDE"
                            	     1M                 rept    1
                            	     2M                 dc.b    \+
                            	     3M                 endr
02:00001298 5A45524F20444956	     1M                 dc.b    "ZERO DIVIDE"
02:000012A0 494445
                            	     2M                 
02:000012A3 00              	     4M                 dc.b    0
                            	     5M                 even
                            	     6M                 even
                            	  1768: VEC_CHK:        vecstub "CHK"
02:000012A4 48E7FFFF        	     1M                 movem.l d0-d7/a0-a7,-(sp)       ; stack all the registers
02:000012A8 41FA0006        	     2M                 lea.l   (.str,pc),a0
02:000012AC 600001BC        	     3M                 bra     crash
02:000012B0 0A2A            	     4M         .str:   dc.w    $0A2A
                            	     5M                 asciz   "CHK"
                            	     1M                 rept    1
                            	     2M                 dc.b    \+
                            	     3M                 endr
02:000012B2 43484B          	     1M                 dc.b    "CHK"
                            	     2M                 
02:000012B5 00              	     4M                 dc.b    0
                            	     5M                 even
                            	     6M                 even
                            	  1769: VEC_TRAPV:      vecstub "TRAPV"
02:000012B6 48E7FFFF        	     1M                 movem.l d0-d7/a0-a7,-(sp)       ; stack all the registers
02:000012BA 41FA0006        	     2M                 lea.l   (.str,pc),a0
02:000012BE 600001AA        	     3M                 bra     crash
02:000012C2 0A2A            	     4M         .str:   dc.w    $0A2A
                            	     5M                 asciz   "TRAPV"
                            	     1M                 rept    1
                            	     2M                 dc.b    \+
                            	     3M                 endr
02:000012C4 5452415056      	     1M                 dc.b    "TRAPV"
                            	     2M                 
02:000012C9 00              	     4M                 dc.b    0
                            	     5M                 even
                            	     6M                 even
                            	  1770: VEC_PRIVVIOL:   vecstub "PRIVILEGE VIOLATION"
02:000012CA 48E7FFFF        	     1M                 movem.l d0-d7/a0-a7,-(sp)       ; stack all the registers
02:000012CE 41FA0006        	     2M                 lea.l   (.str,pc),a0
02:000012D2 60000196        	     3M                 bra     crash
02:000012D6 0A2A            	     4M         .str:   dc.w    $0A2A
                            	     5M                 asciz   "PRIVILEGE VIOLATION"
                            	     1M                 rept    1
                            	     2M                 dc.b    \+
                            	     3M                 endr
02:000012D8 50524956494C4547	     1M                 dc.b    "PRIVILEGE VIOLATION"
02:000012E0 452056494F4C4154
02:000012E8 494F4E
                            	     2M                 
02:000012EB 00              	     4M                 dc.b    0
                            	     5M                 even
                            	     6M                 even
                            	  1771: VEC_TRACE:      vecstub "TRACE"
02:000012EC 48E7FFFF        	     1M                 movem.l d0-d7/a0-a7,-(sp)       ; stack all the registers
02:000012F0 41FA0006        	     2M                 lea.l   (.str,pc),a0
02:000012F4 60000174        	     3M                 bra     crash
02:000012F8 0A2A            	     4M         .str:   dc.w    $0A2A
                            	     5M                 asciz   "TRACE"
                            	     1M                 rept    1
                            	     2M                 dc.b    \+
                            	     3M                 endr
02:000012FA 5452414345      	     1M                 dc.b    "TRACE"
                            	     2M                 
02:000012FF 00              	     4M                 dc.b    0
                            	     5M                 even
                            	     6M                 even
                            	  1772: VEC_LINE1010:   vecstub "LINE 1010 EMULATOR"
02:00001300 48E7FFFF        	     1M                 movem.l d0-d7/a0-a7,-(sp)       ; stack all the registers
02:00001304 41FA0006        	     2M                 lea.l   (.str,pc),a0
02:00001308 60000160        	     3M                 bra     crash
02:0000130C 0A2A            	     4M         .str:   dc.w    $0A2A
                            	     5M                 asciz   "LINE 1010 EMULATOR"
                            	     1M                 rept    1
                            	     2M                 dc.b    \+
                            	     3M                 endr
02:0000130E 4C494E4520313031	     1M                 dc.b    "LINE 1010 EMULATOR"
02:00001316 3020454D554C4154
02:0000131E 4F52
                            	     2M                 
02:00001320 00              	     4M                 dc.b    0
                            	     5M                 even
                            	     6M                 even
                            	  1773: VEC_LINE1111:   vecstub "LINE 1111 EMULATOR"
02:00001322 48E7FFFF        	     1M                 movem.l d0-d7/a0-a7,-(sp)       ; stack all the registers
02:00001326 41FA0006        	     2M                 lea.l   (.str,pc),a0
02:0000132A 6000013E        	     3M                 bra     crash
02:0000132E 0A2A            	     4M         .str:   dc.w    $0A2A
                            	     5M                 asciz   "LINE 1111 EMULATOR"
                            	     1M                 rept    1
                            	     2M                 dc.b    \+
                            	     3M                 endr
02:00001330 4C494E4520313131	     1M                 dc.b    "LINE 1111 EMULATOR"
02:00001338 3120454D554C4154
02:00001340 4F52
                            	     2M                 
02:00001342 00              	     4M                 dc.b    0
                            	     5M                 even
                            	     6M                 even
                            	  1774: VEC_RESERVED:   vecstub "RESERVED VECTOR"
02:00001344 48E7FFFF        	     1M                 movem.l d0-d7/a0-a7,-(sp)       ; stack all the registers
02:00001348 41FA0006        	     2M                 lea.l   (.str,pc),a0
02:0000134C 6000011C        	     3M                 bra     crash
02:00001350 0A2A            	     4M         .str:   dc.w    $0A2A
                            	     5M                 asciz   "RESERVED VECTOR"
                            	     1M                 rept    1
                            	     2M                 dc.b    \+
                            	     3M                 endr
02:00001352 5245534552564544	     1M                 dc.b    "RESERVED VECTOR"
02:0000135A 20564543544F52
                            	     2M                 
02:00001361 00              	     4M                 dc.b    0
                            	     5M                 even
                            	     6M                 even
                            	  1775: VEC_UNINIVEC:   vecstub "UNINITIALIZED INTERRUPT VECTOR"
02:00001362 48E7FFFF        	     1M                 movem.l d0-d7/a0-a7,-(sp)       ; stack all the registers
02:00001366 41FA0006        	     2M                 lea.l   (.str,pc),a0
02:0000136A 600000FE        	     3M                 bra     crash
02:0000136E 0A2A            	     4M         .str:   dc.w    $0A2A
                            	     5M                 asciz   "UNINITIALIZED INTERRUPT VECTOR"
                            	     1M                 rept    1
                            	     2M                 dc.b    \+
                            	     3M                 endr
02:00001370 554E494E49544941	     1M                 dc.b    "UNINITIALIZED INTERRUPT VECTOR"
02:00001378 4C495A454420494E
02:00001380 5445525255505420
02:00001388 564543544F52
                            	     2M                 
02:0000138E 00              	     4M                 dc.b    0
                            	     5M                 even
                            	     6M                 even
                            	  1776: VEC_SPURIOUS:   vecstub "SPURIOUS INTERRUPT"
02:00001390 48E7FFFF        	     1M                 movem.l d0-d7/a0-a7,-(sp)       ; stack all the registers
02:00001394 41FA0006        	     2M                 lea.l   (.str,pc),a0
02:00001398 600000D0        	     3M                 bra     crash
02:0000139C 0A2A            	     4M         .str:   dc.w    $0A2A
                            	     5M                 asciz   "SPURIOUS INTERRUPT"
                            	     1M                 rept    1
                            	     2M                 dc.b    \+
                            	     3M                 endr
02:0000139E 53505552494F5553	     1M                 dc.b    "SPURIOUS INTERRUPT"
02:000013A6 20494E5445525255
02:000013AE 5054
                            	     2M                 
02:000013B0 00              	     4M                 dc.b    0
                            	     5M                 even
                            	     6M                 even
                            	  1777: VEC_AUTOVEC2:   vecstub "AUTOVECTOR 2"
02:000013B2 48E7FFFF        	     1M                 movem.l d0-d7/a0-a7,-(sp)       ; stack all the registers
02:000013B6 41FA0006        	     2M                 lea.l   (.str,pc),a0
02:000013BA 600000AE        	     3M                 bra     crash
02:000013BE 0A2A            	     4M         .str:   dc.w    $0A2A
                            	     5M                 asciz   "AUTOVECTOR 2"
                            	     1M                 rept    1
                            	     2M                 dc.b    \+
                            	     3M                 endr
02:000013C0 4155544F56454354	     1M                 dc.b    "AUTOVECTOR 2"
02:000013C8 4F522032
                            	     2M                 
02:000013CC 00              	     4M                 dc.b    0
                            	     5M                 even
                            	     6M                 even
                            	  1778: VEC_AUTOVEC3:   vecstub "AUTOVECTOR 3"
02:000013CE 48E7FFFF        	     1M                 movem.l d0-d7/a0-a7,-(sp)       ; stack all the registers
02:000013D2 41FA0006        	     2M                 lea.l   (.str,pc),a0
02:000013D6 60000092        	     3M                 bra     crash
02:000013DA 0A2A            	     4M         .str:   dc.w    $0A2A
                            	     5M                 asciz   "AUTOVECTOR 3"
                            	     1M                 rept    1
                            	     2M                 dc.b    \+
                            	     3M                 endr
02:000013DC 4155544F56454354	     1M                 dc.b    "AUTOVECTOR 3"
02:000013E4 4F522033
                            	     2M                 
02:000013E8 00              	     4M                 dc.b    0
                            	     5M                 even
                            	     6M                 even
                            	  1779: VEC_AUTOVEC4:   vecstub "AUTOVECTOR 4"
02:000013EA 48E7FFFF        	     1M                 movem.l d0-d7/a0-a7,-(sp)       ; stack all the registers
02:000013EE 41FA0004        	     2M                 lea.l   (.str,pc),a0
02:000013F2 6076            	     3M                 bra     crash
02:000013F4 0A2A            	     4M         .str:   dc.w    $0A2A
                            	     5M                 asciz   "AUTOVECTOR 4"
                            	     1M                 rept    1
                            	     2M                 dc.b    \+
                            	     3M                 endr
02:000013F6 4155544F56454354	     1M                 dc.b    "AUTOVECTOR 4"
02:000013FE 4F522034
                            	     2M                 
02:00001402 00              	     4M                 dc.b    0
                            	     5M                 even
                            	     6M                 even
                            	  1780: VEC_AUTOVEC5:   vecstub "AUTOVECTOR 5"
02:00001404 48E7FFFF        	     1M                 movem.l d0-d7/a0-a7,-(sp)       ; stack all the registers
02:00001408 41FA0004        	     2M                 lea.l   (.str,pc),a0
02:0000140C 605C            	     3M                 bra     crash
02:0000140E 0A2A            	     4M         .str:   dc.w    $0A2A
                            	     5M                 asciz   "AUTOVECTOR 5"
                            	     1M                 rept    1
                            	     2M                 dc.b    \+
                            	     3M                 endr
02:00001410 4155544F56454354	     1M                 dc.b    "AUTOVECTOR 5"
02:00001418 4F522035
                            	     2M                 
02:0000141C 00              	     4M                 dc.b    0
                            	     5M                 even
                            	     6M                 even
                            	  1781: VEC_AUTOVEC6:   vecstub "AUTOVECTOR 6"
02:0000141E 48E7FFFF        	     1M                 movem.l d0-d7/a0-a7,-(sp)       ; stack all the registers
02:00001422 41FA0004        	     2M                 lea.l   (.str,pc),a0
02:00001426 6042            	     3M                 bra     crash
02:00001428 0A2A            	     4M         .str:   dc.w    $0A2A
                            	     5M                 asciz   "AUTOVECTOR 6"
                            	     1M                 rept    1
                            	     2M                 dc.b    \+
                            	     3M                 endr
02:0000142A 4155544F56454354	     1M                 dc.b    "AUTOVECTOR 6"
02:00001432 4F522036
                            	     2M                 
02:00001436 00              	     4M                 dc.b    0
                            	     5M                 even
                            	     6M                 even
                            	  1782: VEC_AUTOVEC7:   vecstub "AUTOVECTOR 7"
02:00001438 48E7FFFF        	     1M                 movem.l d0-d7/a0-a7,-(sp)       ; stack all the registers
02:0000143C 41FA0004        	     2M                 lea.l   (.str,pc),a0
02:00001440 6028            	     3M                 bra     crash
02:00001442 0A2A            	     4M         .str:   dc.w    $0A2A
                            	     5M                 asciz   "AUTOVECTOR 7"
                            	     1M                 rept    1
                            	     2M                 dc.b    \+
                            	     3M                 endr
02:00001444 4155544F56454354	     1M                 dc.b    "AUTOVECTOR 7"
02:0000144C 4F522037
                            	     2M                 
02:00001450 00              	     4M                 dc.b    0
                            	     5M                 even
                            	     6M                 even
                            	  1783: VEC_BREAKPT:    vecstub "BREAKPOINT"
02:00001452 48E7FFFF        	     1M                 movem.l d0-d7/a0-a7,-(sp)       ; stack all the registers
02:00001456 41FA0004        	     2M                 lea.l   (.str,pc),a0
02:0000145A 600E            	     3M                 bra     crash
02:0000145C 0A2A            	     4M         .str:   dc.w    $0A2A
                            	     5M                 asciz   "BREAKPOINT"
                            	     1M                 rept    1
                            	     2M                 dc.b    \+
                            	     3M                 endr
02:0000145E 425245414B504F49	     1M                 dc.b    "BREAKPOINT"
02:00001466 4E54
                            	     2M                 
02:00001468 00              	     4M                 dc.b    0
                            	     5M                 even
                            	     6M                 even
                            	  1784: 
                            	  1785: ;-------------------------------------------------------------------------------
                            	  1786: ; Dump registers and hang.
                            	  1787: ; a0 - pointer to null-terminated exception name string
                            	  1788: ; d7 - number of bytes to unstack when resuming
                            	  1789: ;-------------------------------------------------------------------------------
                            	  1790: crash:          sys     OutStr
02:0000146A 4E43            	     1M                 trap    #OutStr
02:0000146C 41F8152B        	  1791:                 lea.l   fmt_regs,a0
02:00001470 7E40            	  1792:                 moveq   #64,d7          ; need to unstack 16 longwords
02:00001472 6008            	  1793:                 bra     dumpregs
                            	  1794: 
                            	  1795: grp0_crash:     sys     OutStr
02:00001474 4E43            	     1M                 trap    #OutStr
02:00001476 41F815A1        	  1796:                 lea.l   fmt_grp0regs,a0
02:0000147A 7E48            	  1797:                 moveq   #72,d7          ; need to unstack 16 longwords and 4 words from the group 0 exception frame
                            	  1798: 
                            	  1799: dumpregs:       sys     OutFmt          ; print D regs, A regs, and exception frame
02:0000147C 4E44            	     1M                 trap    #OutFmt
02:0000147E 4E68            	  1800:                 move.l  usp,a0          ; print user stack pointer
02:00001480 2F08            	  1801:                 move.l  a0,-(sp)
02:00001482 41F8162D        	  1802:                 lea.l   fmt_usp,a0
                            	  1803:                 sys     OutFmt
02:00001486 4E44            	     1M                 trap    #OutFmt
02:00001488 584F            	  1804:                 addq    #4,sp
                            	  1805:                 bra     prompt
                            	  1806: 
02:0000148A 41F8150E        	  1807: prompt:         lea.l   debugprompt,a0
                            	  1808:                 sys     OutStr
02:0000148E 4E43            	     1M                 trap    #OutStr
02:00001490 0839000000A0000A	  1809: .waitchar:      btst.b  #0,UART+LSR
02:00001498 6614            	  1810:                 bne     .gotchar
                            	  1811:                 led_tgl
02:0000149A 0879000100A00008	     1M                 bchg.b  #MCR_LED,UART+MCR
                            	  1812:                 spin    $8000
02:000014A2 203C00008000    	     1M                 move.l  #$8000,d0
02:000014A8 51C8FFFE        	     2M .spin_000167:        dbra    d0,.spin_000167
02:000014AC 60E2            	  1813:                 bra     .waitchar
02:000014AE 103900A00000    	  1814: .gotchar:       move.b  UART+RHR,d0
                            	  1815:                 sys     OutChar
02:000014B4 4E42            	     1M                 trap    #OutChar
02:000014B6 B03C0041        	  1816:                 cmp.b   #'A',d0         ; a: abort
02:000014BA 6700EE02        	  1817:                 beq     ready
02:000014BE B03C0061        	  1818:                 cmp.b   #'a',d0
02:000014C2 6700EDFA        	  1819:                 beq     ready
02:000014C6 B03C0043        	  1820:                 cmp.b   #'C',d0         ; c: continue
02:000014CA 671A            	  1821:                 beq     resume
02:000014CC B03C0063        	  1822:                 cmp.b   #'c',d0         ; c: continue
02:000014D0 6714            	  1823:                 beq     resume
02:000014D2 B03C0053        	  1824:                 cmp.b   #'S',d0
02:000014D6 6706            	  1825:                 beq     resume_traceon
02:000014D8 B03C0073        	  1826:                 cmp.b   #'s',d0
02:000014DC 66AC            	  1827:                 bne     prompt
                            	  1828: resume_traceon:
02:000014DE DFC7            	  1829:                 add.l   d7,sp
02:000014E0 00578000        	  1830:                 or.w    #$8000,(sp) ; set Trace flag
02:000014E4 4E73            	  1831:                 rte                     ; attempt to resume
                            	  1832: ; attempt to resume
02:000014E6 DFC7            	  1833: resume:         add.l   d7,sp
02:000014E8 02577FFF        	  1834:                 and.w   #$7FFF,(sp)        ; make sure Trace flag is clear
02:000014EC 4E73            	  1835:                 rte
                            	  1836: 
02:000014EE 3031323334353637	  1837: hexdigits_uc:   dc.b    "0123456789ABCDEF"
02:000014F6 3839414243444546
02:000014FE 3031323334353637	  1838: hexdigits_lc:   dc.b    "0123456789abcdef"
02:00001506 3839616263646566
02:0000150E 0A5B415D424F5254	  1839: debugprompt:    dc.b    "\n[A]BORT/[C]ONTINUE/[S]TEP? ",0
02:00001516 2F5B435D4F4E5449
02:0000151E 4E55452F5B535D54
02:00001526 45503F20
02:0000152A 00
02:0000152B 0A44303D        	  1840: fmt_regs:       dc.b    "\nD0=",FMT_H32,"  D1=",FMT_H32,"  D2=",FMT_H32,"  D3=",FMT_H32,"\n"
02:0000152F E5
02:00001530 202044313D
02:00001535 E5
02:00001536 202044323D
02:0000153B E5
02:0000153C 202044333D
02:00001541 E5
02:00001542 0A
02:00001543 44343D          	  1841:                 dc.b    "D4=",FMT_H32,"  D5=",FMT_H32,"  D6=",FMT_H32,"  D7=",FMT_H32,"\n"
02:00001546 E5
02:00001547 202044353D
02:0000154C E5
02:0000154D 202044363D
02:00001552 E5
02:00001553 202044373D
02:00001558 E5
02:00001559 0A
02:0000155A 41303D          	  1842:                 dc.b    "A0=",FMT_H32,"  A1=",FMT_H32,"  A2=",FMT_H32,"  A3=",FMT_H32,"\n"
02:0000155D E5
02:0000155E 202041313D
02:00001563 E5
02:00001564 202041323D
02:00001569 E5
02:0000156A 202041333D
02:0000156F E5
02:00001570 0A
02:00001571 41343D          	  1843:                 dc.b    "A4=",FMT_H32,"  A5=",FMT_H32,"  A6=",FMT_H32,"  A7=",FMT_H32,"\n"
02:00001574 E5
02:00001575 202041353D
02:0000157A E5
02:0000157B 202041363D
02:00001580 E5
02:00001581 202041373D
02:00001586 E5
02:00001587 0A
02:00001588 53523D          	  1844:                 dc.b    "SR=",FMT_SRFLAGS,"  PC=",FMT_H32,"              ", 0
02:0000158B F0
02:0000158C 202050433D
02:00001591 E5
02:00001592 2020202020202020
02:0000159A 202020202020
02:000015A0 00
                            	  1845: 
02:000015A1 0A44303D        	  1846: fmt_grp0regs:   dc.b    "\nD0=",FMT_H32,"  D1=",FMT_H32,"  D2=",FMT_H32,"  D3=",FMT_H32,"\n"
02:000015A5 E5
02:000015A6 202044313D
02:000015AB E5
02:000015AC 202044323D
02:000015B1 E5
02:000015B2 202044333D
02:000015B7 E5
02:000015B8 0A
02:000015B9 44343D          	  1847:                 dc.b    "D4=",FMT_H32,"  D5=",FMT_H32,"  D6=",FMT_H32,"  D7=",FMT_H32,"\n"
02:000015BC E5
02:000015BD 202044353D
02:000015C2 E5
02:000015C3 202044363D
02:000015C8 E5
02:000015C9 202044373D
02:000015CE E5
02:000015CF 0A
02:000015D0 41303D          	  1848:                 dc.b    "A0=",FMT_H32,"  A1=",FMT_H32,"  A2=",FMT_H32,"  A3=",FMT_H32,"\n"
02:000015D3 E5
02:000015D4 202041313D
02:000015D9 E5
02:000015DA 202041323D
02:000015DF E5
02:000015E0 202041333D
02:000015E5 E5
02:000015E6 0A
02:000015E7 41343D          	  1849:                 dc.b    "A4=",FMT_H32,"  A5=",FMT_H32,"  A6=",FMT_H32,"  A7=",FMT_H32,"\n"
02:000015EA E5
02:000015EB 202041353D
02:000015F0 E5
02:000015F1 202041363D
02:000015F6 E5
02:000015F7 202041373D
02:000015FC E5
02:000015FD 0A
02:000015FE 464C4147533D    	  1850:                 dc.b    "FLAGS=",FMT_FAULTFLAGS,"  ADDR=",FMT_H32,"  IR=",FMT_H16,"\n"
02:00001604 F1
02:00001605 2020414444523D
02:0000160C E5
02:0000160D 202049523D
02:00001612 E4
02:00001613 0A
02:00001614 53523D          	  1851:                 dc.b    "SR=",FMT_SRFLAGS,"  PC=",FMT_H32,"              ", 0
02:00001617 F0
02:00001618 202050433D
02:0000161D E5
02:0000161E 2020202020202020
02:00001626 202020202020
02:0000162C 00
02:0000162D 5553503D        	  1852: fmt_usp:        dc.b    "USP=",FMT_H32,"\n",0
02:00001631 E5
02:00001632 0A
02:00001633 00
                            	  1853: 
02:00001634 0A52414D3A20    	  1854: fmt_sysinfo:    dc.b    "\nRAM: ",FMT_U32," BYTES\nROM: ",FMT_U32," BYTES\nCPU: ",FMT_U32," HZ\n",0
02:0000163A E9
02:0000163B 2042595445530A52
02:00001643 4F4D3A20
02:00001647 E9
02:00001648 2042595445530A43
02:00001650 50553A20
02:00001654 E9
02:00001655 20485A0A
02:00001659 00
02:0000165A 54494D4520495320	  1855: fmt_date:       dc.b    "TIME IS ",FMT_DATE," ",FMT_TIME,"\n",0
02:00001662 F2
02:00001663 20
02:00001664 F3
02:00001665 0A
02:00001666 00
                            	  1856: str_noclock:    asciz   "NO REAL-TIME CLOCK DETECTED\n"
                            	     1M                 rept    1
                            	     2M                 dc.b    \+
                            	     3M                 endr
02:00001667 4E4F205245414C2D	     1M                 dc.b    "NO REAL-TIME CLOCK DETECTED\n"
02:0000166F 54494D4520434C4F
02:00001677 434B204445544543
02:0000167F 5445440A
                            	     2M                 
02:00001683 00              	     4M                 dc.b    0
                            	     5M                 even
                            	  1857: str_timenotset: asciz   "DATE/TIME NOT SET\n"
                            	     1M                 rept    1
                            	     2M                 dc.b    \+
                            	     3M                 endr
02:00001684 444154452F54494D	     1M                 dc.b    "DATE/TIME NOT SET\n"
02:0000168C 45204E4F54205345
02:00001694 540A
                            	     2M                 
02:00001696 00              	     4M                 dc.b    0
                            	     5M                 even
                            	  1858:                 even
                            	  1859: 
                            	  1860: ; CF card and filesystem error strings
                            	  1861: fserr_noerror:  asciz   "NO ERROR"
                            	     1M                 rept    1
                            	     2M                 dc.b    \+
                            	     3M                 endr
02:00001698 4E4F204552524F52	     1M                 dc.b    "NO ERROR"
                            	     2M                 
02:000016A0 00              	     4M                 dc.b    0
                            	     5M                 even
                            	  1862: fserr_amnf:     asciz   "CARD ERROR: ADDRESS MARK NOT FOUND"            ; CF error register bit 0 set
                            	     1M                 rept    1
                            	     2M                 dc.b    \+
                            	     3M                 endr
02:000016A2 4341524420455252	     1M                 dc.b    "CARD ERROR: ADDRESS MARK NOT FOUND"
02:000016AA 4F523A2041444452
02:000016B2 455353204D41524B
02:000016BA 204E4F5420464F55
02:000016C2 4E44
                            	     2M                 
02:000016C4 00              	     4M                 dc.b    0
                            	     5M                 even
                            	  1863: fserr_abrt:     asciz   "CARD ERROR: COMMAND ABORTED"                   ; CF error register bit 2 set
                            	     1M                 rept    1
                            	     2M                 dc.b    \+
                            	     3M                 endr
02:000016C6 4341524420455252	     1M                 dc.b    "CARD ERROR: COMMAND ABORTED"
02:000016CE 4F523A20434F4D4D
02:000016D6 414E442041424F52
02:000016DE 544544
                            	     2M                 
02:000016E1 00              	     4M                 dc.b    0
                            	     5M                 even
                            	  1864: fserr_idnf:     asciz   "CARD ERROR: INVALID SECTOR ID"                 ; CF error register bit 4 set
                            	     1M                 rept    1
                            	     2M                 dc.b    \+
                            	     3M                 endr
02:000016E2 4341524420455252	     1M                 dc.b    "CARD ERROR: INVALID SECTOR ID"
02:000016EA 4F523A20494E5641
02:000016F2 4C49442053454354
02:000016FA 4F52204944
                            	     2M                 
02:000016FF 00              	     4M                 dc.b    0
                            	     5M                 even
                            	  1865: fserr_unc:      asciz   "CARD ERROR: UNCORRECTABLE ERROR DETECTED"      ; CF error register bit 6 set
                            	     1M                 rept    1
                            	     2M                 dc.b    \+
                            	     3M                 endr
02:00001700 4341524420455252	     1M                 dc.b    "CARD ERROR: UNCORRECTABLE ERROR DETECTED"
02:00001708 4F523A20554E434F
02:00001710 525245435441424C
02:00001718 45204552524F5220
02:00001720 4445544543544544
                            	     2M                 
02:00001728 00              	     4M                 dc.b    0
                            	     5M                 even
                            	  1866: fserr_bbk:      asciz   "CARD ERROR: BAD BLOCK DETECTED"                ; CF error register bit 7 set
                            	     1M                 rept    1
                            	     2M                 dc.b    \+
                            	     3M                 endr
02:0000172A 4341524420455252	     1M                 dc.b    "CARD ERROR: BAD BLOCK DETECTED"
02:00001732 4F523A2042414420
02:0000173A 424C4F434B204445
02:00001742 544543544544
                            	     2M                 
02:00001748 00              	     4M                 dc.b    0
                            	     5M                 even
                            	  1867: fserr_nocard:   asciz   "NO CARD DETECTED"
                            	     1M                 rept    1
                            	     2M                 dc.b    \+
                            	     3M                 endr
02:0000174A 4E4F204341524420	     1M                 dc.b    "NO CARD DETECTED"
02:00001752 4445544543544544
                            	     2M                 
02:0000175A 00              	     4M                 dc.b    0
                            	     5M                 even
                            	  1868: fserr_notfat16: asciz   "INVALID CARD FORMAT (NOT FAT16)"
                            	     1M                 rept    1
                            	     2M                 dc.b    \+
                            	     3M                 endr
02:0000175C 494E56414C494420	     1M                 dc.b    "INVALID CARD FORMAT (NOT FAT16)"
02:00001764 4341524420464F52
02:0000176C 4D415420284E4F54
02:00001774 20464154313629
                            	     2M                 
02:0000177B 00              	     4M                 dc.b    0
                            	     5M                 even
                            	  1869: fserr_not512:   asciz   "INVALID CARD FORMAT (LARGE SECTORS NOT SUPPORTED)"
                            	     1M                 rept    1
                            	     2M                 dc.b    \+
                            	     3M                 endr
02:0000177C 494E56414C494420	     1M                 dc.b    "INVALID CARD FORMAT (LARGE SECTORS NOT SUPPORTED)"
02:00001784 4341524420464F52
02:0000178C 4D415420284C4152
02:00001794 474520534543544F
02:0000179C 5253204E4F542053
02:000017A4 5550504F52544544
02:000017AC 29
                            	     2M                 
02:000017AD 00              	     4M                 dc.b    0
                            	     5M                 even
                            	  1870: fserr_nmounted: asciz   "CARD NOT MOUNTED"
                            	     1M                 rept    1
                            	     2M                 dc.b    \+
                            	     3M                 endr
02:000017AE 43415244204E4F54	     1M                 dc.b    "CARD NOT MOUNTED"
02:000017B6 204D4F554E544544
                            	     2M                 
02:000017BE 00              	     4M                 dc.b    0
                            	     5M                 even
                            	  1871: fserr_notfound: asciz   "FILE NOT FOUND"
                            	     1M                 rept    1
                            	     2M                 dc.b    \+
                            	     3M                 endr
02:000017C0 46494C45204E4F54	     1M                 dc.b    "FILE NOT FOUND"
02:000017C8 20464F554E44
                            	     2M                 
02:000017CE 00              	     4M                 dc.b    0
                            	     5M                 even
                            	  1872: fserr_invclstr: asciz   "INVALID CLUSTER NUMBER"
                            	     1M                 rept    1
                            	     2M                 dc.b    \+
                            	     3M                 endr
02:000017D0 494E56414C494420	     1M                 dc.b    "INVALID CLUSTER NUMBER"
02:000017D8 434C555354455220
02:000017E0 4E554D424552
                            	     2M                 
02:000017E6 00              	     4M                 dc.b    0
                            	     5M                 even
                            	  1873: fserr_badsectr: asciz   "BAD SECTOR"
                            	     1M                 rept    1
                            	     2M                 dc.b    \+
                            	     3M                 endr
02:000017E8 4241442053454354	     1M                 dc.b    "BAD SECTOR"
02:000017F0 4F52
                            	     2M                 
02:000017F2 00              	     4M                 dc.b    0
                            	     5M                 even
                            	  1874: fserr_invname:  asciz   "INVALID FILENAME"
                            	     1M                 rept    1
                            	     2M                 dc.b    \+
                            	     3M                 endr
02:000017F4 494E56414C494420	     1M                 dc.b    "INVALID FILENAME"
02:000017FC 46494C454E414D45
                            	     2M                 
02:00001804 00              	     4M                 dc.b    0
                            	     5M                 even
                            	  1875: fserr_isdir:    asciz   "IS A DIRECTORY"
                            	     1M                 rept    1
                            	     2M                 dc.b    \+
                            	     3M                 endr
02:00001806 4953204120444952	     1M                 dc.b    "IS A DIRECTORY"
02:0000180E 4543544F5259
                            	     2M                 
02:00001814 00              	     4M                 dc.b    0
                            	     5M                 even
                            	  1876: fserr_other:    asciz   "CARD ERROR: OTHER"
                            	     1M                 rept    1
                            	     2M                 dc.b    \+
                            	     3M                 endr
02:00001816 4341524420455252	     1M                 dc.b    "CARD ERROR: OTHER"
02:0000181E 4F523A204F544845
02:00001826 52
                            	     2M                 
02:00001827 00              	     4M                 dc.b    0
                            	     5M                 even
                            	  1877: 
02:00001828 00001698        	  1878: fserrtable:     dc.l    fserr_noerror           ; 0
02:0000182C 000016A2        	  1879:                 dc.l    fserr_amnf              ; 1
02:00001830 00001816        	  1880:                 dc.l    fserr_other             ; 2
02:00001834 00001816        	  1881:                 dc.l    fserr_other             ; 3
02:00001838 000016C6        	  1882:                 dc.l    fserr_abrt              ; 4
02:0000183C 00001816        	  1883:                 dcb.l   16-((*-fserrtable)/4),fserr_other
02:00001840 *
02:00001868 000016E2        	  1884:                 dc.l    fserr_idnf              ; 16
02:0000186C 00000000        	  1885:                 dcb.l   FSERR_TIMEOUT-((*-fserrtable)/4)
02:00001870 *
02:000018A8 0000174A        	  1886:                 dc.l    fserr_nocard            ; 32 (FSERR_TIMEOUT)
02:000018AC 0000175C        	  1887:                 dc.l    fserr_notfat16          ; 33 (FSERR_WRONGTYPE)
02:000018B0 0000177C        	  1888:                 dc.l    fserr_not512            ; 34 (FSERR_BPS)
02:000018B4 000017AE        	  1889:                 dc.l    fserr_nmounted          ; 35 (FSERR_NMOUNTED)
02:000018B8 000017C0        	  1890:                 dc.l    fserr_notfound          ; 36 (FSERR_NOTFOUND)
02:000018BC 000017D0        	  1891:                 dc.l    fserr_invclstr          ; 37 (FSERR_INVCLSTR)
02:000018C0 000017E8        	  1892:                 dc.l    fserr_badsectr          ; 38 (FSERR_BADSECTOR)
02:000018C4 000017F4        	  1893:                 dc.l    fserr_invname           ; 39 (FSERR_INVNAME)
02:000018C8 00001806        	  1894:                 dc.l    fserr_isdir             ; 40 (FSERR_ISDIR)
02:000018CC 00001816        	  1895:                 dcb.l   64-((*-fserrtable)/4),fserr_other
02:000018D0 *
02:00001928 00001700        	  1896:                 dc.l    fserr_unc               ; 64
02:0000192C 00001816        	  1897:                 dcb.l   128-((*-fserrtable)/4),fserr_other
02:00001930 *
02:00001A28 0000172A        	  1898:                 dc.l    fserr_bbk               ; 128
02:00001A2C 00001816        	  1899:                 dcb.l   256-((*-fserrtable)/4),fserr_other
02:00001A30 *
                            	  1900: 
                            	  1901: 
                            	  1902: 
                            	  1903: ;-------------------------------------------------------------------------------
                            	  1904: ; Shell (command interpreter)
                            	  1905: ;-------------------------------------------------------------------------------
                            	  1906: loadaddr        equ     APPMEMSTART
                            	  1907: loadlen         equ     RAMEND-loadaddr-256     ; leave 256 bytes for the stack
                            	  1908: startshell:     litstr  "\nTYPE ? [ENTER] FOR HELP."
02:00001C28 41FA0004        	     1M                 lea.l   (.str_000205,pc),a0
02:00001C2C 601A            	     2M                 bra     .next_000205
                            	     3M .str_000205:
                            	     4M                 rept    1
                            	     5M                 dc.b    \+
                            	     6M                 endr
02:00001C2E 0A54595045203F20	     1M                 dc.b    "\nTYPE ? [ENTER] FOR HELP."
02:00001C36 5B454E5445525D20
02:00001C3E 464F522048454C50
02:00001C46 2E
                            	     2M                 
02:00001C47 00              	     7M                 dc.b    0
                            	     8M                 even
                            	     9M .next_000205:
                            	  1909:                 sys     OutStr
02:00001C48 4E43            	     1M                 trap    #OutStr
                            	  1910: shell:          litstr  "\n> "
02:00001C4A 41FA0004        	     1M                 lea.l   (.str_000208,pc),a0
02:00001C4E 6004            	     2M                 bra     .next_000208
                            	     3M .str_000208:
                            	     4M                 rept    1
                            	     5M                 dc.b    \+
                            	     6M                 endr
02:00001C50 0A3E20          	     1M                 dc.b    "\n> "
                            	     2M                 
02:00001C53 00              	     7M                 dc.b    0
                            	     8M                 even
                            	     9M .next_000208:
                            	  1911:                 sys     OutStr
02:00001C54 4E43            	     1M                 trap    #OutStr
02:00001C56 41F900E0003A    	  1912:                 lea.l   INPUTBUF,a0
02:00001C5C 7040            	  1913:                 moveq   #INPUTBUFLEN,d0
02:00001C5E 720A            	  1914:                 moveq   #$0a,d1
                            	  1915:                 sys     PromptStr
02:00001C60 4E46            	     1M                 trap    #PromptStr
02:00001C62 4A80            	  1916:                 tst.l   d0
02:00001C64 67E4            	  1917:                 beq     shell
                            	  1918:         ; does it begin with a question mark? if so, print help
02:00001C66 1018            	  1919:                 move.b  (a0)+,d0
02:00001C68 B03C003F        	  1920:                 cmp.b   #'?',d0
02:00001C6C 670001E8        	  1921:                 beq     help
                            	  1922: 	;
02:00001C70 B03C0062        	  1923:                 cmp.b   #'b',d0
02:00001C74 6604            	  1924: 		bne	skipehb
02:00001C76 4EF829D2        	  1925:                 jmp     ehbasic
                            	  1926: skipehb:
                            	  1927: 
                            	  1928:         ; otherwise, does it begin with a period? if so, it's an internal command
02:00001C7A B03C002E        	  1929:                 cmp.b   #'.',d0
02:00001C7E 66000D52        	  1930:                 bne     ehbasic
                            	  1931:                 ;beq     ehbasic
                            	  1932:                 ;bne     runfile
                            	  1933:         ; interpret as a command
02:00001C82 1018            	  1934:                 move.b  (a0)+,d0        ; get command char
                            	  1935:         ; skip whitespace, advance a0 to start of argument
02:00001C84 0C180020        	  1936: .1:             cmp.b   #$20,(a0)+
02:00001C88 67FA            	  1937:                 beq     .1
02:00001C8A 5348            	  1938:                 subq    #1,a0           ; back up to first char of argument
02:00001C8C 43F81D42        	  1939:                 lea.l   commands,a1
                            	  1940:                 ; D
02:00001C90 B019            	  1941:                 cmp.b   (a1)+,d0
02:00001C92 670000A8        	  1942:                 beq     debug
02:00001C96 B019            	  1943:                 cmp.b   (a1)+,d0
02:00001C98 670000A2        	  1944:                 beq     debug
                            	  1945:                 ; H
02:00001C9C B019            	  1946:                 cmp.b   (a1)+,d0
02:00001C9E 67000082        	  1947:                 beq     hexdumpfile
02:00001CA2 B019            	  1948:                 cmp.b   (a1)+,d0
02:00001CA4 677C            	  1949:                 beq     hexdumpfile
                            	  1950:                 ; I
02:00001CA6 B019            	  1951:                 cmp.b   (a1)+,d0
02:00001CA8 670001B6        	  1952:                 beq     cardinfo
02:00001CAC B019            	  1953:                 cmp.b   (a1)+,d0
02:00001CAE 670001B0        	  1954:                 beq     cardinfo
                            	  1955:                 ; L
02:00001CB2 B019            	  1956:                 cmp.b   (a1)+,d0
02:00001CB4 67000098        	  1957:                 beq     listfiles
02:00001CB8 B019            	  1958:                 cmp.b   (a1)+,d0
02:00001CBA 67000092        	  1959:                 beq     listfiles
                            	  1960:                 ; P
02:00001CBE B019            	  1961:                 cmp.b   (a1)+,d0
02:00001CC0 673C            	  1962:                 beq     printfile
02:00001CC2 B019            	  1963:                 cmp.b   (a1)+,d0
02:00001CC4 6738            	  1964:                 beq     printfile
                            	  1965:                 ; T
02:00001CC6 B019            	  1966:                 cmp.b   (a1)+,d0
02:00001CC8 670000F2        	  1967:                 beq     time
02:00001CCC B019            	  1968:                 cmp.b   (a1)+,d0
02:00001CCE 670000EC        	  1969:                 beq     time
                            	  1970: 
                            	  1971:         ; attempt to load and run named file
02:00001CD2 5348            	  1972: runfile:        subq    #1,a0           ; back up to first character
02:00001CD4 43F900E00100    	  1973:                 lea.l   loadaddr,a1
02:00001CDA 203C000FFE00    	  1974:                 move.l  #loadlen,d0
                            	  1975:                 sys     ReadFile
02:00001CE0 4E4A            	     1M                 trap    #ReadFile
02:00001CE2 4A00            	  1976:                 tst.b   d0
02:00001CE4 6642            	  1977:                 bne     error
                            	  1978:                 litstr  "\nRUNNING.\n"
02:00001CE6 41FA0004        	     1M                 lea.l   (.str_000213,pc),a0
02:00001CEA 600C            	     2M                 bra     .next_000213
                            	     3M .str_000213:
                            	     4M                 rept    1
                            	     5M                 dc.b    \+
                            	     6M                 endr
02:00001CEC 0A52554E4E494E47	     1M                 dc.b    "\nRUNNING.\n"
02:00001CF4 2E0A
                            	     2M                 
02:00001CF6 00              	     7M                 dc.b    0
                            	     8M                 even
                            	     9M .next_000213:
                            	  1979:                 sys     OutStr
02:00001CF8 4E43            	     1M                 trap    #OutStr
02:00001CFA 6000F504        	  1980:                 bra     launchapp
                            	  1981: 
02:00001CFE 45F81EFC        	  1982: printfile:      lea.l   fmt_printfile,a2
02:00001D02 43F900E00100    	  1983: printfile_:     lea.l   loadaddr,a1
02:00001D08 203C000FFE00    	  1984:                 move.l  #loadlen,d0
                            	  1985:                 sys     ReadFile
02:00001D0E 4E4A            	     1M                 trap    #ReadFile
02:00001D10 4A00            	  1986:                 tst.b   d0
02:00001D12 6614            	  1987:                 bne     error
02:00001D14 2F01            	  1988:                 move.l  d1,-(sp)        ; number of bytes read
02:00001D16 2F08            	  1989:                 move.l  a0,-(sp)        ; start of buffer
02:00001D18 204A            	  1990:                 move.l  a2,a0
                            	  1991:                 sys     OutFmt
02:00001D1A 4E44            	     1M                 trap    #OutFmt
02:00001D1C 508F            	  1992:                 lea.l   8(sp),sp
02:00001D1E 6000FF2A        	  1993:                 bra     shell
                            	  1994: 
02:00001D22 45F81EF8        	  1995: hexdumpfile:    lea.l   fmt_hexdump,a2
02:00001D26 60DA            	  1996:                 bra     printfile_
                            	  1997: 
                            	  1998: error:          litstr  "\n",FMT_ERR
02:00001D28 41FA0004        	     1M                 lea.l   (.str_000218,pc),a0
02:00001D2C 6004            	     2M                 bra     .next_000218
                            	     3M .str_000218:
                            	     4M                 rept    2
                            	     5M                 dc.b    \+
                            	     6M                 endr
02:00001D2E 0A              	     1M                 dc.b    "\n"
                            	     2M                 
02:00001D2F F7              	     1M                 dc.b    FMT_ERR
                            	     2M                 
02:00001D30 00              	     7M                 dc.b    0
                            	     8M                 even
                            	     9M .next_000218:
02:00001D32 3F00            	  1999:                 move.w  d0,-(sp)
                            	  2000:                 sys     OutFmt
02:00001D34 4E44            	     1M                 trap    #OutFmt
02:00001D36 544F            	  2001:                 addq    #2,sp
02:00001D38 6000FF10        	  2002:                 bra     shell
                            	  2003: 
                            	  2004: debug:          brk
02:00001D3C 4E4F            	     1M                 trap    #15
02:00001D3E 6000FF0A        	  2005:                 bra     shell
                            	  2006: 
02:00001D42 4464486849694C6C	  2007: commands:       dc.b    "DdHhIiLlPpTt"
02:00001D4A 50705474
                            	  2008: 
                            	  2009: 
02:00001D4E 700A            	  2010: listfiles:      moveq   #$0a,d0
                            	  2011:                 sys     OutChar
02:00001D50 4E42            	     1M                 trap    #OutChar
02:00001D52 4E56FDF8        	  2012:                 link    a6,#-DIRBUFSIZE
02:00001D56 204F            	  2013:                 move.l  sp,a0
02:00001D58 70FF            	  2014:                 moveq   #-1,d0                  ; indicates this is the first iteration
                            	  2015: .list:          sys     ListDirectory
02:00001D5A 4E48            	     1M                 trap    #ListDirectory
02:00001D5C 4A40            	  2016:                 tst.w   d0
02:00001D5E 6B50            	  2017:                 bmi     .listdone
02:00001D60 6654            	  2018:                 bne     .listerror
02:00001D62 2448            	  2019:                 move.l  a0,a2
02:00001D64 08290004000B    	  2020:                 btst.b  #4,FATTRS(a1)
02:00001D6A 6622            	  2021:                 bne     .isdir
                            	  2022:                 litstr  FMT_FNAME," - ",FMT_U32," BYTE(S)\n"
02:00001D6C 41FA0004        	     1M                 lea.l   (.str_000224,pc),a0
02:00001D70 6010            	     2M                 bra     .next_000224
                            	     3M .str_000224:
                            	     4M                 rept    4
                            	     5M                 dc.b    \+
                            	     6M                 endr
02:00001D72 F6              	     1M                 dc.b    FMT_FNAME
                            	     2M                 
02:00001D73 202D20          	     1M                 dc.b    " - "
                            	     2M                 
02:00001D76 E9              	     1M                 dc.b    FMT_U32
                            	     2M                 
02:00001D77 2042595445285329	     1M                 dc.b    " BYTE(S)\n"
02:00001D7F 0A
                            	     2M                 
02:00001D80 00              	     7M                 dc.b    0
                            	     8M                 even
                            	     9M .next_000224:
02:00001D82 2F29001C        	  2023:                 move.l  FSIZE(a1),-(sp)         ; size in bytes
02:00001D86 2F09            	  2024:                 move.l  a1,-(sp)                ; filename
                            	  2025:                 sys     OutFmt
02:00001D88 4E44            	     1M                 trap    #OutFmt
02:00001D8A 504F            	  2026:                 addq    #8,sp
02:00001D8C 601C            	  2027:                 bra     .1
                            	  2028: .isdir:         litstr  FMT_FNAME," - DIRECTORY\n"
02:00001D8E 41FA0004        	     1M                 lea.l   (.str_000227,pc),a0
02:00001D92 6010            	     2M                 bra     .next_000227
                            	     3M .str_000227:
                            	     4M                 rept    2
                            	     5M                 dc.b    \+
                            	     6M                 endr
02:00001D94 F6              	     1M                 dc.b    FMT_FNAME
                            	     2M                 
02:00001D95 202D204449524543	     1M                 dc.b    " - DIRECTORY\n"
02:00001D9D 544F52590A
                            	     2M                 
02:00001DA2 00              	     7M                 dc.b    0
                            	     8M                 even
                            	     9M .next_000227:
02:00001DA4 2F09            	  2029:                 move.l  a1,-(sp)                ; filename
                            	  2030:                 sys     OutFmt
02:00001DA6 4E44            	     1M                 trap    #OutFmt
02:00001DA8 584F            	  2031:                 addq    #4,sp
02:00001DAA 204A            	  2032: .1:             move.l  a2,a0
02:00001DAC 7000            	  2033:                 moveq   #0,d0                   ; indicates subsequent iteration
02:00001DAE 60AA            	  2034:                 bra     .list
02:00001DB0 4E5E            	  2035: .listdone:      unlk    a6
02:00001DB2 6000FE96        	  2036:                 bra     shell
02:00001DB6 4E5E            	  2037: .listerror:     unlk    a6
02:00001DB8 6000FF6E        	  2038:                 bra     error
                            	  2039: 
02:00001DBC 4A10            	  2040: time:           tst.b   (a0)            ; no argument? just print time
02:00001DBE 6732            	  2041:                 beq     showtime
                            	  2042:         ; assuming input is formatted correctly, pack into D0 and D1
02:00001DC0 01480000        	  2043:                 movep.l 0(a0),d0
02:00001DC4 C0BC0F0F0F0F    	  2044:                 and.l   #$0F0F0F0F,d0
02:00001DCA E988            	  2045:                 lsl.l   #4,d0
02:00001DCC 03480001        	  2046:                 movep.l 1(a0),d1
02:00001DD0 C2BC0F0F0F0F    	  2047:                 and.l   #$0F0F0F0F,d1
02:00001DD6 8081            	  2048:                 or.l    d1,d0
02:00001DD8 03480008        	  2049:                 movep.l 8(a0),d1
02:00001DDC C2BC0F0F0F0F    	  2050:                 and.l   #$0F0F0F0F,d1
02:00001DE2 E989            	  2051:                 lsl.l   #4,d1
02:00001DE4 05480009        	  2052:                 movep.l 9(a0),d2
02:00001DE8 C4BC0F0F0F0F    	  2053:                 and.l   #$0F0F0F0F,d2
02:00001DEE 8282            	  2054:                 or.l    d2,d1
                            	  2055:                 sys     SetDateTime
02:00001DF0 4E4C            	     1M                 trap    #SetDateTime
                            	  2056: 
                            	  2057: showtime:       sys     GetDateTime
02:00001DF2 4E4B            	     1M                 trap    #GetDateTime
02:00001DF4 4A80            	  2058:                 tst.l   d0
02:00001DF6 6B44            	  2059:                 bmi     .timenotset
02:00001DF8 6718            	  2060:                 beq     .no_rtc
                            	  2061:                 litstr  "\n",FMT_DATE," ",FMT_TIME
02:00001DFA 41FA0004        	     1M                 lea.l   (.str_000232,pc),a0
02:00001DFE 6006            	     2M                 bra     .next_000232
                            	     3M .str_000232:
                            	     4M                 rept    4
                            	     5M                 dc.b    \+
                            	     6M                 endr
02:00001E00 0A              	     1M                 dc.b    "\n"
                            	     2M                 
02:00001E01 F2              	     1M                 dc.b    FMT_DATE
                            	     2M                 
02:00001E02 20              	     1M                 dc.b    " "
                            	     2M                 
02:00001E03 F3              	     1M                 dc.b    FMT_TIME
                            	     2M                 
02:00001E04 00              	     7M                 dc.b    0
                            	     8M                 even
                            	     9M .next_000232:
02:00001E06 48E7C000        	  2062:                 movem.l d0-d1,-(sp)
                            	  2063:                 sys     OutFmt
02:00001E0A 4E44            	     1M                 trap    #OutFmt
02:00001E0C 504F            	  2064:                 addq    #8,sp
02:00001E0E 6000FE3A        	  2065:                 bra     shell
                            	  2066: .no_rtc:        litstr  "\nNO REAL-TIME CLOCK DETECTED"
02:00001E12 41FA0004        	     1M                 lea.l   (.str_000235,pc),a0
02:00001E16 601E            	     2M                 bra     .next_000235
                            	     3M .str_000235:
                            	     4M                 rept    1
                            	     5M                 dc.b    \+
                            	     6M                 endr
02:00001E18 0A4E4F205245414C	     1M                 dc.b    "\nNO REAL-TIME CLOCK DETECTED"
02:00001E20 2D54494D4520434C
02:00001E28 4F434B2044455445
02:00001E30 43544544
                            	     2M                 
02:00001E34 00              	     7M                 dc.b    0
                            	     8M                 even
                            	     9M .next_000235:
                            	  2067:                 sys     OutStr
02:00001E36 4E43            	     1M                 trap    #OutStr
02:00001E38 6000FE10        	  2068:                 bra     shell
                            	  2069: .timenotset:    litstr  "\nTIME NOT SET"
02:00001E3C 41FA0004        	     1M                 lea.l   (.str_000238,pc),a0
02:00001E40 600E            	     2M                 bra     .next_000238
                            	     3M .str_000238:
                            	     4M                 rept    1
                            	     5M                 dc.b    \+
                            	     6M                 endr
02:00001E42 0A54494D45204E4F	     1M                 dc.b    "\nTIME NOT SET"
02:00001E4A 5420534554
                            	     2M                 
02:00001E4F 00              	     7M                 dc.b    0
                            	     8M                 even
                            	     9M .next_000238:
                            	  2070:                 sys     OutStr
02:00001E50 4E43            	     1M                 trap    #OutStr
02:00001E52 6000FDF6        	  2071:                 bra     shell
                            	  2072: 
02:00001E56 41F81EFF        	  2073: help:           lea.l   helpstr,a0
                            	  2074:                 sys     OutStr
02:00001E5A 4E43            	     1M                 trap    #OutStr
02:00001E5C 6000FDEC        	  2075:                 bra     shell
                            	  2076: 
02:00001E60 4AB900E00010    	  2077: cardinfo:       tst.l   PARTSIZE
02:00001E66 6752            	  2078:                 beq     .nocard
02:00001E68 4E560000        	  2079:                 link    a6,#0
02:00001E6C 487900E0002E    	  2080:                 pea     VOLNAME
02:00001E72 3F3900E0001A    	  2081:                 move.w  MAXRDIRENTS,-(sp)
02:00001E78 3F3900E00020    	  2082:                 move.w  CLUSTERSIZE,-(sp)
02:00001E7E 3F3900E00018    	  2083:                 move.w  FATSIZE,-(sp)
02:00001E84 3F3900E0001E    	  2084:                 move.w  RSVDSECTORS,-(sp)
02:00001E8A 3F3900E0001C    	  2085:                 move.w  FATCOPIES,-(sp)
02:00001E90 2F3900E0002A    	  2086:                 move.l  DATASTART,-(sp)
02:00001E96 2F3900E00022    	  2087:                 move.l  RDIRSECTOR,-(sp)
02:00001E9C 2F3900E00026    	  2088:                 move.l  FATSECTOR,-(sp)
02:00001EA2 2F3900E00014    	  2089:                 move.l  BPBSECTOR,-(sp)
02:00001EA8 2F3900E00010    	  2090:                 move.l  PARTSIZE,-(sp)
02:00001EAE 41F8203F        	  2091:                 lea.l   fmt_cardinfo,a0
                            	  2092:                 sys     OutFmt
02:00001EB2 4E44            	     1M                 trap    #OutFmt
02:00001EB4 4E5E            	  2093:                 unlk    a6
02:00001EB6 6000FD92        	  2094:                 bra     shell
                            	  2095: .nocard:        litstr  "\nNO CARD INSERTED OR NO VALID FILESYSTEM ON CARD"
02:00001EBA 41FA0004        	     1M                 lea.l   (.str_000243,pc),a0
02:00001EBE 6032            	     2M                 bra     .next_000243
                            	     3M .str_000243:
                            	     4M                 rept    1
                            	     5M                 dc.b    \+
                            	     6M                 endr
02:00001EC0 0A4E4F2043415244	     1M                 dc.b    "\nNO CARD INSERTED OR NO VALID FILESYSTEM ON CARD"
02:00001EC8 20494E5345525445
02:00001ED0 44204F52204E4F20
02:00001ED8 56414C4944204649
02:00001EE0 4C4553595354454D
02:00001EE8 204F4E2043415244
                            	     2M                 
02:00001EF0 00              	     7M                 dc.b    0
                            	     8M                 even
                            	     9M .next_000243:
                            	  2096:                 sys     OutStr
02:00001EF2 4E43            	     1M                 trap    #OutStr
02:00001EF4 6000FD54        	  2097:                 bra     shell
                            	  2098: 
02:00001EF8 0A              	  2099: fmt_hexdump:    dc.b    "\n",FMT_HEXDUMP,"\n",0
02:00001EF9 F4
02:00001EFA 0A
02:00001EFB 00
02:00001EFC 0A              	  2100: fmt_printfile:  dc.b    "\n",FMT_BUF,0
02:00001EFD F5
02:00001EFE 00
                            	  2101: 
02:00001EFF 0A434F4D4D414E44	  2102: helpstr:        dc.b    "\nCOMMANDS:\n"
02:00001F07 533A0A
02:00001F0A 3F20202020202020	  2103:                 dc.b    "?          PRINT THIS HELP MESSAGE\n"
02:00001F12 2020205052494E54
02:00001F1A 2054484953204845
02:00001F22 4C50204D45535341
02:00001F2A 47450A
02:00001F2D 3C46494C453E2020	  2104:                 dc.b    "<FILE>     RUN <FILE>\n"
02:00001F35 20202052554E203C
02:00001F3D 46494C453E0A
02:00001F43 2E4C202020202020	  2105:                 dc.b    ".L         LIST FILES\n"
02:00001F4B 2020204C49535420
02:00001F53 46494C45530A
02:00001F59 2E49202020202020	  2106:                 dc.b    ".I         PRINT CARD INFO\n"
02:00001F61 2020205052494E54
02:00001F69 204341524420494E
02:00001F71 464F0A
02:00001F74 2E50203C46494C45	  2107:                 dc.b    ".P <FILE>  PRINT CONTENTS OF <FILE>\n"
02:00001F7C 3E20205052494E54
02:00001F84 20434F4E54454E54
02:00001F8C 53204F46203C4649
02:00001F94 4C453E0A
02:00001F98 2E48203C46494C45	  2108:                 dc.b    ".H <FILE>  HEXDUMP CONTENTS OF <FILE>\n"
02:00001FA0 3E20204845584455
02:00001FA8 4D5020434F4E5445
02:00001FB0 4E5453204F46203C
02:00001FB8 46494C453E0A
02:00001FBE 2E54202020202020	  2109:                 dc.b    ".T         PRINT DATE AND TIME\n"
02:00001FC6 2020205052494E54
02:00001FCE 204441544520414E
02:00001FD6 442054494D450A
02:00001FDD 2E54203C44415445	  2110:                 dc.b    ".T <DATE>  SET DATE AND TIME\n"
02:00001FE5 3E20205345542044
02:00001FED 41544520414E4420
02:00001FF5 54494D450A
02:00001FFA 2020202020202020	  2111:                 dc.b    "             (<DATE> FORMAT IS YYYYMMDDWWhhmmss)\n"
02:00002002 2020202020283C44
02:0000200A 4154453E20464F52
02:00002012 4D41542049532059
02:0000201A 5959594D4D444457
02:00002022 5768686D6D737329
02:0000202A 0A
02:0000202B 2E42202020202020	  2112:                 dc.b    ".B         EhBasic\n"
02:00002033 2020204568426173
02:0000203B 69630A
02:0000203E 00              	  2113:                 dc.b    0
                            	  2114: 
                            	  2115: 
02:0000203F 0A50415254495449	  2116: fmt_cardinfo:   dc.b    "\nPARTITION SIZE:                 ",FMT_U32," SECTORS\n"
02:00002047 4F4E2053495A453A
02:0000204F 2020202020202020
02:00002057 2020202020202020
02:0000205F 20
02:00002060 E9
02:00002061 20534543544F5253
02:00002069 0A
02:0000206A 42494F5320504152	  2117:                 dc.b    "BIOS PARAMETER BLOCK AT SECTOR  ",FMT_U32,"\n"
02:00002072 414D455445522042
02:0000207A 4C4F434B20415420
02:00002082 534543544F522020
02:0000208A E9
02:0000208B 0A
02:0000208C 46494C4520414C4C	  2118:                 dc.b    "FILE ALLOCATION TABLE AT SECTOR ",FMT_U32,"\n"
02:00002094 4F434154494F4E20
02:0000209C 5441424C45204154
02:000020A4 20534543544F5220
02:000020AC E9
02:000020AD 0A
02:000020AE 524F4F5420444952	  2119:                 dc.b    "ROOT DIRECTORY AT SECTOR        ",FMT_U32,"\n"
02:000020B6 4543544F52592041
02:000020BE 5420534543544F52
02:000020C6 2020202020202020
02:000020CE E9
02:000020CF 0A
02:000020D0 5354415254204F46	  2120:                 dc.b    "START OF DATA REGION AT SECTOR  ",FMT_U32,"\n"
02:000020D8 2044415441205245
02:000020E0 47494F4E20415420
02:000020E8 534543544F522020
02:000020F0 E9
02:000020F1 0A
02:000020F2 434F50494553204F	  2121:                 dc.b    "COPIES OF FAT:                  ",FMT_U16,"\n"
02:000020FA 46204641543A2020
02:00002102 2020202020202020
02:0000210A 2020202020202020
02:00002112 E8
02:00002113 0A
02:00002114 5245534552564544	  2122:                 dc.b    "RESERVED SECTORS:               ",FMT_U16,"\n"
02:0000211C 20534543544F5253
02:00002124 3A20202020202020
02:0000212C 2020202020202020
02:00002134 E8
02:00002135 0A
02:00002136 46494C4520414C4C	  2123:                 dc.b    "FILE ALLOCATION TABLE SIZE:     ",FMT_U16," SECTORS\n"
02:0000213E 4F434154494F4E20
02:00002146 5441424C45205349
02:0000214E 5A453A2020202020
02:00002156 E8
02:00002157 20534543544F5253
02:0000215F 0A
02:00002160 434C555354455220	  2124:                 dc.b    "CLUSTER SIZE:                   ",FMT_U16," SECTORS\n"
02:00002168 53495A453A202020
02:00002170 2020202020202020
02:00002178 2020202020202020
02:00002180 E8
02:00002181 20534543544F5253
02:00002189 0A
02:0000218A 4D415820524F4F54	  2125:                 dc.b    "MAX ROOT DIRECTORY ENTRIES:     ",FMT_U16,"\n"
02:00002192 204449524543544F
02:0000219A 525920454E545249
02:000021A2 45533A2020202020
02:000021AA E8
02:000021AB 0A
02:000021AC 564F4C554D45204E	  2126:                 dc.b    "VOLUME NAME:                    '",FMT_S,"'\n"
02:000021B4 414D453A20202020
02:000021BC 2020202020202020
02:000021C4 2020202020202020
02:000021CC 27
02:000021CD E6
02:000021CE 270A
02:000021D0 00              	  2127:                 dc.b    0
                            	  2128:                 even
                            	  2129: 
                            	  2130: 
                            	  2131: 
                            	  2132: ; EhBasic ----------------------------------------
                            	  2133: 
                            	  2134: 
                            	  2135: 
                            	  2136: *************************************************************
                            	  2137: *										*
                            	  2138: *	Enhanced BASIC for the Motorola MC680xx			*
                            	  2139: *										*
                            	  2140: * Derived from EhBASIC for the 6502 and adapted by:		*
                            	  2141: * Lee Davison								*
                            	  2142: *										*
                            	  2143: * mail : leeedavison@lycos.co.uk					*
                            	  2144: *										*
                            	  2145: * This is the generic version with I/O and LOAD/SAVE		*
                            	  2146: * example code for the EASy68k editor/simulator. 2002/3.	*
                            	  2147: *										*
                            	  2148: *************************************************************
                            	  2149: *	Copyright (C) 2002/3 by Lee Davison. This program	*
                            	  2150: *	may be freely distributed for personal use only.	*
                            	  2151: *	All commercial rights are reserved.				*
                            	  2152: *************************************************************
                            	  2153: *										*
                            	  2154: *	The choice of memory areas in this code is set to	*
                            	  2155: *	reflect the actual memory present on a 68008 SBC	*
                            	  2156: *	that I have.							*
                            	  2157: *										*
                            	  2158: *	Memory map:								*
                            	  2159: *										*
                            	  2160: *	ROM	$000000 - $00FFFF						*
                            	  2161: *	RAM	$040000 - $048000 ($050000 optional)		*
                            	  2162: *										*
                            	  2163: *************************************************************
                            	  2164: 
                            	  2165: * Ver 1.10
                            	  2166: 
                            	  2167: ;	OPT	CRE
                            	  2168: ;	ORG	$000400			* past the vectors in a real system
                            	  2169: 	ORG $002800
                            	  2170: 	even
                            	  2171: 
                            	  2172: * the following code is simulator specific, change to suit your system
                            	  2173: 
                            	  2174: * output character to the console from register d0
                            	  2175: 
                            	  2176: VEC_OUT
                            	  2177: 	sys OutChar
03:00002800 4E42            	     1M                 trap    #OutChar
03:00002802 4E75            	  2178: 	rts
                            	  2179: 
                            	  2180: 	;jmp SYS_OutChar
                            	  2181: 	;MOVEM.l	d0-d1,-(sp)		* save d0, d1
                            	  2182: 	;MOVE.b	d0,d1			* copy character
                            	  2183: 	;MOVEM.l	(sp)+,d0-d1		* restore d0, d1
                            	  2184: 	;RTS
                            	  2185: 
                            	  2186: 	;jmp uart_outchar
                            	  2187: 
                            	  2188: ;	MOVEM.l	d0-d1,-(sp)		* save d0, d1
                            	  2189: ;	MOVE.b	d0,d1			* copy character
                            	  2190: ;	MOVEQ		#6,d0			* character out
                            	  2191: ;	TRAP		#15			* do i/o function
                            	  2192: ;	MOVEM.l	(sp)+,d0-d1		* restore d0, d1
                            	  2193: ;	RTS
                            	  2194: 
                            	  2195: * input a character from the console into register d0
                            	  2196: * else return Cb=0 if there's no character available
                            	  2197: 
                            	  2198: VEC_IN
                            	  2199: ;	move.l  INCH_VEC,a1     ; get character	;freez
                            	  2200: ;       jsr     (a1)
                            	  2201: ;	rts
                            	  2202: 
                            	  2203: ;     MOVEM.L A0/D1,-(A7)      ; レジスタを保存
                            	  2204: ;     LEA.L   $A00000,A0       ; 68k nanoのUARTアドレス
                            	  2205: ;     MOVE.B  (A0),D1          ; UARTステータスを読み込み
                            	  2206: ;     BTST    #0,D1            ; データレディビットをテスト
                            	  2207: ;     BEQ.S   RXNOTREADY       ; UARTの受信準備ができていなければ分岐
                            	  2208: ;     MOVE.B  0(A0),D0         ; 受信した文字を読み込み
                            	  2209: ;     MOVEM.L (A7)+,A0/D1      ; レジスタを復元
                            	  2210: ;     ORI.B   #1,CCR           ; キャリーをセット（文字を受信した）
                            	  2211: ;     RTS
                            	  2212: ; RXNOTREADY:
                            	  2213: ;     MOVEM.L (A7)+,A0/D1      ; レジスタを復元
                            	  2214: ;     ANDI.B  #$FE,CCR         ; キャリーをクリア（文字なし）
                            	  2215: ;     RTS
                            	  2216: 
                            	  2217: ; VEC_IN1:
                            	  2218: ; 	lea.l   INPUTBUF,a0
                            	  2219: ; 	moveq   #INPUTBUFLEN,d0
                            	  2220: ; 	moveq   #$0a,d1
                            	  2221: ; 	sys     PromptStr
                            	  2222: ; 	tst.l   d0
                            	  2223: ; 	beq     VEC_IN1
                            	  2224: ; 	rts
                            	  2225: 
                            	  2226: ;	jmp uart_inchar
                            	  2227: 
                            	  2228: ;	jmp	SYS_InChar	; LINE 1010 EMULATOR
                            	  2229: 
                            	  2230: ;	sys	InChar
                            	  2231: ;	rts
                            	  2232: 	
                            	  2233: VEC_IN1:
03:00002804 43F900A00000    	  2234: 	lea.l	UART,a1
03:0000280A 08290000000A    	  2235:         btst.b  #0,LSR(a1)     ; DR (データ受信完了) をチェック
                            	  2236: ;       beq     VEC_IN1           ; 0 なら文字が来るまでループ
03:00002810 6608            	  2237:         bne     VEC_IN2           ; 0 でないなら文字を読む
                            	  2238: ;       move.b  RBR,D0     ; 文字を読み込み
                            	  2239: ;       andi.b  #$7F,D0         ; 7ビット ASCII にマスク (必要に応じて)
                            	  2240: 
03:00002812 4A00            	  2241: 	ORI.b		#$00,d0		* set z flag
03:00002814 023C00FE        	  2242: 	ANDI.B	#$FE,CCR
03:00002818 4E75            	  2243:         RTS 
                            	  2244: 
                            	  2245: VEC_IN2:
                            	  2246: ;	MOVE.B	RBR,D0
03:0000281A 1011            	  2247: 	MOVE.B	RHR(a1),D0
03:0000281C 4A00            	  2248: 	ORI.b		#$00,d0		* set z flag on received byte
03:0000281E 003C0001        	  2249: 	ORI.b		#1,CCR		* set carry, flag we got a byte
03:00002822 4E75            	  2250: 	RTS
                            	  2251: 
                            	  2252: ; Original
03:00002824 2F01            	  2253: 	MOVE.l	d1,-(sp)		* save d1
03:00002826 7007            	  2254: 	MOVEQ		#7,d0			* get status
03:00002828 4E4F            	  2255: 	TRAP		#15			* do i/o function
03:0000282A 1001            	  2256: 	MOVE.b	d1,d0			* copy status
03:0000282C 6606            	  2257: 	BNE.s		RETCHR		* branch if character waiting
                            	  2258: 
03:0000282E 221F            	  2259: 	MOVE.l	(sp)+,d1		* restore d1
03:00002830 4A00            	  2260: 	ORI.b		#$00,d0		* set z flag
                            	  2261: *	ANDI.b	#$FE,CCR		* clear carry, flag we not got byte (done by ORI.b)
03:00002832 4E75            	  2262: 	RTS
                            	  2263: 
                            	  2264: RETCHR
03:00002834 7005            	  2265: 	MOVEQ		#5,d0			* get byte
03:00002836 4E4F            	  2266: 	TRAP		#15			* do i/o function
03:00002838 1001            	  2267: 	MOVE.b	d1,d0			* copy byte
03:0000283A 221F            	  2268: 	MOVE.l	(sp)+,d1		* restore d1
03:0000283C 4A00            	  2269: 	ORI.b		#$00,d0		* set z flag on received byte
03:0000283E 003C0001        	  2270: 	ORI.b		#1,CCR		* set carry, flag we got a byte
03:00002842 4E75            	  2271: 	RTS
                            	  2272: 
                            	  2273: * LOAD routine for the Easy68k simulator
                            	  2274: 
                            	  2275: VEC_LD
03:00002844 534D            	  2276: 	SUBQ.w	#1,a5			* decrement execute pointer
03:00002846 61001050        	  2277: 	BSR		LAB_GVAL		* get value from line
                            	  2278: 
03:0000284A 610019A8        	  2279: 	BSR		LAB_EVST		* evaluate string, returns d0 = length, a0 = pointer
03:0000284E 67000370        	  2280: 	BEQ		LAB_FCER		* if null do function call error, then warm start
                            	  2281: 
03:00002852 2248            	  2282: 	MOVEA.l	a0,a1			* copy filename pointer
03:00002854 D0C0            	  2283: 	ADDA.w	d0,a0			* add length to find end of string
03:00002856 1F10            	  2284: 	MOVE.b	(a0),-(sp)		* save byte
03:00002858 2F08            	  2285: 	MOVE.l	a0,-(sp)		* save address
03:0000285A 7000            	  2286: 	MOVEQ		#0,d0			* set for null
03:0000285C 1080            	  2287: 	MOVE.b	d0,(a0)		* null terminate string
03:0000285E 303C0033        	  2288: 	MOVE		#51,d0		* open existing file
03:00002862 4E4F            	  2289: 	TRAP		#15
03:00002864 4A40            	  2290: 	TST.w		d0			* test load result
03:00002866 663A            	  2291: 	BNE		LOAD_exit		* if error clear up and exit
                            	  2292: 
03:00002868 23C100E805F5    	  2293: 	MOVE.l	d1,file_id		* save file ID
03:0000286E 227C00E805F4    	  2294: 	MOVEA.l	#file_byte,a1	* point to byte buffer
03:00002874 7401            	  2295: 	MOVEQ		#1,d2			* set byte count
03:00002876 7035            	  2296: 	MOVEQ		#53,d0		* read first byte from file
03:00002878 4E4F            	  2297: 	TRAP		#15
                            	  2298: 
03:0000287A 4A40            	  2299: 	TST.w		d0			* test status
03:0000287C 6620            	  2300: 	BNE		LOAD_close		* if error close files & exit
                            	  2301: 
03:0000287E 7400            	  2302: 	MOVEQ		#0,d2			* file position
03:00002880 7037            	  2303: 	MOVEQ		#55,d0		* reset file position
03:00002882 4E4F            	  2304: 	TRAP		#15
                            	  2305: 
03:00002884 1011            	  2306: 	MOVE.b	(a1),d0		* get first file byte
03:00002886 6626            	  2307: 	BNE		LOAD_ascii		* if first byte not $00 go do ASCII load
                            	  2308: 
                            	  2309: 						* do binary load
03:00002888 227900E80432    	  2310: 	MOVEA.l	Smeml,a1		* get start of program memory
03:0000288E 343C7FFF        	  2311: 	MOVE.w	#$7FFF,d2		* set to $7FFF (max read length)
03:00002892 7035            	  2312: 	MOVEQ		#53,d0		* read from file
03:00002894 4E4F            	  2313: 	TRAP		#15
                            	  2314: 
03:00002896 D489            	  2315: 	ADD.l		a1,d2			* add start of memory to loaded program length
03:00002898 23C200E80436    	  2316: 	MOVE.l	d2,Sfncl		* save end of program
                            	  2317: 
                            	  2318: LOAD_close
03:0000289E 7032            	  2319: 	MOVEQ		#50,d0		* close all files
03:000028A0 4E4F            	  2320: 	TRAP		#15
                            	  2321: 
                            	  2322: LOAD_exit
03:000028A2 205F            	  2323: 	MOVEA.l	(sp)+,a0		* get string end back
03:000028A4 109F            	  2324: 	MOVE.b	(sp)+,(a0)		* put byte back
03:000028A6 610005BE        	  2325: 	BSR		LAB_147A		* go do "CLEAR"
03:000028AA 60000350        	  2326: 	BRA		LAB_1274		* BASIC warm start entry, go wait for Basic command
                            	  2327: 
                            	  2328: * is ASCII file so just change the input vector
                            	  2329: 
                            	  2330: LOAD_ascii
03:000028AE 43FA0010        	  2331: 	LEA		(LOAD_in,PC),a1	* get byte from file vector
03:000028B2 23C900E8040E    	  2332: 	MOVE.l	a1,V_INPTv		* set input vector
03:000028B8 205F            	  2333: 	MOVEA.l	(sp)+,a0		* get string end back
03:000028BA 109F            	  2334: 	MOVE.b	(sp)+,(a0)		* put byte back
03:000028BC 60000346        	  2335: 	BRA		LAB_127D		* now we just wait for Basic command (no "Ready")
                            	  2336: 
                            	  2337: * input character to register d0 from file
                            	  2338: 
                            	  2339: LOAD_in
03:000028C0 48E76040        	  2340: 	MOVEM.l	d1-d2/a1,-(sp)	* save d1, d2 & a1
03:000028C4 223900E805F5    	  2341: 	MOVE.l	file_id,d1		* get file ID back
03:000028CA 227C00E805F4    	  2342: 	MOVEA.l	#file_byte,a1	* point to byte buffer
03:000028D0 7401            	  2343: 	MOVEQ		#1,d2			* set count for one byte
03:000028D2 7035            	  2344: 	MOVEQ		#53,d0		* read from file
03:000028D4 4E4F            	  2345: 	TRAP		#15
                            	  2346: 
03:000028D6 4A40            	  2347: 	TST.w		d0			* test status
03:000028D8 660C            	  2348: 	BNE		LOAD_eof		* branch if byte read failed
                            	  2349: 
03:000028DA 1011            	  2350: 	MOVE.b	(a1),d0		* get byte
03:000028DC 4CDF0206        	  2351: 	MOVEM.l	(sp)+,d1-d2/a1	* restore d1, d2 & a1
03:000028E0 003C0001        	  2352: 	ORI.b		#1,CCR		* set carry, flag we got a byte
03:000028E4 4E75            	  2353: 	RTS
                            	  2354: 						* got an error on read so restore vector and tidy up
                            	  2355: LOAD_eof
03:000028E6 7032            	  2356: 	MOVEQ		#50,d0		* close all files
03:000028E8 4E4F            	  2357: 	TRAP		#15
                            	  2358: 
03:000028EA 43FAFF18        	  2359: 	LEA		(VEC_IN,PC),a1	* get byte from input device vector
03:000028EE 23C900E8040E    	  2360: 	MOVE.l	a1,V_INPTv		* set input vector
03:000028F4 7000            	  2361: 	MOVEQ		#0,d0			* clear byte
03:000028F6 4CDF0206        	  2362: 	MOVEM.l	(sp)+,d1-d2/a1	* restore d1, d2 & a1
03:000028FA 6100056A        	  2363: 	BSR		LAB_147A		* do CLEAR (erase variables/functions & flush stacks)
03:000028FE 600002FC        	  2364: 	BRA		LAB_1274		* BASIC warm start entry, go wait for Basic command
                            	  2365: 
                            	  2366: * SAVE routine for the Easy68k simulator
                            	  2367: 
                            	  2368: VEC_SV
03:00002902 534D            	  2369: 	SUBQ.w	#1,a5			* decrement execute pointer
03:00002904 61000F92        	  2370: 	BSR		LAB_GVAL		* get value from line
03:00002908 61000E12        	  2371: 	BSR		LAB_CTST		* check if source is string, else do type mismatch
                            	  2372: 
03:0000290C 61000FE6        	  2373: 	BSR		LAB_GBYT		* get next BASIC byte
03:00002910 675C            	  2374: 	BEQ		SAVE_bas		* branch if no following
                            	  2375: 
03:00002912 B03C002C        	  2376: 	CMP.b		#',',d0		* compare with ","
03:00002916 660002B4        	  2377: 	BNE		LAB_SNER		* not "," so go do syntax error/warm start
                            	  2378: 
03:0000291A 61000FD6        	  2379: 	BSR		LAB_IGBY		* increment & scan memory
03:0000291E 00000020        	  2380: 	ORI.b		#$20,d0		* ensure lower case
03:00002922 B03C0061        	  2381: 	CMP.b		#'a',d0		* compare with "a"
03:00002926 660002A4        	  2382: 	BNE		LAB_SNER		* not "a" so go do syntax error/warm start
                            	  2383: 
03:0000292A 610018C8        	  2384: 	BSR		LAB_EVST		* evaluate string, returns d0 = length, a0 = pointer
03:0000292E 67000290        	  2385: 	BEQ		LAB_FCER		* if null do function call error, then warm start
                            	  2386: 
03:00002932 2248            	  2387: 	MOVEA.l	a0,a1			* copy filename pointer
03:00002934 D0C0            	  2388: 	ADDA.w	d0,a0			* add length to find end of string
03:00002936 1F10            	  2389: 	MOVE.b	(a0),-(sp)		* save byte
03:00002938 2F08            	  2390: 	MOVE.l	a0,-(sp)		* save address
03:0000293A 7000            	  2391: 	MOVEQ		#0,d0			* set for null
03:0000293C 1080            	  2392: 	MOVE.b	d0,(a0)		* null terminate string
03:0000293E 303C0034        	  2393: 	MOVE		#52,d0		* open new file
03:00002942 4E4F            	  2394: 	TRAP		#15
03:00002944 4A40            	  2395: 	TST.w		d0			* test save result
03:00002946 665A            	  2396: 	BNE		SAVE_exit		* if error clear up and exit
                            	  2397: 
03:00002948 23C100E805F5    	  2398: 	MOVE.l	d1,file_id		* save file ID
                            	  2399: 
03:0000294E 2F3900E80414    	  2400: 	MOVE.l	V_OUTPv,-(sp)	* save the output vector
03:00002954 43FA0058        	  2401: 	LEA		(SAVE_OUT,PC),a1	* send byte to file vector
03:00002958 23C900E80414    	  2402: 	MOVE.l	a1,V_OUTPv		* change output vector
                            	  2403: 
03:0000295E 61000F92        	  2404: 	BSR		LAB_IGBY		* increment & scan memory
03:00002962 61000552        	  2405: 	BSR		LAB_LIST		* go do list (line numbers applicable)
                            	  2406: 
03:00002966 23DF00E80414    	  2407: 	MOVE.l	(sp)+,V_OUTPv	* restore the output vector
03:0000296C 6030            	  2408: 	BRA		SAVE_close
                            	  2409: 
                            	  2410: SAVE_bas
03:0000296E 61001884        	  2411: 	BSR		LAB_EVST		* evaluate string, returns d0 = length, a0 = pointer
03:00002972 6700024C        	  2412: 	BEQ		LAB_FCER		* if null do function call error, then warm start
                            	  2413: 
03:00002976 2248            	  2414: 	MOVEA.l	a0,a1			* copy filename pointer
03:00002978 D0C0            	  2415: 	ADDA.w	d0,a0			* add length to find end of string
03:0000297A 1F10            	  2416: 	MOVE.b	(a0),-(sp)		* save byte
03:0000297C 2F08            	  2417: 	MOVE.l	a0,-(sp)		* save address
03:0000297E 7000            	  2418: 	MOVEQ		#0,d0			* set for null
03:00002980 1080            	  2419: 	MOVE.b	d0,(a0)		* null terminate string
03:00002982 303C0034        	  2420: 	MOVE		#52,d0		* open new file
03:00002986 4E4F            	  2421: 	TRAP		#15
03:00002988 4A40            	  2422: 	TST.w		d0			* test save result
03:0000298A 6616            	  2423: 	BNE		SAVE_exit		* if error clear up and exit
                            	  2424: 
03:0000298C 227900E80432    	  2425: 	MOVEA.l	Smeml,a1		* get start of program
03:00002992 243900E80436    	  2426: 	MOVE.l	Sfncl,d2		* get end of program
03:00002998 9489            	  2427: 	SUB.l		a1,d2			* subtract start of program (= length)
                            	  2428: 
03:0000299A 7036            	  2429: 	MOVEQ		#54,d0		* write to file
03:0000299C 4E4F            	  2430: 	TRAP		#15
                            	  2431: 
                            	  2432: SAVE_close
03:0000299E 7032            	  2433: 	MOVEQ		#50,d0		* close all files
03:000029A0 4E4F            	  2434: 	TRAP		#15
                            	  2435: 
                            	  2436: SAVE_exit
03:000029A2 205F            	  2437: 	MOVEA.l	(sp)+,a0		* get string end back
03:000029A4 109F            	  2438: 	MOVE.b	(sp)+,(a0)		* put byte back
03:000029A6 4A40            	  2439: 	TST.w		d0			* test save result
03:000029A8 66000216        	  2440: 	BNE		LAB_FCER		* if error do function call error, then warm start
                            	  2441: 
03:000029AC 4E75            	  2442: 	RTS
                            	  2443: 
                            	  2444: * output character to file from register d0
                            	  2445: 
                            	  2446: SAVE_OUT
03:000029AE 48E7E040        	  2447: 	MOVEM.l	d0-d2/a1,-(sp)	* save d0, d1, d2 & a1
03:000029B2 223900E805F5    	  2448: 	MOVE.l	file_id,d1		* get file ID back
03:000029B8 227C00E805F4    	  2449: 	MOVEA.l	#file_byte,a1	* point to byte buffer
03:000029BE 1280            	  2450: 	MOVE.b	d0,(a1)		* save byte
03:000029C0 7401            	  2451: 	MOVEQ		#1,d2			* set byte count
03:000029C2 7036            	  2452: 	MOVEQ		#54,d0		* write to file
03:000029C4 4E4F            	  2453: 	TRAP		#15
03:000029C6 4CDF0207        	  2454: 	MOVEM.l	(sp)+,d0-d2/a1	* restore d0, d1, d2 & a1
03:000029CA 4E75            	  2455: 	RTS
                            	  2456: 
                            	  2457: ****************************************************************************************
                            	  2458: ****************************************************************************************
                            	  2459: ****************************************************************************************
                            	  2460: ****************************************************************************************
                            	  2461: *
                            	  2462: * Register use :- (must improve this !!)
                            	  2463: *
                            	  2464: *	a6 -	temp Bpntr			* temporary BASIC execute pointer
                            	  2465: *	a5 -	Bpntr				* BASIC execute (get byte) pointer
                            	  2466: *	a4 -	des_sk			* descriptor stack pointer
                            	  2467: *	a3 -	
                            	  2468: *	a2 -	
                            	  2469: *	a1 -	
                            	  2470: *	a0 -	
                            	  2471: *
                            	  2472: *	d7 -	FAC1 mantissa		* to do
                            	  2473: *	d6 -	FAC1 sign & exponent	* to do
                            	  2474: *	d5 -	FAC2 mantissa		* to do
                            	  2475: *	d4 -	FAC2 sign & exponent	* to do
                            	  2476: *	d3 -	BASIC got byte		* to do
                            	  2477: *	d2 -	
                            	  2478: *	d1 -	general purpose
                            	  2479: *	d0 -	general purpose
                            	  2480: *
                            	  2481: *
                            	  2482: 
                            	  2483: * turn off simulator key echo
                            	  2484: 
                            	  2485: 	even
                            	  2486: ;ehbasic:
                            	  2487: ;	JMP		LAB_WARM		* go do warm start
                            	  2488: 
                            	  2489: code_start
03:000029CC 700C            	  2490: 	MOVEQ		#12,d0		* keyboard echo
03:000029CE 7200            	  2491: 	MOVEQ		#0,d1			* turn off echo
03:000029D0 4E4F            	  2492: 	TRAP		#15			* do i/o function
                            	  2493: 
                            	  2494: * end of simulator specific code
                            	  2495: 
                            	  2496: * BASIC cold start entry point
                            	  2497: 
                            	  2498: 	even
                            	  2499: ehbasic:
                            	  2500: LAB_COLD
03:000029D2 2E7C00E80400    	  2501: 	MOVE.l	#ram_base,sp	* set simulator stack for this prog
03:000029D8 303C4EF9        	  2502: 	MOVE.w	#$4EF9,d0		* JMP opcode
03:000029DC 204F            	  2503: 	MOVEA.l	sp,a0			* point to start of vector table
                            	  2504: 
03:000029DE 30C0            	  2505: 	MOVE.w	d0,(a0)+		* LAB_WARM
03:000029E0 43FAFFF0        	  2506: 	LEA		(LAB_COLD,PC),a1	* initial warm start vector
03:000029E4 20C9            	  2507: 	MOVE.l	a1,(a0)+		* set vector
                            	  2508: 
03:000029E6 30C0            	  2509: 	MOVE.w	d0,(a0)+		* Usrjmp
03:000029E8 43FA01D6        	  2510: 	LEA		(LAB_FCER,PC),a1	* initial user function vector
                            	  2511: 						* "Function call" error
03:000029EC 20C9            	  2512: 	MOVE.l	a1,(a0)+		* set vector
                            	  2513: 
03:000029EE 30C0            	  2514: 	MOVE.w	d0,(a0)+		* V_INPT JMP opcode
03:000029F0 43FAFE12        	  2515: 	LEA		(VEC_IN,PC),a1	* get byte from input device vector
03:000029F4 20C9            	  2516: 	MOVE.l	a1,(a0)+		* set vector
                            	  2517: 
03:000029F6 30C0            	  2518: 	MOVE.w	d0,(a0)+		* V_OUTP JMP opcode
03:000029F8 43FAFE06        	  2519: 	LEA		(VEC_OUT,PC),a1	* send byte to output device vector
03:000029FC 20C9            	  2520: 	MOVE.l	a1,(a0)+		* set vector
                            	  2521: 
03:000029FE 30C0            	  2522: 	MOVE.w	d0,(a0)+		* V_LOAD JMP opcode
03:00002A00 43FAFE42        	  2523: 	LEA		(VEC_LD,PC),a1	* load BASIC program vector
03:00002A04 20C9            	  2524: 	MOVE.l	a1,(a0)+		* set vector
                            	  2525: 
03:00002A06 30C0            	  2526: 	MOVE.w	d0,(a0)+		* V_SAVE JMP opcode
03:00002A08 43FAFEF8        	  2527: 	LEA		(VEC_SV,PC),a1	* save BASIC program vector
03:00002A0C 20C9            	  2528: 	MOVE.l	a1,(a0)+		* set vector
                            	  2529: 
03:00002A0E 30C0            	  2530: 	MOVE.w	d0,(a0)+		* V_CTLC JMP opcode
03:00002A10 43FA27F4        	  2531: 	LEA		(VEC_CC,PC),a1	* save CTRL-C check vector
03:00002A14 20C9            	  2532: 	MOVE.l	a1,(a0)+		* set vector
                            	  2533: 
03:00002A16 208F            	  2534: 	MOVE.l	sp,(a0)		* save entry stack value
                            	  2535: 
                            	  2536: * set-up start values
                            	  2537: 	even
                            	  2538: LAB_GMEM
03:00002A18 7000            	  2539: 	MOVEQ		#$00,d0		* clear d0
03:00002A1A 13C000E805ED    	  2540: 	MOVE.b	d0,Nullct		* default NULL count
03:00002A20 13C000E805EE    	  2541: 	MOVE.b	d0,TPos		* clear terminal position
03:00002A26 13C000E805F1    	  2542: 	MOVE.b	d0,ccflag		* allow CTRL-C check
03:00002A2C 33C000E0FFFE    	  2543: 	MOVE.w	d0,prg_strt-2	* clear start word
03:00002A32 33C000E805DE    	  2544: 	MOVE.w	d0,BHsend		* clear value to string end word
                            	  2545: 
03:00002A38 13FC005000E805EF	  2546: 	MOVE.b	#$50,TWidth		* default terminal width byte for simulator
                            	  2547: *	MOVE.b	d0,TWidth		* default terminal width byte
                            	  2548: 
03:00002A40 13FC000E00E805EA	  2549: 	MOVE.b	#$0E,TabSiz		* save default tab size = 14
                            	  2550: 
03:00002A48 13FC003800E805F0	  2551: 	MOVE.b	#$38,Iclim		* default limit for TAB = 14 for simulator
                            	  2552: *	MOVE.b	#$F2,Iclim		* default limit for TAB = 14
                            	  2553: 
03:00002A50 287C00E80492    	  2554: 	MOVEA.l	#des_sk,a4		* set descriptor stack start
                            	  2555: 
03:00002A56 610009BE        	  2556: 	BSR		LAB_CRLF		* print CR/LF
03:00002A5A 41FA3685        	  2557: 	LEA		(LAB_MSZM,PC),a0	* point to memory size message
03:00002A5E 61000A18        	  2558: 	BSR		LAB_18C3		* print null terminated string from memory
03:00002A62 6100029A        	  2559: 	BSR		LAB_INLN		* print "? " and get BASIC input
                            	  2560: 						* return a0 pointing to the buffer start
03:00002A66 2A48            	  2561: 	MOVEA.l	a0,a5			* set BASIC execute pointer to buffer
03:00002A68 61000E8A        	  2562: 	BSR		LAB_GBYT		* scan memory
03:00002A6C 6628            	  2563: 	BNE.s		LAB_2DAA		* branch if not null (user typed something)
                            	  2564: 
                            	  2565: 						* character was null so get memory size the hard way
                            	  2566: 
03:00002A6E 207C00E10000    	  2567: 	MOVEA.l	#prg_strt,a0	* get start of program RAM
03:00002A74 243C00E80000    	  2568: 	MOVE.l	#ram_top,d2		* remember top of ram+1
03:00002A7A 303C5555        	  2569: 	MOVE.w	#$5555,d0		* test pattern 1
03:00002A7E 323CAAAA        	  2570: 	MOVE.w	#$AAAA,d1		* test pattern 2
                            	  2571: 
                            	  2572: LAB_2D93
03:00002A82 B1C2            	  2573: 	CMPA.l	d2,a0			* compare with top of RAM+1
03:00002A84 6746            	  2574: 	BEQ.s		LAB_2DB6		* branch if match (end of user RAM)
                            	  2575: 
03:00002A86 3080            	  2576: 	MOVE.w	d0,(a0)		* set test word
03:00002A88 B050            	  2577: 	CMP.w		(a0),d0		* compare it
03:00002A8A 6640            	  2578: 	BNE.s		LAB_2DB6		* branch if fail
                            	  2579: 
03:00002A8C 3081            	  2580: 	MOVE.w	d1,(a0)		* set new test word
03:00002A8E B258            	  2581: 	CMP.w		(a0)+,d1		* compare it
03:00002A90 67F0            	  2582: 	BEQ.s		LAB_2D93		* if ok go do next word
                            	  2583: 
03:00002A92 5548            	  2584: 	SUBQ.w	#2,a0			* decrement pointer
03:00002A94 6036            	  2585: 	BRA.s		LAB_2DB6		* and branch if fail
                            	  2586: 
                            	  2587: LAB_2DAA
03:00002A96 61002998        	  2588: 	BSR		LAB_2887		* get FAC1 from string
03:00002A9A 123900E80598    	  2589: 	MOVE.b	FAC1_e,d1		* get FAC1 exponent
03:00002AA0 B23C0081        	  2590: 	CMP.b		#$81,d1		* compare with min
03:00002AA4 6500FF72        	  2591: 	BCS		LAB_GMEM		* if <1 go get again
                            	  2592: 
03:00002AA8 B23C00A0        	  2593: 	CMP.b		#$A0,d1		* compare maximum integer range exponent
03:00002AAC 6614            	  2594: 	BNE.s		LAB_2DAB		* if not $A0 go test is less
                            	  2595: 
03:00002AAE 4A3900E80599    	  2596: 	TST.b		FAC1_s		* test FAC1 sign
03:00002AB4 6A10            	  2597: 	BPL.s		LAB_2DAD		* branch if FAC1 +ve
                            	  2598: 
                            	  2599: 						* FAC1 was -ve and exponent is $A0
03:00002AB6 0CB98000000000E8	  2600: 	CMPI.l	#$80000000,FAC1_m	* compare with max -ve
03:00002ABE 0594
03:00002AC0 6704            	  2601: 	BEQ.s		LAB_2DAD		* branch if max -ve
                            	  2602: 
                            	  2603: LAB_2DAB
03:00002AC2 6400FF54        	  2604: 	BCC		LAB_GMEM		* get again if too big
                            	  2605: 
                            	  2606: LAB_2DAD
03:00002AC6 61001F12        	  2607: 	BSR		LAB_2831		* convert FAC1 floating-to-fixed
                            	  2608: 						* result in d0 and Itemp
03:00002ACA 2040            	  2609: 	MOVEA.l	d0,a0			* copy result to address reg
                            	  2610: 
                            	  2611: LAB_2DB6
03:00002ACC B1FC00E10100    	  2612: 	CMPA.l	#(prg_strt+$100),a0	* compare with start of RAM+$100
03:00002AD2 6500FF44        	  2613: 	BCS		LAB_GMEM		* if too small go try again
                            	  2614: 
                            	  2615: * uncomment these lines if you want to check on the high limit of memory. Note if
                            	  2616: * Ram_top is set too low then this will fail. default is ignore it and assume the
                            	  2617: * users know what they're doing!
                            	  2618: *	
                            	  2619: *	CMPA.l	#Ram_top,a0		* compare with end of RAM+1
                            	  2620: *	BHI.s		LAB_GMEM		* if too large go try again
                            	  2621: 
03:00002AD6 23C800E8044E    	  2622: 	MOVE.l	a0,Ememl		* set end of mem
03:00002ADC 23C800E8044A    	  2623: 	MOVE.l	a0,Sstorl		* set bottom of string space
                            	  2624: 
03:00002AE2 7000            	  2625: 	MOVEQ		#0,d0			* longword clear
03:00002AE4 207C00E10000    	  2626: 	MOVEA.l	#prg_strt,a0	* get start of mem
03:00002AEA 2080            	  2627: 	MOVE.l	d0,(a0)		* clear first longword
03:00002AEC 23C800E80432    	  2628: 	MOVE.l	a0,Smeml		* save start of mem
                            	  2629: 
03:00002AF2 6100035A        	  2630: 	BSR		LAB_1463		* do "NEW" and "CLEAR"
03:00002AF6 6100091E        	  2631: 	BSR		LAB_CRLF		* print CR/LF
03:00002AFA 203900E8044E    	  2632: 	MOVE.l	Ememl,d0		* get end of mem
03:00002B00 90B900E80432    	  2633: 	SUB.l		Smeml,d0		* subtract start of mem
                            	  2634: 
03:00002B06 61001F58        	  2635: 	BSR		LAB_295E		* print d0 as unsigned integer (bytes free)
03:00002B0A 41FA35E4        	  2636: 	LEA		(LAB_SMSG,PC),a0	* point to start message
03:00002B0E 61000968        	  2637: 	BSR		LAB_18C3		* print null terminated string from memory
                            	  2638: 
03:00002B12 307C568E        	  2639: 	MOVEA.l	#LAB_RSED,a0	* point to value
03:00002B16 61001D96        	  2640: 	BSR		LAB_UFAC		* unpack memory (a0) into FAC1
                            	  2641: 
03:00002B1A 23FC00002BFC00E8	  2642: 	MOVE.l	#LAB_1274,Wrmjpv	* warm start vector
03:00002B22 0402
03:00002B24 610023A6        	  2643: 	BSR		LAB_RND		* initialise
03:00002B28 4EF900E80400    	  2644: 	JMP		LAB_WARM		* go do warm start
                            	  2645: 
                            	  2646: * search the stack for FOR, GOSUB or DO activity
                            	  2647: * exit with z=1 if FOR, else exit with z=0
                            	  2648: * return modified stack in a2
                            	  2649: 
                            	  2650: LAB_11A1
03:00002B2E 244F            	  2651: 	MOVEA.l	sp,a2			* copy stack pointer
03:00002B30 504A            	  2652: 	ADDQ.w	#8,a2			* back past two levels of return address
                            	  2653: LAB_11A6
03:00002B32 3012            	  2654: 	MOVE.w	(a2),d0		* get token
03:00002B34 B07C0081        	  2655: 	CMP.w		#TK_FOR,d0		* is FOR token on stack?
03:00002B38 6618            	  2656: 	BNE.s		RTS_002		* exit if not
                            	  2657: 
                            	  2658: 						* was FOR token
03:00002B3A 206A0002        	  2659: 	MOVEA.l	2(a2),a0		* get stacked FOR variable pointer
03:00002B3E 227900E80476    	  2660: 	MOVEA.l	Frnxtl,a1		* get variable pointer for FOR/NEXT
03:00002B44 B2FC0000        	  2661: 	CMPA.l	#0,a1			* set the flags
03:00002B48 660A            	  2662: 	BNE.s		LAB_11BB		* branch if not null
                            	  2663: 
03:00002B4A 23C800E80476    	  2664: 	MOVE.l	a0,Frnxtl		* save var pointer for FOR/NEXT
03:00002B50 B040            	  2665: 	CMP.w		d0,d0			* set z for ok exit
                            	  2666: RTS_002
03:00002B52 4E75            	  2667: 	RTS
                            	  2668: 
                            	  2669: LAB_11BB
03:00002B54 B1C9            	  2670: 	CMPA.l	a1,a0			* compare var pointer with stacked var pointer
03:00002B56 670C            	  2671: 	BEQ.s		RTS_003		* exit if match found
                            	  2672: 
03:00002B58 45EA001A        	  2673: 	ADDA.w	#$1A,a2		* add FOR stack use size
03:00002B5C B5F900E80400    	  2674: 	CMPA.l	ram_base,a2		* compare with stack top
03:00002B62 65CE            	  2675: 	BCS.s		LAB_11A6		* loop if not at start of stack
                            	  2676: 
                            	  2677: RTS_003
03:00002B64 4E75            	  2678: 	RTS
                            	  2679: 
                            	  2680: * check room on stack for d0 bytes
                            	  2681: 
                            	  2682: *LAB_1212
                            	  2683: *	ADD.l		#ram_strt,d0	* add start of ram to value to check
                            	  2684: *	CMP.l		sp,d0			* compare new "limit" with stack pointer
                            	  2685: *	BCC.s		LAB_OMER		* if sp<limit do "Out of memory" error/warm start
                            	  2686: 
                            	  2687: *	RTS
                            	  2688: 
                            	  2689: * check available memory, "Out of memory" error if no room
                            	  2690: * addr to check is in a0
                            	  2691: 
                            	  2692: LAB_121F
03:00002B66 B1F900E8044A    	  2693: 	CMPA.l	Sstorl,a0		* compare with bottom of string memory
03:00002B6C 650C            	  2694: 	BCS.s		RTS_004		* if less then exit (is ok)
                            	  2695: 
03:00002B6E 61001528        	  2696: 	BSR		LAB_GARB		* garbage collection routine
03:00002B72 B1F900E8044A    	  2697: 	CMPA.l	Sstorl,a0		* compare with bottom of string memory
03:00002B78 633E            	  2698: 	BLS.s		LAB_OMER		* if Sstorl <= a0 do "Out of memory" error/warm start
                            	  2699: 
                            	  2700: RTS_004					* ok exit, carry set
03:00002B7A 4E75            	  2701: 	RTS
                            	  2702: 
                            	  2703: ** do internal error
                            	  2704: *
                            	  2705: *LAB_ITER
                            	  2706: *	MOVEQ		#$58,d0		* error code $58 "Internal" error
                            	  2707: *	BRA.s		LAB_XERR		* do error #d0, then warm start
                            	  2708: 
                            	  2709: * do address error
                            	  2710: 
                            	  2711: LAB_ADER
03:00002B7C 7054            	  2712: 	MOVEQ		#$54,d0		* error code $54 "Address" error
03:00002B7E 6052            	  2713: 	BRA.s		LAB_XERR		* do error #d0, then warm start
                            	  2714: 
                            	  2715: * do wrong dimensions error
                            	  2716: 
                            	  2717: LAB_WDER
03:00002B80 7050            	  2718: 	MOVEQ		#$50,d0		* error code $50 "Wrong dimensions" error
03:00002B82 604E            	  2719: 	BRA.s		LAB_XERR		* do error #d0, then warm start
                            	  2720: 
                            	  2721: * do undimensioned array error
                            	  2722: 
                            	  2723: LAB_UDER
03:00002B84 704C            	  2724: 	MOVEQ		#$4C,d0		* error code $4C "undimensioned array" error
03:00002B86 604A            	  2725: 	BRA.s		LAB_XERR		* do error #d0, then warm start
                            	  2726: 
                            	  2727: * do undefined variable error
                            	  2728: 
                            	  2729: LAB_UVER
03:00002B88 7048            	  2730: 	MOVEQ		#$48,d0		* error code $24*2 "undefined variable" error
03:00002B8A 6046            	  2731: 	BRA.s		LAB_XERR		* do error #X then warm start
                            	  2732: 
                            	  2733: * if you want undefined variables to return 0 (or "") then comment out the above
                            	  2734: * two lines and uncomment these two
                            	  2735: *
                            	  2736: * value returned by this is either numeric zero (exponent byte is $00) or null string
                            	  2737: * (string pointer is $00). in fact a pointer to any $00 longword would have done.
                            	  2738: *
                            	  2739: *	LEA	(LAB_1D96,PC),a0		* else return dummy null pointer
                            	  2740: *	RTS
                            	  2741: 
                            	  2742: * do loop without do error
                            	  2743: 
                            	  2744: LAB_LDER
03:00002B8C 7044            	  2745: 	MOVEQ		#$44,d0		* error code $22*2 "LOOP without DO" error
03:00002B8E 6042            	  2746: 	BRA.s		LAB_XERR		* do error #d0, then warm start
                            	  2747: 
                            	  2748: * do undefined function error
                            	  2749: 
                            	  2750: LAB_UFER
03:00002B90 7040            	  2751: 	MOVEQ		#$40,d0		* error code $20*2 "Undefined function" error
03:00002B92 603E            	  2752: 	BRA.s		LAB_XERR		* do error #d0, then warm start
                            	  2753: 
                            	  2754: * do can't continue error
                            	  2755: 
                            	  2756: LAB_CCER
03:00002B94 703C            	  2757: 	MOVEQ		#$3C,d0		* error code $1E*2 "Can't continue" error
03:00002B96 603A            	  2758: 	BRA.s		LAB_XERR		* do error #d0, then warm start
                            	  2759: 
                            	  2760: * do string too complex error
                            	  2761: 
                            	  2762: LAB_SCER
03:00002B98 7038            	  2763: 	MOVEQ		#$38,d0		* error code $1C*2 "String too complex" error
03:00002B9A 6036            	  2764: 	BRA.s		LAB_XERR		* do error #d0, then warm start
                            	  2765: 
                            	  2766: * do string too long error
                            	  2767: 
                            	  2768: LAB_SLER
03:00002B9C 7034            	  2769: 	MOVEQ		#$34,d0		* error code $1A*2 "String too long" error
03:00002B9E 6032            	  2770: 	BRA.s		LAB_XERR		* do error #d0, then warm start
                            	  2771: 
                            	  2772: * do type missmatch error
                            	  2773: 
                            	  2774: LAB_TMER
03:00002BA0 7030            	  2775: 	MOVEQ		#$30,d0		* error code $18*2 "Type mismatch" error
03:00002BA2 602E            	  2776: 	BRA.s		LAB_XERR		* do error #d0, then warm start
                            	  2777: 
                            	  2778: * do illegal direct error
                            	  2779: 
                            	  2780: LAB_IDER
03:00002BA4 702C            	  2781: 	MOVEQ		#$2C,d0		* error code $16*2 "Illegal direct" error
03:00002BA6 602A            	  2782: 	BRA.s		LAB_XERR		* do error #d0, then warm start
                            	  2783: 
                            	  2784: * do divide by zero error
                            	  2785: 
                            	  2786: LAB_DZER
03:00002BA8 7028            	  2787: 	MOVEQ		#$28,d0		* error code $14*2 "Divide by zero" error
03:00002BAA 6026            	  2788: 	BRA.s		LAB_XERR		* do error #d0, then warm start
                            	  2789: 
                            	  2790: * do double dimension error
                            	  2791: 
                            	  2792: LAB_DDER
03:00002BAC 7024            	  2793: 	MOVEQ		#$24,d0		* set error $12*2 "Double dimension" error
03:00002BAE 6022            	  2794: 	BRA.s		LAB_XERR		* do error #d0, then warm start
                            	  2795: 
                            	  2796: * do array bounds error
                            	  2797: 
                            	  2798: LAB_ABER
03:00002BB0 7020            	  2799: 	MOVEQ		#$20,d0		* error code $10*2 "Array bounds" error
03:00002BB2 601E            	  2800: 	BRA.s		LAB_XERR		* do error #d0, then warm start
                            	  2801: 
                            	  2802: * do undefine satement error
                            	  2803: 
                            	  2804: LAB_USER
03:00002BB4 701C            	  2805: 	MOVEQ		#$1C,d0		* error code $0E*2 "Undefined statement" error
03:00002BB6 601A            	  2806: 	BRA.s		LAB_XERR		* do error #d0, then warm start
                            	  2807: 
                            	  2808: * do out of memory error
                            	  2809: 
                            	  2810: LAB_OMER
03:00002BB8 7018            	  2811: 	MOVEQ		#$18,d0		* error code $0C*2 "Out of memory" error
03:00002BBA 6016            	  2812: 	BRA.s		LAB_XERR		* do error #d0, then warm start
                            	  2813: 
                            	  2814: * do overflow error
                            	  2815: 
                            	  2816: LAB_OFER
03:00002BBC 7014            	  2817: 	MOVEQ		#$14,d0		* error code $0A*2 "Overflow" error
03:00002BBE 6012            	  2818: 	BRA.s		LAB_XERR		* do error #d0, then warm start
                            	  2819: 
                            	  2820: * do function call error
                            	  2821: 
                            	  2822: LAB_FCER
03:00002BC0 7010            	  2823: 	MOVEQ		#$10,d0		* error code $08*2 "Function call" error
03:00002BC2 600E            	  2824: 	BRA.s		LAB_XERR		* do error #d0, then warm start
                            	  2825: 
                            	  2826: * do out of data error
                            	  2827: 
                            	  2828: LAB_ODER
03:00002BC4 700C            	  2829: 	MOVEQ		#$0C,d0		* error code $06*2 "Out of DATA" error
03:00002BC6 600A            	  2830: 	BRA.s		LAB_XERR		* do error #d0, then warm start
                            	  2831: 
                            	  2832: * do return without gosub error
                            	  2833: 
                            	  2834: LAB_RGER
03:00002BC8 7008            	  2835: 	MOVEQ		#$08,d0		* error code $04*2 "RETURN without GOSUB" error
03:00002BCA 6006            	  2836: 	BRA.s		LAB_XERR		* do error #d0, then warm start
                            	  2837: 
                            	  2838: * do syntax error
                            	  2839: 
                            	  2840: LAB_SNER
03:00002BCC 7004            	  2841: 	MOVEQ		#$04,d0		* error code $02*2 "Syntax" error
03:00002BCE 6002            	  2842: 	BRA.s		LAB_XERR		* do error #d0, then warm start
                            	  2843: 
                            	  2844: * do next without for error
                            	  2845: 
                            	  2846: LAB_NFER
03:00002BD0 7000            	  2847: 	MOVEQ		#$00,d0		* else set error $00 "NEXT without FOR" error
                            	  2848: 
                            	  2849: * do error #d0, then warm start
                            	  2850: 
                            	  2851: LAB_XERR
03:00002BD2 3E00            	  2852: 	MOVE.w	d0,d7			* copy word
03:00002BD4 610002BC        	  2853: 	BSR		LAB_1491		* flush stack & clear continue flag
03:00002BD8 6100083C        	  2854: 	BSR		LAB_CRLF		* print CR/LF
03:00002BDC 43FA319E        	  2855: 	LEA		(LAB_BAER,PC),a1	* start of error message pointer table
03:00002BE0 20717000        	  2856: 	MOVEA.l	(a1,d7.w),a0	* get error message address
03:00002BE4 61000892        	  2857: 	BSR		LAB_18C3		* print null terminated string from memory
03:00002BE8 41FA34BA        	  2858: 	LEA		(LAB_EMSG,PC),a0	* point to " Error" message
                            	  2859: LAB_1269
03:00002BEC 6100088A        	  2860: 	BSR		LAB_18C3		* print null terminated string from memory
03:00002BF0 203900E80456    	  2861: 	MOVE.l	Clinel,d0		* get current line
03:00002BF6 6B04            	  2862: 	BMI.s		LAB_1274		* go do warm start if -ve # (was immediate mode)
                            	  2863: 
                            	  2864: 						* else print line number
03:00002BF8 61001E58        	  2865: 	BSR		LAB_2953		* print " in line [LINE #]"
                            	  2866: 
                            	  2867: * BASIC warm start entry point, wait for Basic command
                            	  2868: 
                            	  2869: LAB_1274
03:00002BFC 41FA34D9        	  2870: 	LEA		(LAB_RMSG,PC),a0	* point to "Ready" message
03:00002C00 61000876        	  2871: 	BSR		LAB_18C3		* go do print string
                            	  2872: 
                            	  2873: * wait for Basic command (no "Ready")
                            	  2874: 
                            	  2875: LAB_127D
03:00002C04 72FF            	  2876: 	MOVEQ		#-1,d1		* set  to -1
03:00002C06 23C100E80456    	  2877: 	MOVE.l	d1,Clinel		* set current line #
03:00002C0C 13C100E805E4    	  2878: 	MOVE.b	d1,Breakf		* set break flag
03:00002C12 2A7C00E80494    	  2879: 	MOVE.l	#Ibuffs,a5		* set basic execute pointer ready for new line
                            	  2880: LAB_127E
03:00002C18 610000EE        	  2881: 	BSR		LAB_1357		* call for BASIC input
03:00002C1C 61000CD6        	  2882: 	BSR		LAB_GBYT		* scan memory
03:00002C20 67F6            	  2883: 	BEQ.s		LAB_127E		* loop while null
                            	  2884: 
                            	  2885: * got to interpret input line now ....
                            	  2886: 
03:00002C22 650A            	  2887: 	BCS.s		LAB_1295		* branch if numeric character (handle new BASIC line)
                            	  2888: 
                            	  2889: 						* no line number, immediate mode, a5 is buffer start
03:00002C24 61000128        	  2890: 	BSR		LAB_13A6		* crunch keywords into Basic tokens
                            	  2891: 						* crunch from (a5), output to (a0)
                            	  2892: 						* returns ..
                            	  2893: 						* d2 is length, d1 trashed, d0 trashed, a1 trashed
                            	  2894: 
03:00002C28 C14D            	  2895: 	EXG		a0,a5			* set execute pointer to buffer
03:00002C2A 600003CE        	  2896: 	BRA		LAB_15F6		* go scan & interpret code
                            	  2897: 
                            	  2898: * handle new BASIC line
                            	  2899: 
                            	  2900: LAB_1295
03:00002C2E 61000638        	  2901: 	BSR		LAB_GFPN		* get fixed-point number into temp integer
03:00002C32 6100011A        	  2902: 	BSR		LAB_13A6		* crunch keywords into Basic tokens
                            	  2903: 						* crunch from (a5), output to (a0)
                            	  2904: 						* returns ..
                            	  2905: 						* d2 is length, d1 trashed, d0 trashed, a1 trashed
03:00002C36 610001F2        	  2906: 	BSR		LAB_SSLN		* search BASIC for temp integer line number
                            	  2907: 						* returns pointer in a0
03:00002C3A 6534            	  2908: 	BCS.s		LAB_12E6		* branch if not found
                            	  2909: 
                            	  2910: 						* aroooogah! line # already exists! delete it
03:00002C3C 2250            	  2911: 	MOVEA.l	(a0),a1		* get start of block (next line pointer)
03:00002C3E 203900E80436    	  2912: 	MOVE.l	Sfncl,d0		* get end of block (start of functions)
03:00002C44 9089            	  2913: 	SUB.l		a1,d0			* subtract start of block ( = bytes to move)
03:00002C46 E288            	  2914: 	LSR.l		#1,d0			* /2 (word move)
03:00002C48 5340            	  2915: 	SUBQ.w	#1,d0			* adjust for DBF loop
03:00002C4A 2448            	  2916: 	MOVEA.l	a0,a2			* copy destination
                            	  2917: LAB_12B0
03:00002C4C 34D9            	  2918: 	MOVE.w	(a1)+,(a2)+		* copy word
03:00002C4E 51C8FFFC        	  2919: 	DBF		d0,LAB_12B0		* loop until done
                            	  2920: 
03:00002C52 23CA00E80436    	  2921: 	MOVE.l	a2,Sfncl		* start of functions
03:00002C58 23CA00E8043A    	  2922: 	MOVE.l	a2,Svarl		* save start of variables
03:00002C5E 23CA00E8043E    	  2923: 	MOVE.l	a2,Sstrl		* start of strings
03:00002C64 23CA00E80442    	  2924: 	MOVE.l	a2,Sarryl		* save start of arrays
03:00002C6A 23CA00E80446    	  2925: 	MOVE.l	a2,Earryl		* save end of arrays
                            	  2926: 
                            	  2927: 						* got new line in buffer and no existing same #
                            	  2928: LAB_12E6
03:00002C70 103900E80494    	  2929: 	MOVE.b	Ibuffs,d0		* get byte from start of input buffer
03:00002C76 6770            	  2930: 	BEQ.s		LAB_1325		* if null line go do line chaining
                            	  2931: 
                            	  2932: 						* got new line and it isn't empty line
03:00002C78 227900E80436    	  2933: 	MOVEA.l	Sfncl,a1		* get start of functions (end of block to move)
03:00002C7E 2449            	  2934: 	MOVE.l	a1,a2			* copy it
03:00002C80 D4C2            	  2935: 	ADDA.w	d2,a2			* add offset to destination (line length)
03:00002C82 504A            	  2936: 	ADDQ.w	#8,a2			* add room for pointer and line #
                            	  2937: 
03:00002C84 23CA00E80436    	  2938: 	MOVE.l	a2,Sfncl		* start of functions
03:00002C8A 23CA00E8043A    	  2939: 	MOVE.l	a2,Svarl		* save start of variables
03:00002C90 23CA00E8043E    	  2940: 	MOVE.l	a2,Sstrl		* start of strings
03:00002C96 23CA00E80442    	  2941: 	MOVE.l	a2,Sarryl		* save start of arrays
03:00002C9C 23CA00E80446    	  2942: 	MOVE.l	a2,Earryl		* save end of arrays
03:00002CA2 23F900E8044E00E8	  2943: 	MOVE.l	Ememl,Sstorl	* copy end of mem to start of strings (clear strings)
03:00002CAA 044A
                            	  2944: 
03:00002CAC 2209            	  2945: 	MOVE.l	a1,d1			* copy end of block to move
03:00002CAE 9288            	  2946: 	SUB.l		a0,d1			* subtract start of block to move
03:00002CB0 E289            	  2947: 	LSR.l		#1,d1			* /2 (word copy)
03:00002CB2 5381            	  2948: 	SUBQ.l	#1,d1			* correct for loop end on -1
                            	  2949: LAB_1301
03:00002CB4 3521            	  2950: 	MOVE.w	-(a1),-(a2)		* decrement pointers and copy word
03:00002CB6 51C9FFFC        	  2951: 	DBF		d1,LAB_1301		* decrement & loop
                            	  2952: 
03:00002CBA 227C00E80494    	  2953: 	MOVEA.l	#Ibuffs,a1		* source is input buffer
03:00002CC0 2448            	  2954: 	MOVEA.l	a0,a2			* copy destination
03:00002CC2 72FF            	  2955: 	MOVEQ		#-1,d1		* set to allow re-chaining
03:00002CC4 24C1            	  2956: 	MOVE.l	d1,(a2)+		* set next line pointer (allow re-chaining)
03:00002CC6 24F900E8042E    	  2957: 	MOVE.l	Itemp,(a2)+		* save line number
03:00002CCC E24A            	  2958: 	LSR.w		#1,d2			* /2 (word copy)
03:00002CCE 5342            	  2959: 	SUBQ.w	#1,d2			* correct for loop end on -1
                            	  2960: LAB_1303
03:00002CD0 34D9            	  2961: 	MOVE.w	(a1)+,(a2)+		* copy word
03:00002CD2 51CAFFFC        	  2962: 	DBF		d2,LAB_1303		* decrement & loop
                            	  2963: 
03:00002CD6 6010            	  2964: 	BRA.s		LAB_1325		* go test for end of prog
                            	  2965: 
                            	  2966: * rebuild chaining of Basic lines
                            	  2967: 
                            	  2968: LAB_132E
03:00002CD8 5048            	  2969: 	ADDQ.w	#8,a0			* point to first code byte of line, there is always
                            	  2970: 						* 1 byte + [EOL] as null entries are deleted
                            	  2971: LAB_1330
03:00002CDA 4A18            	  2972: 	TST.b		(a0)+			* test byte	
03:00002CDC 66FC            	  2973: 	BNE.s		LAB_1330		* loop if not [EOL]
                            	  2974: 
                            	  2975: 						* was [EOL] so get next line start
03:00002CDE 3208            	  2976: 	MOVE.w	a0,d1			* past pad byte(s)
03:00002CE0 02410001        	  2977: 	ANDI.w	#1,d1			* mask odd bit
03:00002CE4 D0C1            	  2978: 	ADD.w		d1,a0			* add back to ensure even
03:00002CE6 2288            	  2979: 	MOVE.l	a0,(a1)		* save next line pointer to current line
                            	  2980: LAB_1325
03:00002CE8 2248            	  2981: 	MOVEA.l	a0,a1			* copy pointer for this line
03:00002CEA 4A90            	  2982: 	TST.l		(a0)			* test pointer to next line
03:00002CEC 66EA            	  2983: 	BNE.s		LAB_132E		* not end of program yet so we must
                            	  2984: 						* go and fix the pointers
                            	  2985: 
03:00002CEE 6100016E        	  2986: 	BSR		LAB_1477		* reset execution to start, clear vars & flush stack
03:00002CF2 6000FF10        	  2987: 	BRA		LAB_127D		* now we just wait for Basic command (no "Ready")
                            	  2988: 
                            	  2989: * receive line from keyboard
                            	  2990: 						* $08 as delete key (BACKSPACE on standard keyboard)
                            	  2991: LAB_134B
03:00002CF6 6100079A        	  2992: 	BSR		LAB_PRNA		* go print the character
03:00002CFA 5341            	  2993: 	SUBQ.w	#$01,d1		* decrement the buffer index (delete)
03:00002CFC 6012            	  2994: 	BRA.s		LAB_1359		* re-enter loop
                            	  2995: 
                            	  2996: * print "? " and get BASIC input
                            	  2997: * return a0 pointing to the buffer start
                            	  2998: 
                            	  2999: LAB_INLN
03:00002CFE 61000790        	  3000: 	BSR		LAB_18E3		* print "?" character
03:00002D02 7020            	  3001: 	MOVEQ		#' ',d0		* load " "
03:00002D04 6100078C        	  3002: 	BSR		LAB_PRNA		* go print
                            	  3003: 
                            	  3004: * call for BASIC input (main entry point)
                            	  3005: * return a0 pointing to the buffer start
                            	  3006: 	even
                            	  3007: LAB_1357
03:00002D08 7200            	  3008: 	MOVEQ		#$00,d1		* clear buffer index
03:00002D0A 207C00E80494    	  3009: 	MOVEA.l	#Ibuffs,a0		* set buffer base pointer
                            	  3010: LAB_1359
03:00002D10 4EB900E8040C    	  3011: 	JSR		V_INPT		* call scan input device
03:00002D16 64F8            	  3012: 	BCC.s		LAB_1359		* loop if no byte
                            	  3013: 
03:00002D18 67F6            	  3014: 	BEQ.s		LAB_1359		* loop if null byte
                            	  3015: 
03:00002D1A B03C0007        	  3016: 	CMP.b		#$07,d0		* compare with [BELL]
03:00002D1E 6718            	  3017: 	BEQ.s		LAB_1378		* branch if [BELL]
                            	  3018: 
03:00002D20 B03C000D        	  3019: 	CMP.b		#$0D,d0		* compare with [CR]
03:00002D24 670006EA        	  3020: 	BEQ		LAB_1866		* do CR/LF exit if [CR]
                            	  3021: 
03:00002D28 4A41            	  3022: 	TST.w		d1			* set flags on buffer index
03:00002D2A 6606            	  3023: 	BNE.s		LAB_1374		* branch if not empty
                            	  3024: 
                            	  3025: 						* next two lines ignore any non print character
                            	  3026: 						* & [SPACE] if the input buffer is empty
03:00002D2C B03C0021        	  3027: 	CMP.b		#' '+1,d0		* compare with [SP]+1
03:00002D30 65DE            	  3028: 	BCS.s		LAB_1359		* if < ignore character
                            	  3029: 
                            	  3030: LAB_1374
03:00002D32 B03C0008        	  3031: 	CMP.b		#$08,d0		* compare with [BACKSPACE] (delete last character)
03:00002D36 67BE            	  3032: 	BEQ.s		LAB_134B		* go delete last character
                            	  3033: 
                            	  3034: LAB_1378
03:00002D38 B27C00FF        	  3035: 	CMP.w	#(Ibuffe-Ibuffs-1),d1	* compare character count with max-1
03:00002D3C 640C            	  3036: 	BCC.s		LAB_138E		* skip store & do [BELL] if buffer full
                            	  3037: 
03:00002D3E 11801000        	  3038: 	MOVE.b	d0,(a0,d1.w)	* else store in buffer
03:00002D42 5241            	  3039: 	ADDQ.w	#$01,d1		* increment index
                            	  3040: LAB_137F
03:00002D44 6100074C        	  3041: 	BSR		LAB_PRNA		* go print the character
03:00002D48 60C6            	  3042: 	BRA.s		LAB_1359		* always loop for next character
                            	  3043: 
                            	  3044: * announce buffer full
                            	  3045: 
                            	  3046: LAB_138E
03:00002D4A 7007            	  3047: 	MOVEQ		#$07,d0		* [BELL] character into d0
03:00002D4C 60F6            	  3048: 	BRA.s		LAB_137F		* go print the [BELL] but ignore input character
                            	  3049: 
                            	  3050: * crunch keywords into Basic tokens
                            	  3051: * crunch from (a5), output to (a0)
                            	  3052: * returns ..
                            	  3053: * d2 is length
                            	  3054: * d1 trashed
                            	  3055: * d0 trashed
                            	  3056: * a1 trashed
                            	  3057: 
                            	  3058: * this is the improved BASIC crunch routine and is 10 to 100 times faster than the
                            	  3059: * old list search
                            	  3060: 
                            	  3061: LAB_13A6
03:00002D4E 7200            	  3062: 	MOVEQ		#$00,d1		* set read index
03:00002D50 3401            	  3063: 	MOVE.w	d1,d2			* set save index
03:00002D52 13C100E805E5    	  3064: 	MOVE.b	d1,Oquote		* clear open quote/DATA flag
                            	  3065: LAB_13AC
03:00002D58 7000            	  3066: 	MOVEQ		#0,d0			* clear word
03:00002D5A 10351000        	  3067: 	MOVE.b	(a5,d1.w),d0	* get byte from input buffer
03:00002D5E 675C            	  3068: 	BEQ.s		LAB_13EC		* if null save byte then continue crunching
                            	  3069: 
03:00002D60 B03C005F        	  3070: 	CMP.b		#'_',d0		* compare with "_"
03:00002D64 6456            	  3071: 	BCC.s		LAB_13EC		* if >= "_" save byte then continue crunching
                            	  3072: 
03:00002D66 B03C003C        	  3073: 	CMP.b		#'<',d0		* compare with "<"
03:00002D6A 6418            	  3074: 	BCC.s		LAB_13CC		* if >= "<" go crunch
                            	  3075: 
03:00002D6C B03C0030        	  3076: 	CMP.b		#'0',d0		* compare with "0"
03:00002D70 644A            	  3077: 	BCC.s		LAB_13EC		* if >= "0" save byte then continue crunching
                            	  3078: 
03:00002D72 13C000E805E2    	  3079: 	MOVE.b	d0,Asrch		* save buffer byte as search character
03:00002D78 B03C0022        	  3080: 	CMP.b		#$22,d0		* is it quote character?
03:00002D7C 6778            	  3081: 	BEQ		LAB_1410		* branch if so (copy quoted string)
                            	  3082: 
03:00002D7E B03C002A        	  3083: 	CMP.b		#'*',d0		* compare with "*"
03:00002D82 6538            	  3084: 	BCS.s		LAB_13EC		* if <= "*" save byte then continue crunching
                            	  3085: 
                            	  3086: 						* crunch rest
                            	  3087: LAB_13CC
03:00002D84 0839000600E805E5	  3088: 	BTST.b	#6,Oquote		* test open quote/DATA token flag
03:00002D8C 662E            	  3089: 	BNE.s		LAB_13EC		* branch if b6 of Oquote set (was DATA)
                            	  3090: 						* go save byte then continue crunching
                            	  3091: 
03:00002D8E 903C002A        	  3092: 	SUB.b		#$2A,d0		* normalise byte
03:00002D92 D040            	  3093: 	ADD.w		d0,d0			* *2 makes word offset (high byte=$00)
03:00002D94 43FA2DF4        	  3094: 	LEA		(TAB_CHRT,PC),a1	* get keyword offset table address
03:00002D98 30310000        	  3095: 	MOVE.w	(a1,d0.w),d0	* get offset into keyword table
03:00002D9C 6B74            	  3096: 	BMI.s		LAB_141F		* branch if no keywords for character
                            	  3097: 
03:00002D9E 43FA3185        	  3098: 	LEA		(TAB_STAR,PC),a1	* get keyword table address
03:00002DA2 D2C0            	  3099: 	ADDA.w	d0,a1			* add keyword offset
03:00002DA4 76FF            	  3100: 	MOVEQ		#-1,d3		* clear index
03:00002DA6 3801            	  3101: 	MOVE.w	d1,d4			* copy read index
                            	  3102: LAB_13D6
03:00002DA8 5243            	  3103: 	ADDQ.w	#1,d3			* increment table index
03:00002DAA 10313000        	  3104: 	MOVE.b	(a1,d3.w),d0	* get byte from table
                            	  3105: LAB_13D8
03:00002DAE 6B0A            	  3106: 	BMI.s		LAB_13EA		* branch if token (save token and continue crunching)
                            	  3107: 
03:00002DB0 5244            	  3108: 	ADDQ.w	#1,d4			* increment read index
03:00002DB2 B0354000        	  3109: 	CMP.b		(a5,d4.w),d0	* compare byte from input buffer
03:00002DB6 67F0            	  3110: 	BEQ.s		LAB_13D6		* loop if character match
                            	  3111: 
03:00002DB8 6046            	  3112: 	BRA.s		LAB_1417		* branch if no match
                            	  3113: 
                            	  3114: LAB_13EA
03:00002DBA 3204            	  3115: 	MOVE.w	d4,d1			* update read index
                            	  3116: LAB_13EC
03:00002DBC 11802000        	  3117: 	MOVE.b	d0,(a0,d2.w)	* save byte to output
03:00002DC0 5242            	  3118: 	ADDQ.w	#1,d2			* increment buffer save index
03:00002DC2 5241            	  3119: 	ADDQ.w	#1,d1			* increment buffer read index
03:00002DC4 4A00            	  3120: 	TST.b		d0			* set flags
03:00002DC6 6750            	  3121: 	BEQ.s		LAB_142A		* branch if was null [EOL]
                            	  3122: 
                            	  3123: 						* d0 holds token or byte here
03:00002DC8 903C003A        	  3124: 	SUB.b		#$3A,d0		* subtract ":"
03:00002DCC 6706            	  3125: 	BEQ.s		LAB_13FF		* branch if it was ":" (is now $00)
                            	  3126: 
                            	  3127: 						* d0 now holds token-$3A
03:00002DCE B03C0049        	  3128: 	CMP.b		#(TK_DATA-$3A),d0	* compare with DATA token - $3A
03:00002DD2 6606            	  3129: 	BNE.s		LAB_1401		* branch if not DATA
                            	  3130: 
                            	  3131: 						* token was : or DATA
                            	  3132: LAB_13FF
03:00002DD4 13C000E805E5    	  3133: 	MOVE.b	d0,Oquote		* save token-$3A ($00 for ":", TK_DATA-$3A for DATA)
                            	  3134: LAB_1401
03:00002DDA 903C0055        	  3135: 	SUB.b		#(TK_REM-$3A),d0	* subtract REM token offset
03:00002DDE 6600FF78        	  3136: 	BNE		LAB_13AC		* If wasn't REM then go crunch rest of line
                            	  3137: 
03:00002DE2 13C000E805E2    	  3138: 	MOVE.b	d0,Asrch		* else was REM so set search for [EOL]
                            	  3139: 
                            	  3140: 						* loop for REM, "..." etc.
                            	  3141: LAB_1408
03:00002DE8 10351000        	  3142: 	MOVE.b	(a5,d1.w),d0	* get byte from input buffer
03:00002DEC 67CE            	  3143: 	BEQ.s		LAB_13EC		* branch if null [EOL]
                            	  3144: 
03:00002DEE B03900E805E2    	  3145: 	CMP.b		Asrch,d0		* compare with stored character
03:00002DF4 67C6            	  3146: 	BEQ.s		LAB_13EC		* branch if match (end quote, REM, :, or DATA)
                            	  3147: 
                            	  3148: 						* entry for copy string in quotes, don't crunch
                            	  3149: LAB_1410
03:00002DF6 11802000        	  3150: 	MOVE.b	d0,(a0,d2.w)	* save byte to output
03:00002DFA 5242            	  3151: 	ADDQ.w	#1,d2			* increment buffer save index
03:00002DFC 5241            	  3152: 	ADDQ.w	#1,d1			* increment buffer read index
03:00002DFE 60E8            	  3153: 	BRA.s		LAB_1408		* loop
                            	  3154: 
                            	  3155: 						* not found keyword this go
                            	  3156: 						* so find the end of this word in the table
                            	  3157: LAB_1417
03:00002E00 3801            	  3158: 	MOVE.w	d1,d4			* reset read pointer
                            	  3159: LAB_141B
03:00002E02 5243            	  3160: 	ADDQ.w	#1,d3			* increment keyword table pointer (flag unchanged)
03:00002E04 10313000        	  3161: 	MOVE.b	(a1,d3.w),d0	* get keyword table byte
03:00002E08 6AF8            	  3162: 	BPL.s		LAB_141B		* if not end of keyword go do next byte
                            	  3163: 
03:00002E0A 5243            	  3164: 	ADDQ.w	#1,d3			* increment keyword table pointer (flag unchanged)
03:00002E0C 10313000        	  3165: 	MOVE.b	(a1,d3.w),d0	* get keyword table byte
03:00002E10 669C            	  3166: 	BNE.s		LAB_13D8		* go test next word if not zero byte (table end)
                            	  3167: 
                            	  3168: 						* reached end of table with no match
                            	  3169: LAB_141F
03:00002E12 10351000        	  3170: 	MOVE.b	(a5,d1.w),d0	* restore byte from input buffer
03:00002E16 60A4            	  3171: 	BRA.s		LAB_13EC		* go save byte in output and continue crunching
                            	  3172: 
                            	  3173: 						* reached [EOL]
                            	  3174: LAB_142A
03:00002E18 7000            	  3175: 	MOVEQ		#0,d0			* ensure longword clear
03:00002E1A 0102            	  3176: 	BTST		d0,d2			* test odd bit (fastest)
03:00002E1C 6706            	  3177: 	BEQ.s		LAB_142C		* branch if no bytes to fill
                            	  3178: 
03:00002E1E 11802000        	  3179: 	MOVE.b	d0,(a0,d2.w)	* clear next byte
03:00002E22 5242            	  3180: 	ADDQ.w	#1,d2			* increment buffer save index
                            	  3181: LAB_142C
03:00002E24 21802000        	  3182: 	MOVE.l	d0,(a0,d2.w)	* clear next line pointer (EOT in immediate mode)
03:00002E28 4E75            	  3183: 	RTS
                            	  3184: 
                            	  3185: * search Basic for temp integer line number from start of mem
                            	  3186: 
                            	  3187: LAB_SSLN
03:00002E2A 207900E80432    	  3188: 	MOVEA.l	Smeml,a0		* get start of program mem
                            	  3189: 
                            	  3190: * search Basic for temp integer line number from a0
                            	  3191: * returns Cb=0 if found
                            	  3192: * returns a0 pointer to found or next higher (not found) line
                            	  3193: 
                            	  3194: LAB_SHLN
03:00002E30 223900E8042E    	  3195: 	MOVE.l	Itemp,d1		* get required line #
03:00002E36 6002            	  3196: 	BRA.s		LAB_SCLN		* go search for required line from a0
                            	  3197: 
                            	  3198: LAB_145F
03:00002E38 2040            	  3199: 	MOVEA.l	d0,a0			* copy next line pointer
                            	  3200: LAB_SCLN
03:00002E3A 2018            	  3201: 	MOVE.l	(a0)+,d0		* get next line pointer and point to line #
03:00002E3C 6708            	  3202: 	BEQ.s		LAB_145E		* is end marker so we're done, do 'no line' exit
                            	  3203: 
03:00002E3E B290            	  3204: 	CMP.l		(a0),d1		* compare this line # with required line #
03:00002E40 6EF6            	  3205: 	BGT.s		LAB_145F		* loop if required # > this #
                            	  3206: 
03:00002E42 5948            	  3207: 	SUBQ.w	#4,a0			* adjust pointer, flags not changed
03:00002E44 4E75            	  3208: 	RTS
                            	  3209: 
                            	  3210: LAB_145E
03:00002E46 5948            	  3211: 	SUBQ.w	#4,a0			* adjust pointer, flags not changed
03:00002E48 5380            	  3212: 	SUBQ.l	#1,d0			* make end program found = -1, set carry
03:00002E4A 4E75            	  3213: 	RTS
                            	  3214: 
                            	  3215: * perform NEW
                            	  3216: 
                            	  3217: LAB_NEW
03:00002E4C 6662            	  3218: 	BNE.s		RTS_005		* exit if not end of statement (do syntax error)
                            	  3219: 
                            	  3220: LAB_1463
03:00002E4E 207900E80432    	  3221: 	MOVEA.l	Smeml,a0		* point to start of program memory
03:00002E54 7000            	  3222: 	MOVEQ		#0,d0			* clear longword
03:00002E56 20C0            	  3223: 	MOVE.l	d0,(a0)+		* clear first line, next line pointer
03:00002E58 23C800E80436    	  3224: 	MOVE.l	a0,Sfncl		* set start of functions
                            	  3225: 
                            	  3226: * reset execution to start, clear vars & flush stack
                            	  3227: 
                            	  3228: LAB_1477
03:00002E5E 2A7900E80432    	  3229: 	MOVEA.l	Smeml,a5		* reset BASIC execute pointer
03:00002E64 534D            	  3230: 	SUBQ.w	#$01,a5		* -1 (as end of previous line)
                            	  3231: 
                            	  3232: * "CLEAR" command gets here
                            	  3233: 
                            	  3234: LAB_147A
03:00002E66 23F900E8044E00E8	  3235: 	MOVE.l	Ememl,Sstorl	* save end of mem as bottom of string space
03:00002E6E 044A
03:00002E70 203900E80436    	  3236: 	MOVE.l	Sfncl,d0		* get start of functions
03:00002E76 23C000E8043A    	  3237: 	MOVE.l	d0,Svarl		* start of variables
03:00002E7C 23C000E8043E    	  3238: 	MOVE.l	d0,Sstrl		* start of strings
03:00002E82 23C000E80442    	  3239: 	MOVE.l	d0,Sarryl		* set start of arrays
03:00002E88 23C000E80446    	  3240: 	MOVE.l	d0,Earryl		* set end of arrays
03:00002E8E 610001F6        	  3241: 	BSR		LAB_161A		* perform RESTORE command
                            	  3242: 
                            	  3243: * flush stack & clear continue flag
                            	  3244: 
                            	  3245: LAB_1491
03:00002E92 287C00E80492    	  3246: 	MOVEA.l	#des_sk,a4		* reset descriptor stack pointer
                            	  3247: 
03:00002E98 201F            	  3248: 	MOVE.l	(sp)+,d0		* pull return address
03:00002E9A 2E7900E8042A    	  3249: 	MOVEA.l	entry_sp,sp		* flush stack
03:00002EA0 2F00            	  3250: 	MOVE.l	d0,-(sp)		* restore return address
                            	  3251: 
03:00002EA2 7000            	  3252: 	MOVEQ		#0,d0			* clear longword
03:00002EA4 23C000E8045E    	  3253: 	MOVE.l	d0,Cpntrl		* clear continue pointer
03:00002EAA 13C000E805E7    	  3254: 	MOVE.b	d0,Sufnxf		* clear subscript/FNX flag
                            	  3255: RTS_005
03:00002EB0 4E75            	  3256: 	RTS
                            	  3257: 
                            	  3258: * perform CLEAR
                            	  3259: 
                            	  3260: LAB_CLEAR
03:00002EB2 67B2            	  3261: 	BEQ.s		LAB_147A		* if no following byte go do "CLEAR"
                            	  3262: 
03:00002EB4 4E75            	  3263: 	RTS					* was following byte (go do syntax error)
                            	  3264: 
                            	  3265: * perform LIST [n][-m]
                            	  3266: 
                            	  3267: LAB_LIST
03:00002EB6 6306            	  3268: 	BLS.s		LAB_14BD		* branch if next character numeric (LIST n...)
                            	  3269: 						* or if next character [NULL] (LIST)
                            	  3270: 
03:00002EB8 B03C00B2        	  3271: 	CMP.b		#TK_MINUS,d0	* compare with token for -
03:00002EBC 66F2            	  3272: 	BNE.s		RTS_005		* exit if not - (LIST -m)
                            	  3273: 
                            	  3274: 						* LIST [[n][-m]]
                            	  3275: 						* this sets the n, if present, as the start & end
                            	  3276: LAB_14BD
03:00002EBE 610003A8        	  3277: 	BSR		LAB_GFPN		* get fixed-point number into temp integer
03:00002EC2 6100FF66        	  3278: 	BSR		LAB_SSLN		* search BASIC for temp integer line number
                            	  3279: 						* (pointer in a0)
03:00002EC6 61000A2C        	  3280: 	BSR		LAB_GBYT		* scan memory
03:00002ECA 6718            	  3281: 	BEQ.s		LAB_14D4		* branch if no more characters
                            	  3282: 
                            	  3283: 						* this bit checks the - is present
03:00002ECC B03C00B2        	  3284: 	CMP.b		#TK_MINUS,d0	* compare with token for -
03:00002ED0 66DE            	  3285: 	BNE.s		RTS_005		* return if not "-" (will be Syntax error)
                            	  3286: 
                            	  3287: 						* LIST [n]-m
                            	  3288: 						* the - was there so set m as the end value
03:00002ED2 61000A1E        	  3289: 	BSR		LAB_IGBY		* increment & scan memory
03:00002ED6 61000390        	  3290: 	BSR		LAB_GFPN		* get fixed-point number into temp integer
03:00002EDA 6608            	  3291: 	BNE.s		LAB_14D4		* branch if was not zero
                            	  3292: 
03:00002EDC 72FF            	  3293: 	MOVEQ		#-1,d1		* set end for $FFFFFFFF
03:00002EDE 23C100E8042E    	  3294: 	MOVE.l	d1,Itemp		* save Itemp
                            	  3295: LAB_14D4
03:00002EE4 13FC000000E805E5	  3296: 	MOVE.b	#$00,Oquote		* clear open quote flag
03:00002EEC 61000528        	  3297: 	BSR		LAB_CRLF		* print CR/LF
03:00002EF0 2258            	  3298: 	MOVEA.l	(a0)+,a1		* get next line pointer
03:00002EF2 2009            	  3299: 	MOVE.l	a1,d0			* copy to set the flags
03:00002EF4 67BA            	  3300: 	BEQ.s		RTS_005		* if null all done so exit
                            	  3301: 
03:00002EF6 6100014A        	  3302: 	BSR		LAB_1629		* do CRTL-C check vector
                            	  3303: 
03:00002EFA 2018            	  3304: 	MOVE.l	(a0)+,d0		* get this line #
03:00002EFC 223900E8042E    	  3305: 	MOVE.l	Itemp,d1		* get end line #
03:00002F02 6704            	  3306: 	BEQ.s		LAB_14E2		* if end=0 list whole thing
                            	  3307: 
03:00002F04 B280            	  3308: 	CMP.l		d0,d1			* compare this line # with end line #
03:00002F06 65A8            	  3309: 	BCS.s		RTS_005		* if greater all done so exit
                            	  3310: 
                            	  3311: LAB_14E2
03:00002F08 48E778C0        	  3312: 	MOVEM.l	a0-a1/d1-d4,-(sp)	* save registers !! work out what's needed here !!
03:00002F0C 61001B52        	  3313: 	BSR		LAB_295E		* print d0 as unsigned integer
03:00002F10 4CDF031E        	  3314: 	MOVEM.l	(sp)+,a0-a1/d1-d4	* restore registers !! and here !!
03:00002F14 7020            	  3315: 	MOVEQ		#$20,d0		* space is the next character
                            	  3316: LAB_150C
03:00002F16 6100057A        	  3317: 	BSR		LAB_PRNA		* go print the character
03:00002F1A B03C0022        	  3318: 	CMP.b		#$22,d0		* was it " character
03:00002F1E 6606            	  3319: 	BNE.s		LAB_1519		* branch if not
                            	  3320: 
                            	  3321: 						* we're either entering or leaving quotes
03:00002F20 463900E805E5    	  3322: 	EOR.b		#$FF,Oquote		* toggle open quote flag
                            	  3323: LAB_1519
03:00002F26 1018            	  3324: 	MOVE.b	(a0)+,d0		* get byte and increment pointer
03:00002F28 6608            	  3325: 	BNE.s		LAB_152E		* branch if not [EOL] (go print)
                            	  3326: 
                            	  3327: 						* was [EOL]
03:00002F2A 2049            	  3328: 	MOVEA.l	a1,a0			* copy next line pointer
03:00002F2C 2008            	  3329: 	MOVE.l	a0,d0			* copy to set flags
03:00002F2E 66B4            	  3330: 	BNE.s		LAB_14D4		* go do next line if not [EOT]
                            	  3331: 
03:00002F30 4E75            	  3332: 	RTS
                            	  3333: 
                            	  3334: LAB_152E
03:00002F32 6AE2            	  3335: 	BPL.s		LAB_150C		* just go print it if not token byte
                            	  3336: 
                            	  3337: 						* else was token byte so uncrunch it (maybe)
03:00002F34 0839000700E805E5	  3338: 	BTST.b	#7,Oquote		* test the open quote flag
03:00002F3C 66D8            	  3339: 	BNE.s		LAB_150C		* just go print character if open quote set
                            	  3340: 
                            	  3341: 						* else uncrunch BASIC token
03:00002F3E 45FA2CB4        	  3342: 	LEA		(LAB_KEYT,PC),a2	* get keyword table address
03:00002F42 727F            	  3343: 	MOVEQ		#$7F,d1		* mask into d1
03:00002F44 C200            	  3344: 	AND.b		d0,d1			* copy and mask token
03:00002F46 E549            	  3345: 	LSL.w		#2,d1			* *4
03:00002F48 45F21000        	  3346: 	LEA		(a2,d1.w),a2	* get keyword entry address
03:00002F4C 101A            	  3347: 	MOVE.b	(a2)+,d0		* get byte from keyword table
03:00002F4E 61000542        	  3348: 	BSR		LAB_PRNA		* go print the first character
03:00002F52 7200            	  3349: 	MOVEQ		#0,d1			* clear d1
03:00002F54 121A            	  3350: 	MOVE.b	(a2)+,d1		* get remaining length byte from keyword table
03:00002F56 6BCE            	  3351: 	BMI.s		LAB_1519		* if -ve done so go get next byte
                            	  3352: 
03:00002F58 3012            	  3353: 	MOVE.w	(a2),d0		* get offset to rest
03:00002F5A 45FA2FC9        	  3354: 	LEA		(TAB_STAR,PC),a2	* get keyword table address
03:00002F5E 45F20000        	  3355: 	LEA		(a2,d0.w),a2	* get address of rest
                            	  3356: LAB_1540
03:00002F62 101A            	  3357: 	MOVE.b	(a2)+,d0		* get byte from keyword table
03:00002F64 6100052C        	  3358: 	BSR		LAB_PRNA		* go print the character
03:00002F68 51C9FFF8        	  3359: 	DBF		d1,LAB_1540		* decrement and loop if more to do
                            	  3360: 
03:00002F6C 60B8            	  3361: 	BRA.s		LAB_1519		* go get next byte
                            	  3362: 
                            	  3363: * perform FOR
                            	  3364: 
                            	  3365: LAB_FOR
03:00002F6E 610003A8        	  3366: 	BSR		LAB_LET		* go do LET
03:00002F72 6100FBBA        	  3367: 	BSR		LAB_11A1		* search the stack for FOR or GOSUB activity
                            	  3368: 						* exit with z=1 if FOR else exit with z=0
                            	  3369: 						* return modified stack in a2
03:00002F76 6604            	  3370: 	BNE.s		LAB_1567		* branch if FOR (this variable) not found
                            	  3371: 
                            	  3372: 						* FOR (this variable) was found so first
                            	  3373: 						* we dump the old one
03:00002F78 4FEF0016        	  3374: 	ADDA.w	#22,sp		* reset stack (dump FOR structure (-4 bytes))
                            	  3375: LAB_1567
03:00002F7C 584F            	  3376: 	ADDQ.w	#4,sp			* dump return address
                            	  3377: *	MOVEQ		#28,d0		* we need 28 bytes !
                            	  3378: *	BSR.s		LAB_1212		* check room on stack for d0 bytes
03:00002F7E 6100026C        	  3379: 	BSR		LAB_SNBS		* scan for next BASIC statement ([:] or [EOL])
                            	  3380: 						* returns a0 as pointer to [:] or [EOL]
03:00002F82 2F08            	  3381: 	MOVE.l	a0,-(sp)		* push onto stack
03:00002F84 2F3900E80456    	  3382: 	MOVE.l	Clinel,-(sp)	* push current line onto stack
                            	  3383: 
03:00002F8A 70A9            	  3384: 	MOVEQ		#TK_TO-$100,d0	* set "TO" token
03:00002F8C 6100095E        	  3385: 	BSR		LAB_SCCA		* scan for CHR$(d0) , else syntax error/warm start
03:00002F90 61000786        	  3386: 	BSR		LAB_CTNM		* check if source is numeric, else type mismatch
03:00002F94 1F3900E805BD    	  3387: 	MOVE.b	Dtypef,-(sp)	* push FOR variable data type onto stack
03:00002F9A 6100077A        	  3388: 	BSR		LAB_EVNM		* evaluate expression & check is numeric, else
                            	  3389: 						* do type mismatch
                            	  3390: 
03:00002F9E 2F3900E80594    	  3391: 	MOVE.l	FAC1_m,-(sp)	* push TO value mantissa
03:00002FA4 3F3900E80598    	  3392: 	MOVE.w	FAC1_e,-(sp)	* push TO value exponent and sign
                            	  3393: 
03:00002FAA 23FC8000000000E8	  3394: 	MOVE.l	#$80000000,FAC1_m	* set default STEP size mantissa
03:00002FB2 0594
03:00002FB4 33FC810000E80598	  3395: 	MOVE.w	#$8100,FAC1_e	* set default STEP size exponent and sign
                            	  3396: 
03:00002FBC 61000936        	  3397: 	BSR		LAB_GBYT		* scan memory
03:00002FC0 B03C00AE        	  3398: 	CMP.b		#TK_STEP,d0		* compare with STEP token
03:00002FC4 6608            	  3399: 	BNE.s		LAB_15B3		* jump if not "STEP"
                            	  3400: 
                            	  3401: 						* was step so ....
03:00002FC6 6100092A        	  3402: 	BSR		LAB_IGBY		* increment & scan memory
03:00002FCA 6100074A        	  3403: 	BSR		LAB_EVNM		* evaluate expression & check is numeric,
                            	  3404: 						* else do type mismatch
                            	  3405: LAB_15B3
03:00002FCE 2F3900E80594    	  3406: 	MOVE.l	FAC1_m,-(sp)	* push STEP value mantissa
03:00002FD4 3F3900E80598    	  3407: 	MOVE.w	FAC1_e,-(sp)	* push STEP value exponent and sign
                            	  3408: 
03:00002FDA 2F3900E80476    	  3409: 	MOVE.l	Frnxtl,-(sp)	* push variable pointer for FOR/NEXT
03:00002FE0 3F3C0081        	  3410: 	MOVE.w	#TK_FOR,-(sp)	* push FOR token on stack
                            	  3411: 
03:00002FE4 601A            	  3412: 	BRA.s		LAB_15C2		* go do interpreter inner loop
                            	  3413: 
                            	  3414: LAB_15DC					* have reached [EOL]+1
03:00002FE6 300D            	  3415: 	MOVE.w	a5,d0			* copy BASIC execute pointer
03:00002FE8 C07C0001        	  3416: 	AND.w		#1,d0			* and make line start address even
03:00002FEC DAC0            	  3417: 	ADD.w		d0,a5			* add to BASIC execute pointer
03:00002FEE 201D            	  3418: 	MOVE.l	(a5)+,d0		* get next line pointer
03:00002FF0 6700FC0A        	  3419: 	BEQ		LAB_1274		* if null go to immediate mode, no "BREAK" message
                            	  3420: 						* (was immediate or [EOT] marker)
                            	  3421: 
03:00002FF4 23DD00E80456    	  3422: 	MOVE.l	(a5)+,Clinel	* save (new) current line #
                            	  3423: LAB_15F6
03:00002FFA 610008F8        	  3424: 	BSR		LAB_GBYT		* get BASIC byte
03:00002FFE 611E            	  3425: 	BSR.s		LAB_15FF		* go interpret BASIC code from (a5)
                            	  3426: 
                            	  3427: * interpreter inner loop entry point
                            	  3428: 
                            	  3429: LAB_15C2
03:00003000 6140            	  3430: 	BSR.s		LAB_1629		* do CRTL-C check vector
03:00003002 4A7900E80456    	  3431: 	TST.w		Clinel		* test current line #, is -ve for immediate mode
03:00003008 6B06            	  3432: 	BMI.s		LAB_15D1		* branch if immediate mode
                            	  3433: 
03:0000300A 23CD00E8045E    	  3434: 	MOVE.l	a5,Cpntrl		* save BASIC execute pointer as continue pointer
                            	  3435: LAB_15D1
03:00003010 101D            	  3436: 	MOVE.b	(a5)+,d0		* get this byte & increment pointer
03:00003012 67D2            	  3437: 	BEQ.s		LAB_15DC		* loop if [EOL]
                            	  3438: 
03:00003014 B03C003A        	  3439: 	CMP.b		#$3A,d0		* compare with ":"
03:00003018 67E0            	  3440: 	BEQ.s		LAB_15F6		* loop if was statement separator
                            	  3441: 
03:0000301A 6000FBB0        	  3442: 	BRA		LAB_SNER		* else syntax error, then warm start
                            	  3443: 
                            	  3444: * interpret BASIC code from (a5)
                            	  3445: 
                            	  3446: LAB_15FF
03:0000301E 6774            	  3447: 	BEQ.s		RTS_006		* exit if zero [EOL]
                            	  3448: 
                            	  3449: LAB_1602
03:00003020 0A000080        	  3450: 	EORI.b	#$80,d0		* normalise token
03:00003024 6B0002F2        	  3451: 	BMI		LAB_LET		* if not token, go do implied LET
                            	  3452: 
03:00003028 B03C0028        	  3453: 	CMP.b		#(TK_TAB-$80),d0	* compare normalised token with TAB
03:0000302C 6400FB9E        	  3454: 	BCC		LAB_SNER		* branch if d0>=TAB, syntax error/warm start
                            	  3455: 						* only tokens before TAB can start a statement
                            	  3456: 
03:00003030 4880            	  3457: 	EXT.w		d0			* byte to word (clear high byte)
03:00003032 D040            	  3458: 	ADD.w		d0,d0			* *2
03:00003034 D040            	  3459: 	ADD.w		d0,d0			* *4 (offset to longword vector)
03:00003036 41FA29AC        	  3460: 	LEA		(LAB_CTBL,PC),a0	* get vector table base address
03:0000303A 2F300000        	  3461: 	MOVE.l	(a0,d0.w),-(sp)	* push vector
03:0000303E 600008B2        	  3462: 	BRA		LAB_IGBY		* get following byte & execute vector
                            	  3463: 
                            	  3464: * CTRL-C check jump. this is called as a subroutine but exits back via a jump if a
                            	  3465: * key press is detected.
                            	  3466: 
                            	  3467: LAB_1629
                            	  3468: *	CMPA.l	#des_sk,a4		* check discriptor stack is empty
                            	  3469: *	BNE		LAB_ITER		* if not do internal error
                            	  3470: 
03:00003042 4EF900E80424    	  3471: 	JMP		V_CTLC		* ctrl c check vector
                            	  3472: 
                            	  3473: * if there was a key press it gets back here .....
                            	  3474: 
                            	  3475: LAB_1636
03:00003048 B03C0003        	  3476: 	CMP.b		#$03,d0		* compare with CTRL-C
03:0000304C 6646            	  3477: 	BNE.s		RTS_006		* return if wasn't CTRL-C
                            	  3478: 
                            	  3479: * perform STOP
                            	  3480: 
                            	  3481: LAB_STOP
03:0000304E 6408            	  3482: 	BCC.s		LAB_163B		* branch if token follows STOP
                            	  3483: 						* else just END
                            	  3484: * perform END
                            	  3485: 
                            	  3486: LAB_END
03:00003050 13FC000000E805E4	  3487: 	MOVE.b	#0,Breakf		* clear break flag, indicate program end
                            	  3488: LAB_163B
                            	  3489: 
03:00003058 BBFC00E80594    	  3490: 	CMPA.l	#Ibuffe,a5		* compare execute address with buffer end
03:0000305E 6510            	  3491: 	BCS.s		LAB_164F		* branch if BASIC pointer is in buffer
                            	  3492: 						* (can't continue in immediate mode)
                            	  3493: 
                            	  3494: 						* else...
03:00003060 23CD00E8045E    	  3495: 	MOVE.l	a5,Cpntrl		* save BASIC execute pointer as continue pointer
                            	  3496: LAB_1647
03:00003066 23F900E8045600E8	  3497: 	MOVE.l	Clinel,Blinel	* save break line
03:0000306E 045A
                            	  3498: LAB_164F
03:00003070 201F            	  3499: 	MOVE.l	(sp)+,d0		* pull return address, don't return to execute loop
03:00003072 103900E805E4    	  3500: 	MOVE.b	Breakf,d0		* get break flag
03:00003078 6700FB82        	  3501: 	BEQ		LAB_1274		* go do warm start if was program end
                            	  3502: 
03:0000307C 41FA301E        	  3503: 	LEA		(LAB_BMSG,PC),a0	* point to "Break"
03:00003080 6000FB6A        	  3504: 	BRA		LAB_1269		* print "Break" and do warm start
                            	  3505: 
                            	  3506: * perform RESTORE
                            	  3507: 
                            	  3508: LAB_RESTORE
03:00003084 6610            	  3509: 	BNE.s		LAB_RESn		* branch if next character not null (RESTORE n)
                            	  3510: 
                            	  3511: LAB_161A
03:00003086 207900E80432    	  3512: 	MOVEA.l	Smeml,a0		* copy start of mem
                            	  3513: LAB_1624
03:0000308C 5348            	  3514: 	SUBQ.w	#1,a0			* -1
03:0000308E 23C800E80466    	  3515: 	MOVE.l	a0,Dptrl		* save DATA pointer
                            	  3516: RTS_006
03:00003094 4E75            	  3517: 	RTS
                            	  3518: 						* is RESTORE n
                            	  3519: LAB_RESn
03:00003096 610001D0        	  3520: 	BSR		LAB_GFPN		* get fixed-point number into temp integer
03:0000309A B0B900E80456    	  3521: 	CMP.l		Clinel,d0		* compare current line # with required line #
03:000030A0 6310            	  3522: 	BLS.s		LAB_NSCH		* branch if >= (start search from beginning)
                            	  3523: 
03:000030A2 204D            	  3524: 	MOVEA.l	a5,a0			* copy BASIC execute pointer
                            	  3525: LAB_RESs
03:000030A4 4A18            	  3526: 	TST.b		(a0)+			* test next byte & increment pointer
03:000030A6 66FC            	  3527: 	BNE.s		LAB_RESs		* loop if not EOL
                            	  3528: 
03:000030A8 3208            	  3529: 	MOVE.w	a0,d1			* copy pointer
03:000030AA C27C0001        	  3530: 	AND.w		#1,d1			* mask odd bit
03:000030AE D0C1            	  3531: 	ADD.w		d1,a0			* add pointer
03:000030B0 6006            	  3532: 	BRA.s		LAB_GSCH		* go find
                            	  3533: 
                            	  3534: 						* search for line in Itemp from start of memory
                            	  3535: LAB_NSCH
03:000030B2 207900E80432    	  3536: 	MOVEA.l	Smeml,a0		* get start of mem
                            	  3537: 
                            	  3538: 						* search for line in Itemp from (a0)
                            	  3539: LAB_GSCH
03:000030B8 6100FD76        	  3540: 	BSR		LAB_SHLN		* search for temp integer line number from a0
                            	  3541: 						* returns Cb=0 if found
03:000030BC 6500FAF6        	  3542: 	BCS		LAB_USER		* go do "Undefined statement" error if not found
                            	  3543: 
03:000030C0 60CA            	  3544: 	BRA.s		LAB_1624		* else save DATA pointer & return
                            	  3545: 
                            	  3546: * perform NULL
                            	  3547: 
                            	  3548: LAB_NULL
03:000030C2 6100127E        	  3549: 	BSR		LAB_GTBY		* get byte parameter, result in d0 and Itemp
03:000030C6 13C000E805ED    	  3550: 	MOVE.b	d0,Nullct		* save new NULL count
03:000030CC 4E75            	  3551: 	RTS
                            	  3552: 
                            	  3553: * perform CONT
                            	  3554: 
                            	  3555: LAB_CONT
03:000030CE 6600FAFC        	  3556: 	BNE		LAB_SNER		* if following byte exit to do syntax error
                            	  3557: 
03:000030D2 203900E8045E    	  3558: 	MOVE.l	Cpntrl,d0		* get continue pointer
03:000030D8 6700FABA        	  3559: 	BEQ		LAB_CCER		* go do can't continue error if we can't
                            	  3560: 
                            	  3561: 						* we can continue so ...
03:000030DC 2A40            	  3562: 	MOVEA.l	d0,a5			* save continue pointer as BASIC execute pointer
03:000030DE 23F900E8045A00E8	  3563: 	MOVE.l	Blinel,Clinel	* set break line as current line
03:000030E6 0456
03:000030E8 4E75            	  3564: 	RTS
                            	  3565: 
                            	  3566: * perform RUN
                            	  3567: 
                            	  3568: LAB_RUN
03:000030EA 660E            	  3569: 	BNE		LAB_RUNn		* if following byte do RUN n
                            	  3570: 
03:000030EC 6100FD70        	  3571: 	BSR		LAB_1477		* execution to start, clear vars & flush stack
03:000030F0 23CD00E8045E    	  3572: 	MOVE.l	a5,Cpntrl		* save as continue pointer
03:000030F6 6000FF08        	  3573: 	BRA		LAB_15C2		* go do interpreter inner loop
                            	  3574: 						* (can't RTS, we flushed the stack!)
                            	  3575: 
                            	  3576: LAB_RUNn
03:000030FA 6100FD6A        	  3577: 	BSR		LAB_147A		* go do "CLEAR"
03:000030FE 6020            	  3578: 	BRA.s		LAB_16B0		* get n and do GOTO n
                            	  3579: 
                            	  3580: * perform DO
                            	  3581: 
                            	  3582: LAB_DO
                            	  3583: *	MOVE.l	#$05,d0		* need 5 bytes for DO ##
                            	  3584: *	BSR.s		LAB_1212		* check room on stack for A bytes
03:00003100 2F0D            	  3585: 	MOVE.l	a5,-(sp)		* push BASIC execute pointer on stack
03:00003102 2F3900E80456    	  3586: 	MOVE.l	Clinel,-(sp)	* push current line on stack
03:00003108 3F3C009C        	  3587: 	MOVE.w	#TK_DO,-(sp)	* push token for DO on stack
                            	  3588: DoAgain
03:0000310C 610007E6        	  3589: 	BSR		LAB_GBYT		* scan memory
03:00003110 6000FEEE        	  3590: 	BRA		LAB_15C2		* go do interpreter inner loop
                            	  3591: 
                            	  3592: * perform GOSUB
                            	  3593: 
                            	  3594: LAB_GOSUB
                            	  3595: *	MOVE.l	#10,d0		* need 10 bytes for GOSUB ##
                            	  3596: *	BSR.s		LAB_1212		* check room on stack for d0 bytes
03:00003114 2F0D            	  3597: 	MOVE.l	a5,-(sp)		* push BASIC execute pointer
03:00003116 2F3900E80456    	  3598: 	MOVE.l	Clinel,-(sp)	* push current line
03:0000311C 3F3C008D        	  3599: 	MOVE.w	#TK_GOSUB,-(sp)	* push token for GOSUB
                            	  3600: LAB_16B0
03:00003120 610007D2        	  3601: 	BSR		LAB_GBYT		* scan memory
03:00003124 610C            	  3602: 	BSR.s		LAB_GOTO		* perform GOTO n
03:00003126 6000FED8        	  3603: 	BRA		LAB_15C2		* go do interpreter inner loop
                            	  3604: 						* (can't RTS, we used the stack!)
                            	  3605: 
                            	  3606: * tail of IF command
                            	  3607: 
                            	  3608: LAB_1754
03:0000312A 610007C8        	  3609: 	BSR		LAB_GBYT		* scan memory, Cb=1 if "0"-"9"
03:0000312E 6400FEEE        	  3610: 	BCC		LAB_15FF		* if not numeric interpret BASIC code from (a5)
                            	  3611: 
                            	  3612: **	BRA		LAB_GOTO		* else do GOTO n (was numeric)
                            	  3613: 
                            	  3614: * perform GOTO
                            	  3615: 
                            	  3616: LAB_GOTO
03:00003132 61000134        	  3617: 	BSR		LAB_GFPN		* get fixed-point number into temp integer
                            	  3618: 
03:00003136 204D            	  3619: 	MOVEA.l	a5,a0			* copy BASIC execute pointer
                            	  3620: LAB_GOTs
03:00003138 4A18            	  3621: 	TST.b		(a0)+			* test next byte & increment pointer
03:0000313A 66FC            	  3622: 	BNE.s		LAB_GOTs		* loop if not EOL
                            	  3623: 
03:0000313C 3208            	  3624: 	MOVE.w	a0,d1			* past pad byte(s)
03:0000313E C27C0001        	  3625: 	AND.w		#1,d1			* mask odd bit
03:00003142 D0C1            	  3626: 	ADD.w		d1,a0			* add to pointer
                            	  3627: 
03:00003144 203900E80456    	  3628: 	MOVE.l	Clinel,d0		* get current line
03:0000314A 6B08            	  3629: 	BMI.s		LAB_16D0		* if immediate mode start search from beginning
                            	  3630: 
03:0000314C B0B900E8042E    	  3631: 	CMP.l		Itemp,d0		* compare wanted # with current #
03:00003152 6506            	  3632: 	BCS.s		LAB_16D4		* branch if current # < wanted #
                            	  3633: 						* (start search from here)
                            	  3634: 
                            	  3635: * search for line # in temp (Itemp) from start of mem pointer (Smeml)
                            	  3636: 
                            	  3637: LAB_16D0
03:00003154 207900E80432    	  3638: 	MOVEA.l	Smeml,a0		* get start of memory
                            	  3639: 
                            	  3640: * search for line # in Itemp from (a0)
                            	  3641: 
                            	  3642: LAB_16D4
03:0000315A 6100FCD4        	  3643: 	BSR		LAB_SHLN		* search for temp integer line number from a0
                            	  3644: 						* returns Cb=0 if found
03:0000315E 6500FA54        	  3645: 	BCS		LAB_USER		* if carry set go do "Undefined statement" error
                            	  3646: 
03:00003162 2A48            	  3647: 	MOVEA.l	a0,a5			* copy to basic execute pointer
03:00003164 534D            	  3648: 	SUBQ.w	#1,a5			* decrement pointer
03:00003166 23CD00E8045E    	  3649: 	MOVE.l	a5,Cpntrl		* save as continue pointer
03:0000316C 4E75            	  3650: 	RTS
                            	  3651: 
                            	  3652: * perform LOOP
                            	  3653: 
                            	  3654: LAB_LOOP
03:0000316E 7E00            	  3655: 	MOVEQ		#0,d7			* clear top 24 bits
03:00003170 1E00            	  3656: 	MOVE.b	d0,d7			* save following token (byte)
03:00003172 6100F9BA        	  3657: 	BSR		LAB_11A1		* search the stack for FOR or GOSUB activity
                            	  3658: 						* exit with Zb=1 if FOR else exit with Zb=0
                            	  3659: 						* return modified stack in a2
                            	  3660: 	
03:00003176 B07C009C        	  3661: 	CMP.w		#TK_DO,d0		* compare with DO token
03:0000317A 6600FA10        	  3662: 	BNE		LAB_LDER		* branch if no matching DO
                            	  3663: 
03:0000317E 4A07            	  3664: 	TST.b		d7			* test saved following token
03:00003180 6732            	  3665: 	BEQ.s		LoopAlways		* if no following token loop forever
                            	  3666: 						* (stack pointer in a2)
                            	  3667: 
03:00003182 9E3C00AF        	  3668: 	SUB.b		#TK_UNTIL,d7	* subtract token for UNTIL
03:00003186 6708            	  3669: 	BEQ.s		DoRest		* branch if was UNTIL
                            	  3670: 
03:00003188 5307            	  3671: 	SUBQ.b	#1,d7			* decrement result
03:0000318A 6600FA40        	  3672: 	BNE		LAB_SNER		* if not WHILE go do syntax error & warm start
                            	  3673: 						* only if the token was WHILE will this fail
                            	  3674: 
03:0000318E 5307            	  3675: 	SUBQ.b	#1,d7			* set invert result longword
                            	  3676: DoRest
03:00003190 61000760        	  3677: 	BSR		LAB_IGBY		* increment & scan memory
03:00003194 2F0A            	  3678: 	MOVE.l	a2,-(sp)		* save modified stack pointer
03:00003196 6100059E        	  3679: 	BSR		LAB_EVEX		* evaluate expression
03:0000319A 245F            	  3680: 	MOVEA.l	(sp)+,a2		* restore modified stack pointer
03:0000319C 4A3900E80598    	  3681: 	TST.b		FAC1_e		* test FAC1 exponent
03:000031A2 6708            	  3682: 	BEQ.s		DoCmp			* if =0 go do straight compare
                            	  3683: 
03:000031A4 13FC00FF00E80598	  3684: 	MOVE.b	#$FF,FAC1_e		* else set all bits
                            	  3685: DoCmp
03:000031AC BF3900E80598    	  3686: 	EOR.b		d7,FAC1_e		* EOR with invert byte
03:000031B2 6612            	  3687: 	BNE.s		LoopDone		* if <> 0 clear stack & back to interpreter loop
                            	  3688: 
                            	  3689: 						* loop condition wasn't met so do it again
                            	  3690: LoopAlways
03:000031B4 23EA000200E80456	  3691: 	MOVE.l	2(a2),Clinel	* copy DO current line low byte
03:000031BC 2A6A0006        	  3692: 	MOVE.l	6(a2),a5		* save BASIC execute pointer low byte
03:000031C0 584F            	  3693: 	ADDQ.w	#4,sp			* dump call to this routine
03:000031C2 6000FF48        	  3694: 	BRA		DoAgain		* go do DO again
                            	  3695: 
                            	  3696: 						* clear stack & back to interpreter loop
                            	  3697: LoopDone
03:000031C6 4FEF000E        	  3698: 	ADDA.w	#14,sp		* dump structure and call from stack
03:000031CA 601A            	  3699: 	BRA.s		LAB_DATA		* go perform DATA (find : or [EOL])
                            	  3700: 
                            	  3701: * perform RETURN
                            	  3702: 
                            	  3703: LAB_RETURN
03:000031CC 661C            	  3704: 	BNE.s		RTS_007		* exit if following token (to allow syntax error)
                            	  3705: 
03:000031CE 6100F95E        	  3706: 	BSR		LAB_11A1		* search the stack for FOR or GOSUB activity
                            	  3707: 						* exit with z=1 if FOR else exit with z=0
                            	  3708: 						* return modified stack in a2
03:000031D2 B07C008D        	  3709: 	CMP.w		#TK_GOSUB,d0	* compare with GOSUB token
03:000031D6 6600F9F0        	  3710: 	BNE		LAB_RGER		* branch if no matching GOSUB
                            	  3711: 
03:000031DA 544A            	  3712: 	ADDQ.w	#2,a2			* adjust for token
03:000031DC 2E4A            	  3713: 	MOVEA.l	a2,sp			* dump calling addresses & token
03:000031DE 23DF00E80456    	  3714: 	MOVE.l	(sp)+,Clinel	* pull current line
03:000031E4 2A5F            	  3715: 	MOVE.l	(sp)+,a5		* pull BASIC execute pointer
                            	  3716: 						* now do perform "DATA" statement as we could be
                            	  3717: 						* returning into the middle of an ON <var> GOSUB
                            	  3718: 						* n,m,p,q line (the return address used by the
                            	  3719: 						* DATA statement is the one pushed before the
                            	  3720: 						* GOSUB was executed!)
                            	  3721: 
                            	  3722: * perform DATA
                            	  3723: 
                            	  3724: LAB_DATA
03:000031E6 6104            	  3725: 	BSR		LAB_SNBS		* scan for next BASIC statement ([:] or [EOL])
                            	  3726: 						* returns a0 as pointer to [:] or [EOL]
03:000031E8 2A48            	  3727: 	MOVEA.l	a0,a5			* skip rest of statement
                            	  3728: RTS_007
03:000031EA 4E75            	  3729: 	RTS
                            	  3730: 
                            	  3731: * scan for next BASIC statement ([:] or [EOL])
                            	  3732: * returns a0 as pointer to [:] or [EOL]
                            	  3733: 
                            	  3734: LAB_SNBS
03:000031EC 204D            	  3735: 	MOVEA.l	a5,a0			* copy BASIC execute pointer
03:000031EE 7222            	  3736: 	MOVEQ		#$22,d1		* set string quote character
03:000031F0 600A            	  3737: 	BRA.s		LAB_172D		* go do search
                            	  3738: 
                            	  3739: LAB_172C
03:000031F2 B03C003A        	  3740: 	CMP.b		#$3A,d0		* compare with ":"
03:000031F6 6708            	  3741: 	BEQ.s		RTS_007a		* exit if found
                            	  3742: 
03:000031F8 B001            	  3743: 	CMP.b		d1,d0			* compare current character with string quote
03:000031FA 670C            	  3744: 	BEQ.s		LAB_1725		* if found go search for [EOL]
                            	  3745: 
                            	  3746: LAB_172D
03:000031FC 1018            	  3747: 	MOVE.b	(a0)+,d0		* get next byte
03:000031FE 66F2            	  3748: 	BNE.s		LAB_172C		* loop if not null [EOL]
                            	  3749: 
                            	  3750: RTS_007a
03:00003200 5348            	  3751: 	SUBQ.w	#1,a0			* correct pointer
03:00003202 4E75            	  3752: 	RTS
                            	  3753: 
                            	  3754: LAB_1723
03:00003204 B001            	  3755: 	CMP.b		d1,d0			* compare current character with string quote
03:00003206 67F4            	  3756: 	BEQ.s		LAB_172D		* if found go search for ":" or [EOL]
                            	  3757: 
                            	  3758: LAB_1725
03:00003208 1018            	  3759: 	MOVE.b	(a0)+,d0		* get next byte
03:0000320A 66F8            	  3760: 	BNE.s		LAB_1723		* loop if not null [EOL]
                            	  3761: 
03:0000320C 60F2            	  3762: 	BRA.s		RTS_007a		* correct pointer & return
                            	  3763: 
                            	  3764: * perform IF
                            	  3765: 
                            	  3766: LAB_IF
03:0000320E 61000526        	  3767: 	BSR		LAB_EVEX		* evaluate expression
03:00003212 610006E0        	  3768: 	BSR		LAB_GBYT		* scan memory
03:00003216 B03C0089        	  3769: 	CMP.b		#TK_GOTO,d0		* compare with "GOTO" token
03:0000321A 6706            	  3770: 	BEQ.s		LAB_174B		* jump if was "GOTO"
                            	  3771: 
                            	  3772: 						* wasn't IF ... GOTO so must be IF ... THEN
03:0000321C 70AC            	  3773: 	MOVEQ		#TK_THEN-$100,d0	* get THEN token
03:0000321E 610006CC        	  3774: 	BSR		LAB_SCCA		* scan for CHR$(d0), else syntax error/warm start
                            	  3775: LAB_174B
03:00003222 103900E80598    	  3776: 	MOVE.b	FAC1_e,d0		* get FAC1 exponent
03:00003228 6600FF00        	  3777: 	BNE		LAB_1754		* branch if result was non zero
                            	  3778: 						* else ....
                            	  3779: * perform REM, skip (rest of) line
                            	  3780: 
                            	  3781: LAB_REM
03:0000322C 4A1D            	  3782: 	TST.b		(a5)+			* test byte & increment pointer
03:0000322E 66FC            	  3783: 	BNE.s		LAB_REM		* loop if not EOL
                            	  3784: 
03:00003230 534D            	  3785: 	SUBQ.w	#1,a5			* correct pointer
03:00003232 4E75            	  3786: 	RTS
                            	  3787: 
                            	  3788: * perform ON
                            	  3789: 
                            	  3790: LAB_ON
03:00003234 6100110C        	  3791: 	BSR		LAB_GTBY		* get byte parameter, result in d0 and Itemp
03:00003238 1400            	  3792: 	MOVE.b	d0,d2			* copy byte
03:0000323A 610006B8        	  3793: 	BSR		LAB_GBYT		* restore BASIC byte
03:0000323E 3F00            	  3794: 	MOVE.w	d0,-(sp)		* push GOTO/GOSUB token
03:00003240 B03C008D        	  3795: 	CMP.b		#TK_GOSUB,d0	* compare with GOSUB token
03:00003244 6708            	  3796: 	BEQ.s		LAB_176C		* branch if GOSUB
                            	  3797: 
03:00003246 B03C0089        	  3798: 	CMP.b		#TK_GOTO,d0		* compare with GOTO token
03:0000324A 6600F980        	  3799: 	BNE		LAB_SNER		* if not GOTO do syntax error, then warm start
                            	  3800: 
                            	  3801: * next character was GOTO or GOSUB
                            	  3802: 
                            	  3803: LAB_176C
03:0000324E 5302            	  3804: 	SUBQ.b	#1,d2			* decrement index (byte value)
03:00003250 6606            	  3805: 	BNE.s		LAB_1773		* branch if not zero
                            	  3806: 
03:00003252 301F            	  3807: 	MOVE.w	(sp)+,d0		* pull GOTO/GOSUB token
03:00003254 6000FDCA        	  3808: 	BRA		LAB_1602		* go execute it
                            	  3809: 
                            	  3810: LAB_1773
03:00003258 61000698        	  3811: 	BSR		LAB_IGBY		* increment & scan memory
03:0000325C 610A            	  3812: 	BSR.s		LAB_GFPN		* get fixed-point number into temp integer
                            	  3813: 						* (skip this n)
03:0000325E B03C002C        	  3814: 	CMP.b		#$2C,d0		* compare next character with ","
03:00003262 67EA            	  3815: 	BEQ.s		LAB_176C		* loop if ","
                            	  3816: 
03:00003264 301F            	  3817: 	MOVE.w	(sp)+,d0		* pull GOTO/GOSUB token (run out of options)
03:00003266 4E75            	  3818: 	RTS					* and exit
                            	  3819: 
                            	  3820: * get fixed-point number into temp integer
                            	  3821: * interpret number from (a5), leave (a5) pointing to byte after #
                            	  3822: 
                            	  3823: LAB_GFPN
03:00003268 7200            	  3824: 	MOVEQ		#$00,d1		* clear integer register
03:0000326A 2001            	  3825: 	MOVE.l	d1,d0			* clear d0
03:0000326C 61000686        	  3826: 	BSR		LAB_GBYT		* scan memory, Cb=1 if "0"-"9", & get byte
03:00003270 642E            	  3827: 	BCC.s		LAB_1786		* return if carry clear, chr was not "0"-"9"
                            	  3828: 
03:00003272 2F02            	  3829: 	MOVE.l	d2,-(sp)		* save d2
                            	  3830: LAB_1785
03:00003274 2401            	  3831: 	MOVE.l	d1,d2			* copy integer register
03:00003276 D281            	  3832: 	ADD.l		d1,d1			* *2
03:00003278 6500F952        	  3833: 	BCS		LAB_SNER		* if overflow do syntax error, then warm start
                            	  3834: 
03:0000327C D281            	  3835: 	ADD.l		d1,d1			* *4
03:0000327E 6500F94C        	  3836: 	BCS		LAB_SNER		* if overflow do syntax error, then warm start
                            	  3837: 
03:00003282 D282            	  3838: 	ADD.l		d2,d1			* *1 + *4
03:00003284 6500F946        	  3839: 	BCS		LAB_SNER		* if overflow do syntax error, then warm start
                            	  3840: 
03:00003288 D281            	  3841: 	ADD.l		d1,d1			* *10
03:0000328A 6500F940        	  3842: 	BCS		LAB_SNER		* if overflow do syntax error, then warm start
                            	  3843: 
03:0000328E 903C0030        	  3844: 	SUB.b		#$30,d0		* subtract $30 from byte
03:00003292 D280            	  3845: 	ADD.l		d0,d1			* add to integer register (top 24 bits always clear)
03:00003294 6900F936        	  3846: 	BVS		LAB_SNER		* if overflow do syntax error, then warm start
                            	  3847: 						* (makes max line # 2147483647)
03:00003298 61000658        	  3848: 	BSR		LAB_IGBY		* increment & scan memory
03:0000329C 65D6            	  3849: 	BCS.s		LAB_1785		* loop for next character if "0"-"9"
                            	  3850: 
03:0000329E 241F            	  3851: 	MOVE.l	(sp)+,d2		* restore d2
                            	  3852: LAB_1786
03:000032A0 23C100E8042E    	  3853: 	MOVE.l	d1,Itemp		* save Itemp
03:000032A6 4E75            	  3854: 	RTS
                            	  3855: 
                            	  3856: * perform DEC
                            	  3857: 
                            	  3858: LAB_DEC
03:000032A8 3F3C8180        	  3859: 	MOVE.w	#$8180,-(sp)	* set -1 sign/exponent
03:000032AC 6004            	  3860: 	BRA.s		LAB_17B7		* go do DEC
                            	  3861: 
                            	  3862: * perform INC
                            	  3863: 
                            	  3864: LAB_INC
03:000032AE 3F3C8100        	  3865: 	MOVE.w	#$8100,-(sp)	* set 1 sign/exponent
                            	  3866: LAB_17B7
03:000032B2 61000858        	  3867: 	BSR		LAB_GVAR		* get var address
                            	  3868: 						* return pointer to variable in Cvaral and a0
03:000032B6 4A3900E805BD    	  3869: 	TST.b		Dtypef		* test data type, $80=string, $40=integer, $00=float
03:000032BC 6B00F8E2        	  3870: 	BMI		LAB_TMER		* if string do "Type mismatch" error/warm start
                            	  3871: 
03:000032C0 6648            	  3872: 	BNE.s		LAB_INCI		* go do integer INC/DEC
                            	  3873: 
03:000032C2 23C800E80476    	  3874: 	MOVE.l	a0,Lvarpl		* save var address
03:000032C8 610015E4        	  3875: 	BSR		LAB_UFAC		* unpack memory (a0) into FAC1
03:000032CC 23FC8000000000E8	  3876: 	MOVE.l	#$80000000,FAC2_m	* set FAC2 mantissa for 1
03:000032D4 059C
03:000032D6 3017            	  3877: 	MOVE.w	(sp),d0		* move exponent & sign to d0
03:000032D8 33C000E805A0    	  3878: 	MOVE.w	d0,FAC2_e		* move exponent & sign to FAC2
03:000032DE 13F900E8059900E8	  3879: 	MOVE.b	FAC1_s,FAC_sc	* make sign compare = FAC1 sign
03:000032E6 05A2
03:000032E8 B13900E805A2    	  3880: 	EOR.b		d0,FAC_sc		* make sign compare (FAC1_s EOR FAC2_s)
03:000032EE 610011E4        	  3881: 	BSR		LAB_ADD		* add FAC2 to FAC1
03:000032F2 610015DA        	  3882: 	BSR		LAB_PFAC		* pack FAC1 into variable (Lvarpl)
                            	  3883: LAB_INCT
03:000032F6 610005FC        	  3884: 	BSR		LAB_GBYT		* scan memory
03:000032FA 0C00002C        	  3885: 	CMPI.b	#$2C,d0		* compare with ","
03:000032FE 6704            	  3886: 	BEQ.s		LAB_17B8		* continue if "," (another variable to do)
                            	  3887: 
03:00003300 544F            	  3888: 	ADDQ.w	#2,sp			* else dump sign & exponent
03:00003302 4E75            	  3889: 	RTS
                            	  3890: 						* was "," so another INCR variable to do
                            	  3891: LAB_17B8
03:00003304 610005EC        	  3892: 	BSR		LAB_IGBY		* increment and scan memory
03:00003308 60A8            	  3893: 	BRA.s		LAB_17B7		* go do next var
                            	  3894: 
                            	  3895: LAB_INCI
03:0000330A 4A2F0001        	  3896: 	TST.b		1(sp)			* test sign
03:0000330E 6604            	  3897: 	BNE.s		LAB_DECI		* branch if DEC
                            	  3898: 
03:00003310 5290            	  3899: 	ADDQ.l	#1,(a0)		* increment variable
03:00003312 60E2            	  3900: 	BRA.s		LAB_INCT		* go scan for more
                            	  3901: 
                            	  3902: LAB_DECI
03:00003314 5390            	  3903: 	SUBQ.l	#1,(a0)		* decrement variable
03:00003316 60DE            	  3904: 	BRA.s		LAB_INCT		* go scan for more
                            	  3905: 
                            	  3906: 
                            	  3907: * perform LET
                            	  3908: 
                            	  3909: LAB_LET
03:00003318 610007F2        	  3910: 	BSR		LAB_GVAR		* get variable address
                            	  3911: 						* return pointer to variable in Cvaral and a0
03:0000331C 23C800E80476    	  3912: 	MOVE.l	a0,Lvarpl		* save variable address
03:00003322 1F3900E805BD    	  3913: 	MOVE.b	Dtypef,-(sp)	* push var data type, $80=string, $40=int, $00=float
03:00003328 70BC            	  3914: 	MOVEQ		#TK_EQUAL-$100,d0	* get = token
03:0000332A 610005C0        	  3915: 	BSR		LAB_SCCA		* scan for CHR$(d0), else syntax error/warm start
03:0000332E 61000406        	  3916: 	BSR		LAB_EVEX		* evaluate expression
03:00003332 103900E805BD    	  3917: 	MOVE.b	Dtypef,d0		* copy expression data type
03:00003338 13DF00E805BD    	  3918: 	MOVE.b	(sp)+,Dtypef	* pop variable data type
03:0000333E E318            	  3919: 	ROL.b		#1,d0			* set carry if expression type = string
03:00003340 610003DE        	  3920: 	BSR		LAB_CKTM		* type match check, set C for string
03:00003344 67001588        	  3921: 	BEQ		LAB_PFAC		* if number pack FAC1 into variable Lvarpl & RET
                            	  3922: 
                            	  3923: * string LET
                            	  3924: 
                            	  3925: LAB_17D5
03:00003348 247900E80476    	  3926: 	MOVEA.l	Lvarpl,a2		* get pointer to variable
                            	  3927: LAB_17D6
03:0000334E 207900E80594    	  3928: 	MOVEA.l	FAC1_m,a0		* get descriptor pointer
03:00003354 2250            	  3929: 	MOVEA.l	(a0),a1		* get string pointer
                            	  3930: *	CMP.l		Smeml,a1		* compare bottom of memory with string pointer
                            	  3931: *	BCS.s		LAB_1810		* if string was in utility memory copy it
                            	  3932: 
03:00003356 B3F900E8044A    	  3933: 	CMP.l		Sstorl,a1		* compare string memory start with string pointer
03:0000335C 651A            	  3934: 	BCS.s		LAB_1811		* if it was in program memory assign value & exit
                            	  3935: 
03:0000335E B1F900E80436    	  3936: 	CMPA.l	Sfncl,a0		* compare functions start with descriptor pointer
03:00003364 6512            	  3937: 	BCS.s		LAB_1811		* branch if >= (string is on stack)
                            	  3938: 
                            	  3939: 						* string is variable$, make space and copy string
                            	  3940: LAB_1810
03:00003366 7200            	  3941: 	MOVEQ		#0,d1			* clear length
03:00003368 32280004        	  3942: 	MOVE.w	4(a0),d1		* get string length
03:0000336C 2050            	  3943: 	MOVEA.l	(a0),a0		* get string pointer
03:0000336E 61000C9A        	  3944: 	BSR		LAB_20C9		* copy string
03:00003372 207900E80594    	  3945: 	MOVEA.l	FAC1_m,a0		* get descriptor pointer back
                            	  3946: 						* clean stack & assign value to string variable
                            	  3947: LAB_1811
03:00003378 B9C8            	  3948: 	CMPA.l	a0,a4			* is string on the descriptor stack
03:0000337A 6602            	  3949: 	BNE.s		LAB_1813		* skip pop if not
                            	  3950: 
03:0000337C 5C4C            	  3951: 	ADDQ.w	#$06,a4		* else update stack pointer
                            	  3952: LAB_1813
03:0000337E 24D8            	  3953: 	MOVE.l	(a0)+,(a2)+		* save pointer to variable
03:00003380 3490            	  3954: 	MOVE.w	(a0),(a2)		* save length to variable
                            	  3955: RTS_008
03:00003382 4E75            	  3956: 	RTS
                            	  3957: 
                            	  3958: * perform GET
                            	  3959: 
                            	  3960: LAB_GET
03:00003384 61000786        	  3961: 	BSR		LAB_GVAR		* get var address
                            	  3962: 						* return pointer to variable in Cvaral and a0
03:00003388 23C800E80476    	  3963: 	MOVE.l	a0,Lvarpl		* save variable address as GET variable
03:0000338E 4A3900E805BD    	  3964: 	TST.b		Dtypef		* test data type, $80=string, $40=integer, $00=float
03:00003394 6B0C            	  3965: 	BMI.s		LAB_GETS		* go get string character
                            	  3966: 
                            	  3967: 						* was numeric get
03:00003396 61001EA0        	  3968: 	BSR		INGET			* get input byte
03:0000339A 61000B10        	  3969: 	BSR		LAB_1FD0		* convert d0 to unsigned byte in FAC1
03:0000339E 6000152E        	  3970: 	BRA		LAB_PFAC		* pack FAC1 into variable (Lvarpl) & return
                            	  3971: 
                            	  3972: LAB_GETS
03:000033A2 7200            	  3973: 	MOVEQ		#$00,d1		* assume no byte
03:000033A4 61001E92        	  3974: 	BSR		INGET			* get input byte
03:000033A8 6402            	  3975: 	BCC.s		LAB_NoByte		* branch if no byte received
                            	  3976: 
03:000033AA 7201            	  3977: 	MOVEQ		#$01,d1		* string is single byte
                            	  3978: LAB_NoByte
03:000033AC 61000C94        	  3979: 	BSR		LAB_2115		* make string space d1 bytes long
                            	  3980: 						* return a0 = pointer, other registers unchanged
03:000033B0 6702            	  3981: 	BEQ.s		LAB_NoSt		* skip store if null string (or will write over $00)
                            	  3982: 
03:000033B2 1080            	  3983: 	MOVE.b	d0,(a0)		* save byte in string (byte IS string!)
                            	  3984: LAB_NoSt
03:000033B4 61000C6E        	  3985: 	BSR		LAB_RTST		* push string on descriptor stack
                            	  3986: 						* a0 = pointer, d1 = length
                            	  3987: 
03:000033B8 608E            	  3988: 	BRA.s		LAB_17D5		* do string LET & return
                            	  3989: 
                            	  3990: * PRINT
                            	  3991: 
                            	  3992: LAB_1829
03:000033BA 610000C0        	  3993: 	BSR		LAB_18C6		* print string from stack
                            	  3994: LAB_182C
03:000033BE 61000534        	  3995: 	BSR		LAB_GBYT		* scan memory
                            	  3996: 
                            	  3997: * perform PRINT
                            	  3998: 
                            	  3999: LAB_PRINT
03:000033C2 6752            	  4000: 	BEQ.s		LAB_CRLF		* if nothing following just print CR/LF
                            	  4001: 
                            	  4002: LAB_1831
03:000033C4 67BC            	  4003: 	BEQ.s		RTS_008		* exit if nothing more to print
                            	  4004: 
03:000033C6 B03C00A8        	  4005: 	CMP.b		#TK_TAB,d0		* compare with TAB( token
03:000033CA 6770            	  4006: 	BEQ.s		LAB_18A2		* go do TAB/SPC
                            	  4007: 
03:000033CC B03C00AB        	  4008: 	CMP.b		#TK_SPC,d0		* compare with SPC( token
03:000033D0 676A            	  4009: 	BEQ.s		LAB_18A2		* go do TAB/SPC
                            	  4010: 
03:000033D2 B03C002C        	  4011: 	CMP.b		#',',d0		* compare with ","
03:000033D6 6746            	  4012: 	BEQ.s		LAB_188B		* go do move to next TAB mark
                            	  4013: 
03:000033D8 B03C003B        	  4014: 	CMP.b		#';',d0		* compare with ";"
03:000033DC 67000092        	  4015: 	BEQ		LAB_18BD		* if ";" continue with PRINT processing
                            	  4016: 
03:000033E0 61000354        	  4017: 	BSR		LAB_EVEX		* evaluate expression
03:000033E4 4A3900E805BD    	  4018: 	TST.b		Dtypef		* test data type, $80=string, $40=integer, $00=float
03:000033EA 6BCE            	  4019: 	BMI.s		LAB_1829		* branch if string
                            	  4020: 
                            	  4021: ** replace the two lines above with this code
                            	  4022: 
                            	  4023: **	MOVE.b	Dtypef,d0		* get data type flag, $80=string, $00=numeric
                            	  4024: **	BMI.s		LAB_1829		* branch if string
                            	  4025: 
03:000033EC 610016BC        	  4026: 	BSR		LAB_2970		* convert FAC1 to string
03:000033F0 61000BE4        	  4027: 	BSR		LAB_20AE		* print " terminated string to FAC1 stack
                            	  4028: 
                            	  4029: * don't check fit if terminal width byte is zero
                            	  4030: 
03:000033F4 7000            	  4031: 	MOVEQ		#0,d0			* clear d0
03:000033F6 103900E805EF    	  4032: 	MOVE.b	TWidth,d0		* get terminal width byte
03:000033FC 670E            	  4033: 	BEQ.s		LAB_185E		* skip check if zero
                            	  4034: 
03:000033FE 902C0007        	  4035: 	SUB.b		7(a4),d0		* subtract string length
03:00003402 903900E805EE    	  4036: 	SUB.b		TPos,d0		* subtract terminal position
03:00003408 6402            	  4037: 	BCC.s		LAB_185E		* branch if less than terminal width
                            	  4038: 
03:0000340A 610A            	  4039: 	BSR.s		LAB_CRLF		* else print CR/LF
                            	  4040: LAB_185E
03:0000340C 616E            	  4041: 	BSR.s		LAB_18C6		* print string from stack
03:0000340E 60AE            	  4042: 	BRA.s		LAB_182C		* always go continue processing line
                            	  4043: 
                            	  4044: * CR/LF return to BASIC from BASIC input handler
                            	  4045: * leaves a0 pointing to the buffer start
                            	  4046: 
                            	  4047: LAB_1866
03:00003410 11BC00001000    	  4048: 	MOVE.b	#$00,(a0,d1.w)	* null terminate input
                            	  4049: 
                            	  4050: * print CR/LF
                            	  4051: 
                            	  4052: LAB_CRLF
03:00003416 700D            	  4053: 	MOVEQ		#$0D,d0		* load [CR]
03:00003418 6178            	  4054: 	BSR.s		LAB_PRNA		* go print the character
03:0000341A 700A            	  4055: 	MOVEQ		#$0A,d0		* load [LF]
03:0000341C 6074            	  4056: 	BRA.s		LAB_PRNA		* go print the character & return (always branch)
                            	  4057: 
                            	  4058: LAB_188B
03:0000341E 143900E805EE    	  4059: 	MOVE.b	TPos,d2		* get terminal position
03:00003424 B43900E805F0    	  4060: 	CMP.b		Iclim,d2		* compare with input column limit
03:0000342A 6504            	  4061: 	BCS.s		LAB_1898		* branch if less than Iclim
                            	  4062: 
03:0000342C 61E8            	  4063: 	BSR.s		LAB_CRLF		* else print CR/LF (next line)
03:0000342E 6040            	  4064: 	BRA.s		LAB_18BD		* continue with PRINT processing (branch always)
                            	  4065: 
                            	  4066: LAB_1898
03:00003430 943900E805EA    	  4067: 	SUB.b		TabSiz,d2		* subtract TAB size
03:00003436 64F8            	  4068: 	BCC.s		LAB_1898		* loop if result was >= 0
                            	  4069: 
03:00003438 4402            	  4070: 	NEG.b		d2			* twos complement it
03:0000343A 6026            	  4071: 	BRA.s		LAB_18B7		* print d2 spaces
                            	  4072: 
                            	  4073: 						* do TAB/SPC
                            	  4074: LAB_18A2
03:0000343C 3F00            	  4075: 	MOVE.w	d0,-(sp)		* save token
03:0000343E 61000EFE        	  4076: 	BSR		LAB_SGBY		* increment and get byte, result in d0 and Itemp
03:00003442 3400            	  4077: 	MOVE.w	d0,d2			* copy byte
03:00003444 610004AE        	  4078: 	BSR		LAB_GBYT		* get basic byte back
03:00003448 B03C0029        	  4079: 	CMP.b		#$29,d0		* is next character ")"
03:0000344C 6600F77E        	  4080: 	BNE		LAB_SNER		* if not do syntax error, then warm start
                            	  4081: 
03:00003450 301F            	  4082: 	MOVE.w	(sp)+,d0		* get token back
03:00003452 B03C00A8        	  4083: 	CMP.b		#TK_TAB,d0		* was it TAB ?
03:00003456 660A            	  4084: 	BNE.s		LAB_18B7		* branch if not (was SPC)
                            	  4085: 
                            	  4086: 						* calculate TAB offset
03:00003458 943900E805EE    	  4087: 	SUB.b		TPos,d2		* subtract terminal position
03:0000345E 6510            	  4088: 	BCS.s		LAB_18BD		* branch if result was < 0 (can't TAB backwards)
                            	  4089: 
03:00003460 670E            	  4090: 	BEQ.s		LAB_18BD		* branch if result was = $0 (already here)
                            	  4091: 
                            	  4092: 						* print d2 spaces
                            	  4093: LAB_18B7
03:00003462 4A02            	  4094: 	TST.b		d2			* test count
03:00003464 670A            	  4095: 	BEQ.s		LAB_18BD		* branch if zero
                            	  4096: 
03:00003466 5302            	  4097: 	SUBQ.b	#1,d2			* adjust for DBF loop
03:00003468 7020            	  4098: 	MOVEQ		#$20,d0		* load " "
                            	  4099: LAB_18B8
03:0000346A 6126            	  4100: 	BSR.s		LAB_PRNA		* go print
03:0000346C 51CAFFFC        	  4101: 	DBF		d2,LAB_18B8		* decrement count and loop if not all done
                            	  4102: 
                            	  4103: 						* continue with PRINT processing
                            	  4104: LAB_18BD
03:00003470 61000480        	  4105: 	BSR		LAB_IGBY		* increment & scan memory
03:00003474 6000FF4E        	  4106: 	BRA		LAB_1831		* continue executing PRINT
                            	  4107: 
                            	  4108: * print null terminated string from a0
                            	  4109: 
                            	  4110: LAB_18C3
03:00003478 61000B5C        	  4111: 	BSR		LAB_20AE		* print terminated string to FAC1/stack
                            	  4112: 
                            	  4113: * print string from stack
                            	  4114: 
                            	  4115: LAB_18C6
03:0000347C 61000D7A        	  4116: 	BSR		LAB_22B6		* pop string off descriptor stack or from memory
                            	  4117: 						* returns with d0 = length, a0 = pointer
03:00003480 3200            	  4118: 	MOVE.w	d0,d1			* copy length & set Z flag
03:00003482 670A            	  4119: 	BEQ.s		RTS_009		* exit (RTS) if null string
                            	  4120: 
03:00003484 5341            	  4121: 	SUBQ.w	#1,d1			* -1 for BF loop
                            	  4122: LAB_18CD
03:00003486 1018            	  4123: 	MOVE.b	(a0)+,d0		* get byte from string
03:00003488 6108            	  4124: 	BSR.s		LAB_PRNA		* go print the character
03:0000348A 51C9FFFA        	  4125: 	DBF		d1,LAB_18CD		* decrement count and loop if not done yet
                            	  4126: 
                            	  4127: RTS_009
03:0000348E 4E75            	  4128: 	RTS
                            	  4129: 
                            	  4130: * print "?" character
                            	  4131: 
                            	  4132: LAB_18E3
03:00003490 703F            	  4133: 	MOVEQ		#$3F,d0		* load "?" character
                            	  4134: 
                            	  4135: * print character in d0, includes the null handler and infinite line length code
                            	  4136: * changes no registers.
                            	  4137: 
                            	  4138: LAB_PRNA
03:00003492 2F01            	  4139: 	MOVE.l	d1,-(SP)		* save d1
03:00003494 B03C0020        	  4140: 	CMP.b		#$20,d0		* compare with " "
03:00003498 6534            	  4141: 	BCS.s		LAB_18F9		* branch if less, non printing character
                            	  4142: 
                            	  4143: 						* don't check fit if terminal width byte is zero
03:0000349A 123900E805EF    	  4144: 	MOVE.b	TWidth,d1		* get terminal width
03:000034A0 6616            	  4145: 	BNE.s		LAB_18F0		* branch if not zero (not infinite length)
                            	  4146: 
                            	  4147: 						* is "infinite line" so check TAB position
03:000034A2 123900E805EE    	  4148: 	MOVE.b	TPos,d1		* get position
03:000034A8 923900E805EA    	  4149: 	SUB.b		TabSiz,d1		* subtract TAB size
03:000034AE 6618            	  4150: 	BNE.s		LAB_18F7		* skip reset if different
                            	  4151: 
03:000034B0 13C100E805EE    	  4152: 	MOVE.b	d1,TPos		* else reset position
03:000034B6 6010            	  4153: 	BRA.s		LAB_18F7		* go print character
                            	  4154: 
                            	  4155: LAB_18F0
03:000034B8 B23900E805EE    	  4156: 	CMP.b		TPos,d1		* compare with terminal character position
03:000034BE 6608            	  4157: 	BNE.s		LAB_18F7		* branch if not at end of line
                            	  4158: 
03:000034C0 2F00            	  4159: 	MOVE.l	d0,-(SP)		* save d0
03:000034C2 6100FF52        	  4160: 	BSR		LAB_CRLF		* else print CR/LF
03:000034C6 201F            	  4161: 	MOVE.l	(SP)+,d0		* restore d0
                            	  4162: LAB_18F7
03:000034C8 523900E805EE    	  4163: 	ADDQ.b	#$01,TPos		* increment terminal position
                            	  4164: LAB_18F9
03:000034CE 4EB900E80412    	  4165: 	JSR		V_OUTP		* output byte via output vector
03:000034D4 B03C000D        	  4166: 	CMP.b		#$0D,d0		* compare with [CR]
03:000034D8 661E            	  4167: 	BNE.s		LAB_188A		* branch if not [CR]
                            	  4168: 
                            	  4169: 						* else print nullct nulls after the [CR]
03:000034DA 7200            	  4170: 	MOVEQ		#$00,d1		* clear d1
03:000034DC 123900E805ED    	  4171: 	MOVE.b	Nullct,d1		* get null count
03:000034E2 670E            	  4172: 	BEQ.s		LAB_1886		* branch if no nulls
                            	  4173: 
03:000034E4 7000            	  4174: 	MOVEQ		#$00,d0		* load [NULL]
                            	  4175: LAB_1880
03:000034E6 4EB900E80412    	  4176: 	JSR		V_OUTP		* go print the character
03:000034EC 51C9FFF8        	  4177: 	DBF		d1,LAB_1880		* decrement count and loop if not all done
                            	  4178: 
03:000034F0 700D            	  4179: 	MOVEQ		#$0D,d0		* restore the character
                            	  4180: LAB_1886
03:000034F2 13C100E805EE    	  4181: 	MOVE.b	d1,TPos		* clear terminal position
                            	  4182: LAB_188A
03:000034F8 221F            	  4183: 	MOVE.l	(SP)+,d1		* restore d1
03:000034FA 4E75            	  4184: 	RTS
                            	  4185: 
                            	  4186: * handle bad input data
                            	  4187: 
                            	  4188: LAB_1904
03:000034FC 4A3900E805E8    	  4189: 	TST.b		Imode			* test input mode flag, $00=INPUT, $98=READ
03:00003502 6A0E            	  4190: 	BPL.s		LAB_1913		* branch if INPUT (go do redo)
                            	  4191: 
03:00003504 23F900E8046200E8	  4192: 	MOVE.l	Dlinel,Clinel	* save DATA line as current line
03:0000350C 0456
03:0000350E 6000F6BC        	  4193: 	BRA		LAB_SNER		* do syntax error, then warm start
                            	  4194: 
                            	  4195: 						* mode was INPUT
                            	  4196: LAB_1913
03:00003512 41FA2BB1        	  4197: 	LEA		(LAB_REDO,PC),a0	* point to redo message
03:00003516 6100FF60        	  4198: 	BSR		LAB_18C3		* print null terminated string from memory
03:0000351A 2A7900E8045E    	  4199: 	MOVEA.l	Cpntrl,a5		* save continue pointer as BASIC execute pointer
03:00003520 4E75            	  4200: 	RTS
                            	  4201: 
                            	  4202: * perform INPUT
                            	  4203: 
                            	  4204: LAB_INPUT
03:00003522 61000990        	  4205: 	BSR		LAB_CKRN		* check not Direct (back here if ok)
03:00003526 B03C0022        	  4206: 	CMP.b		#$22,d0		* compare next byte with open quote
03:0000352A 660E            	  4207: 	BNE.s		LAB_1934		* branch if no prompt string
                            	  4208: 
03:0000352C 6100039C        	  4209: 	BSR		LAB_1BC1		* print "..." string
03:00003530 703B            	  4210: 	MOVEQ		#$3B,d0		* load d0 with ";"
03:00003532 610003B8        	  4211: 	BSR		LAB_SCCA		* scan for CHR$(d0), else syntax error/warm start
03:00003536 6100FF44        	  4212: 	BSR		LAB_18C6		* print string from Sutill/Sutilh
                            	  4213: 						* done with prompt, now get data
                            	  4214: LAB_1934
03:0000353A 6100F7C2        	  4215: 	BSR		LAB_INLN		* print "? " and get BASIC input
                            	  4216: 						* return a0 pointing to the buffer start
03:0000353E 7000            	  4217: 	MOVEQ		#0,d0			* clear d0 (flag INPUT)
03:00003540 4A10            	  4218: 	TST.b		(a0)			* test first byte from buffer
03:00003542 6610            	  4219: 	BNE.s		LAB_1953		* branch if not null input
                            	  4220: 
03:00003544 023C00FE        	  4221: 	AND		#$FE,CCR		* was null input so clear carry to exit prog
03:00003548 6000FB1C        	  4222: 	BRA		LAB_1647		* go do BREAK exit
                            	  4223: 
                            	  4224: * perform READ
                            	  4225: 
                            	  4226: LAB_READ
03:0000354C 207900E80466    	  4227: 	MOVEA.l	Dptrl,a0		* get DATA pointer
03:00003552 7098            	  4228: 	MOVEQ		#$98-$100,d0	* flag READ
                            	  4229: LAB_1953
03:00003554 13C000E805E8    	  4230: 	MOVE.b	d0,Imode		* set input mode flag, $00=INPUT, $98=READ
03:0000355A 23C800E8046A    	  4231: 	MOVE.l	a0,Rdptrl		* save READ pointer
                            	  4232: 
                            	  4233: 						* READ or INPUT next variable from list
                            	  4234: LAB_195B
03:00003560 610005AA        	  4235: 	BSR		LAB_GVAR		* get (var) address
                            	  4236: 						* return pointer to variable in Cvaral and a0
03:00003564 23C800E80476    	  4237: 	MOVE.l	a0,Lvarpl		* save variable address as LET variable
03:0000356A 2F0D            	  4238: 	MOVE.l	a5,-(sp)		* save BASIC execute pointer
03:0000356C 2A7900E8046A    	  4239: 	MOVEA.l	Rdptrl,a5		* set READ pointer as BASIC execute pointer
03:00003572 61000380        	  4240: 	BSR		LAB_GBYT		* scan memory
03:00003576 6624            	  4241: 	BNE.s		LAB_1986		* branch if not null
                            	  4242: 
                            	  4243: 						* pointer was to null entry
03:00003578 4A3900E805E8    	  4244: 	TST.b		Imode			* test input mode flag, $00=INPUT, $98=READ
03:0000357E 6B7E            	  4245: 	BMI.s		LAB_19DD		* branch if READ (go find next statement)
                            	  4246: 
                            	  4247: 						* mode was INPUT
03:00003580 6100FF0E        	  4248: 	BSR		LAB_18E3		* print "?" character (double ? for extended input)
03:00003584 6100F778        	  4249: 	BSR		LAB_INLN		* print "? " and get BASIC input
                            	  4250: 						* return a0 pointing to the buffer start
03:00003588 4A10            	  4251: 	TST.b		(a0)			* test first byte from buffer
03:0000358A 6608            	  4252: 	BNE.s		LAB_1984		* branch if not null input
                            	  4253: 
03:0000358C 023C00FE        	  4254: 	AND		#$FE,CCR		* was null input so clear carry to exit prog
03:00003590 6000FAD4        	  4255: 	BRA		LAB_1647		* go do BREAK exit
                            	  4256: 
                            	  4257: LAB_1984
03:00003594 2A48            	  4258: 	MOVEA.l	a0,a5			* set BASIC execute pointer to buffer start
03:00003596 534D            	  4259: 	SUBQ.w	#1,a5			* decrement pointer
                            	  4260: LAB_1985
03:00003598 61000358        	  4261: 	BSR		LAB_IGBY		* increment & scan memory
                            	  4262: LAB_1986
03:0000359C 4A3900E805BD    	  4263: 	TST.b		Dtypef		* test data type, $80=string, $40=integer, $00=float
03:000035A2 6A20            	  4264: 	BPL.s		LAB_19B0		* branch if numeric
                            	  4265: 
                            	  4266: 						* else get string
03:000035A4 1400            	  4267: 	MOVE.b	d0,d2			* save search character
03:000035A6 B03C0022        	  4268: 	CMP.b		#$22,d0		* was it " ?
03:000035AA 6706            	  4269: 	BEQ.s		LAB_1999		* branch if so
                            	  4270: 
03:000035AC 743A            	  4271: 	MOVEQ		#':',d2		* set new search character
03:000035AE 702C            	  4272: 	MOVEQ		#',',d0		* other search character is ","
03:000035B0 534D            	  4273: 	SUBQ.w	#1,a5			* decrement BASIC execute pointer
                            	  4274: LAB_1999
03:000035B2 524D            	  4275: 	ADDQ.w	#1,a5			* increment BASIC execute pointer
03:000035B4 1600            	  4276: 	MOVE.b	d0,d3			* set second search character
03:000035B6 204D            	  4277: 	MOVEA.l	a5,a0			* BASIC execute pointer is source
                            	  4278: 
03:000035B8 61000A20        	  4279: 	BSR		LAB_20B4		* print d2/d3 terminated string to FAC1 stack
                            	  4280: 						* d2 = Srchc, d3 = Asrch, a0 is source
03:000035BC 2A4A            	  4281: 	MOVEA.l	a2,a5			* copy end of string to BASIC execute pointer
03:000035BE 6100FD88        	  4282: 	BSR		LAB_17D5		* go do string LET
03:000035C2 6014            	  4283: 	BRA.s		LAB_19B6		* go check string terminator
                            	  4284: 
                            	  4285: 						* get numeric INPUT
                            	  4286: LAB_19B0
03:000035C4 1F3900E805BD    	  4287: 	MOVE.b	Dtypef,-(sp)	* save variable data type
03:000035CA 61001E64        	  4288: 	BSR		LAB_2887		* get FAC1 from string
03:000035CE 13DF00E805BD    	  4289: 	MOVE.b	(sp)+,Dtypef	* restore variable data type
03:000035D4 610012F8        	  4290: 	BSR		LAB_PFAC		* pack FAC1 into (Lvarpl)
                            	  4291: LAB_19B6
03:000035D8 6100031A        	  4292: 	BSR		LAB_GBYT		* scan memory
03:000035DC 670A            	  4293: 	BEQ.s		LAB_19C2		* branch if null (last entry)
                            	  4294: 
03:000035DE B03C002C        	  4295: 	CMP.b		#',',d0		* else compare with ","
03:000035E2 6600FF18        	  4296: 	BNE		LAB_1904		* if not "," go handle bad input data
                            	  4297: 
03:000035E6 524D            	  4298: 	ADDQ.w	#1,a5			* else was "," so point to next chr
                            	  4299: 						* got good input data
                            	  4300: LAB_19C2
03:000035E8 23CD00E8046A    	  4301: 	MOVE.l	a5,Rdptrl		* save read pointer for now
03:000035EE 2A5F            	  4302: 	MOVEA.l	(sp)+,a5		* restore execute pointer
03:000035F0 61000302        	  4303: 	BSR		LAB_GBYT		* scan memory
03:000035F4 6738            	  4304: 	BEQ.s		LAB_1A03		* if null go do extra ignored message
                            	  4305: 
03:000035F6 610002F2        	  4306: 	BSR		LAB_1C01		* scan for "," , else do syntax error/warm start
03:000035FA 6000FF64        	  4307: 	BRA		LAB_195B		* go INPUT next variable from list
                            	  4308: 
                            	  4309: 						* find next DATA statement or do "OD" error
                            	  4310: LAB_19DD
03:000035FE 6100FBEC        	  4311: 	BSR		LAB_SNBS		* scan for next BASIC statement ([:] or [EOL])
                            	  4312: 						* returns a0 as pointer to [:] or [EOL]
03:00003602 2A48            	  4313: 	MOVEA.l	a0,a5			* add index, now = pointer to [EOL]/[EOS]
03:00003604 524D            	  4314: 	ADDQ.w	#1,a5			* pointer to next character
03:00003606 B03C003A        	  4315: 	CMP.b		#':',d0		* was it statement end?
03:0000360A 6714            	  4316: 	BEQ.s		LAB_19F6		* branch if [:]
                            	  4317: 
                            	  4318: 						* was [EOL] so find next line
                            	  4319: 
03:0000360C 320D            	  4320: 	MOVE.w	a5,d1			* past pad byte(s)
03:0000360E C27C0001        	  4321: 	AND.w		#1,d1			* mask odd bit
03:00003612 DAC1            	  4322: 	ADD.w		d1,a5			* add pointer
03:00003614 241D            	  4323: 	MOVE.l	(a5)+,d2		* get next line pointer
03:00003616 6700F5AC        	  4324: 	BEQ		LAB_ODER		* branch if end of program
                            	  4325: 
03:0000361A 23DD00E80462    	  4326: 	MOVE.l	(a5)+,Dlinel	* save current DATA line
                            	  4327: LAB_19F6
03:00003620 610002D2        	  4328: 	BSR		LAB_GBYT		* scan memory
03:00003624 B03C0083        	  4329: 	CMP.b		#TK_DATA,d0		* compare with "DATA" token
03:00003628 6700FF6E        	  4330: 	BEQ		LAB_1985		* was "DATA" so go do next READ
                            	  4331: 
03:0000362C 60D0            	  4332: 	BRA.s		LAB_19DD		* go find next statement if not "DATA"
                            	  4333: 
                            	  4334: * end of INPUT/READ routine
                            	  4335: 
                            	  4336: LAB_1A03
03:0000362E 207900E8046A    	  4337: 	MOVEA.l	Rdptrl,a0		* get temp READ pointer
03:00003634 4A3900E805E8    	  4338: 	TST.b		Imode			* get input mode flag, $00=INPUT, $98=READ
03:0000363A 6A08            	  4339: 	BPL.s		LAB_1A0E		* branch if INPUT
                            	  4340: 
03:0000363C 23C800E80466    	  4341: 	MOVE.l	a0,Dptrl		* else save temp READ pointer as DATA pointer
03:00003642 4E75            	  4342: 	RTS
                            	  4343: 
                            	  4344: 						* we were getting INPUT
                            	  4345: LAB_1A0E
03:00003644 4A10            	  4346: 	TST.b		(a0)			* test next byte
03:00003646 6602            	  4347: 	BNE.s		LAB_1A1B		* error if not end of INPUT
                            	  4348: 
03:00003648 4E75            	  4349: 	RTS
                            	  4350: 						* user typed too much
                            	  4351: LAB_1A1B
03:0000364A 41FA2A69        	  4352: 	LEA		(LAB_IMSG,PC),a0	* point to extra ignored message
03:0000364E 6000FE28        	  4353: 	BRA		LAB_18C3		* print null terminated string from memory & RTS
                            	  4354: 
                            	  4355: * perform NEXT
                            	  4356: 
                            	  4357: LAB_NEXT
03:00003652 6604            	  4358: 	BNE.s		LAB_1A46		* branch if NEXT var
                            	  4359: 
03:00003654 91C8            	  4360: 	MOVEA.w	#0,a0			* else clear a0
03:00003656 6004            	  4361: 	BRA.s		LAB_1A49		* branch always (no variable to search for)
                            	  4362: 
                            	  4363: * NEXT var
                            	  4364: 
                            	  4365: LAB_1A46
03:00003658 610004B2        	  4366: 	BSR		LAB_GVAR		* get variable address
                            	  4367: 						* return pointer to variable in Cvaral and a0
                            	  4368: LAB_1A49
03:0000365C 23C800E80476    	  4369: 	MOVE.l	a0,Frnxtl		* store variable pointer
03:00003662 6100F4CA        	  4370: 	BSR		LAB_11A1		* search the stack for FOR or GOSUB activity
                            	  4371: 						* exit with z=1 if FOR else exit with z=0
                            	  4372: 						* return modified stack in a2
03:00003666 6600F568        	  4373: 	BNE		LAB_NFER		* if not found do next without for err/warm start
                            	  4374: 
03:0000366A 2E4A            	  4375: 	MOVEA.l	a2,sp			* set stack pointer (dumps return addresses)
03:0000366C 33EA000600E805A0	  4376: 	MOVE.w	6(a2),FAC2_e	* get STEP value exponent and sign
03:00003674 23EA000800E8059C	  4377: 	MOVE.l	8(a2),FAC2_m	* get STEP value mantissa
                            	  4378: 
03:0000367C 207900E80476    	  4379: 	MOVEA.l	Frnxtl,a0		* get FOR variable pointer
03:00003682 13EA001200E805BD	  4380: 	MOVE.b	18(a2),Dtypef	* restore FOR variable data type
03:0000368A 6100028E        	  4381: 	BSR		LAB_1C19		* check type and unpack (a0)
                            	  4382: 
03:0000368E 13F900E805A100E8	  4383: 	MOVE.b	FAC2_s,FAC_sc	* save FAC2 sign as sign compare
03:00003696 05A2
03:00003698 103900E80599    	  4384: 	MOVE.b	FAC1_s,d0		* get FAC1 sign
03:0000369E B13900E805A2    	  4385: 	EOR.b		d0,FAC_sc		* EOR to create sign compare
                            	  4386: 
03:000036A4 61000E2E        	  4387: 	BSR		LAB_ADD		* add STEP value to FOR variable
03:000036A8 13EA001200E805BD	  4388: 	MOVE.b	18(a2),Dtypef	* restore FOR variable data type (again)
03:000036B0 6100121C        	  4389: 	BSR		LAB_PFAC		* pack FAC1 into FOR variable
                            	  4390: 
03:000036B4 33EA000C00E805A0	  4391: 	MOVE.w	12(a2),FAC2_e	* get TO value exponent and sign
03:000036BC 23EA000E00E8059C	  4392: 	MOVE.l	14(a2),FAC2_m	* get TO value mantissa
                            	  4393: 
03:000036C4 13F900E805A100E8	  4394: 	MOVE.b	FAC2_s,FAC_sc	* save FAC2 sign as sign compare
03:000036CC 05A2
03:000036CE 103900E80599    	  4395: 	MOVE.b	FAC1_s,d0		* get FAC1 sign
03:000036D4 B13900E805A2    	  4396: 	EOR.b		d0,FAC_sc		* EOR to create sign compare
                            	  4397: 
03:000036DA 610012C6        	  4398: 	BSR		LAB_27FA		* compare FAC1 with FAC2 (TO value)
                            	  4399: 						* returns d0=+1 if FAC1 > FAC2
                            	  4400: 						* returns d0= 0 if FAC1 = FAC2
                            	  4401: 						* returns d0=-1 if FAC1 < FAC2
                            	  4402: 
03:000036DE 322A0006        	  4403: 	MOVE.w	6(a2),d1		* get STEP value exponent and sign
03:000036E2 B141            	  4404: 	EOR.w		d0,d1			* EOR compare result with STEP (exponent and sign)
                            	  4405: 
03:000036E4 4A00            	  4406: 	TST.b		d0			* test for =
03:000036E6 6704            	  4407: 	BEQ.s		LAB_1A90		* branch if = (loop INcomplete)
                            	  4408: 
03:000036E8 4A01            	  4409: 	TST.b		d1			* test result
03:000036EA 6A10            	  4410: 	BPL.s		LAB_1A9B		* branch if > (loop complete)
                            	  4411: 
                            	  4412: 						* loop back and do it all again
                            	  4413: LAB_1A90
03:000036EC 23EA001400E80456	  4414: 	MOVE.l	20(a2),Clinel	* reset current line
03:000036F4 2A6A0018        	  4415: 	MOVE.l	24(a2),a5		* reset BASIC execute pointer
03:000036F8 6000F906        	  4416: 	BRA		LAB_15C2		* go do interpreter inner loop
                            	  4417: 
                            	  4418: 						* loop complete so carry on
                            	  4419: LAB_1A9B
03:000036FC 45EA001C        	  4420: 	ADDA.w	#28,a2		* add 28 to dump FOR structure
03:00003700 2E4A            	  4421: 	MOVEA.l	a2,sp			* copy to stack pointer
03:00003702 610001F0        	  4422: 	BSR		LAB_GBYT		* scan memory
03:00003706 B03C002C        	  4423: 	CMP.b		#$2C,d0		* compare with ","
03:0000370A 6600F8F4        	  4424: 	BNE		LAB_15C2		* if not "," go do interpreter inner loop
                            	  4425: 
                            	  4426: 						* was "," so another NEXT variable to do
03:0000370E 610001E2        	  4427: 	BSR		LAB_IGBY		* else increment & scan memory
03:00003712 6100FF44        	  4428: 	BSR		LAB_1A46		* do NEXT (var)
                            	  4429: 
                            	  4430: * evaluate expression & check is numeric, else do type mismatch
                            	  4431: 
                            	  4432: LAB_EVNM
03:00003716 611E            	  4433: 	BSR.s		LAB_EVEX		* evaluate expression
                            	  4434: 
                            	  4435: * check if source is numeric, else do type mismatch
                            	  4436: 
                            	  4437: LAB_CTNM
03:00003718 B040            	  4438: 	CMP.w		d0,d0			* required type is numeric so clear carry
03:0000371A 6004            	  4439: 	BRA.s		LAB_CKTM		* go check type match
                            	  4440: 
                            	  4441: * check if source is string, else do type mismatch
                            	  4442: 
                            	  4443: LAB_CTST
03:0000371C 003C0001        	  4444: 	ORI.b		#1,CCR		* required type is string so set carry
                            	  4445: 
                            	  4446: * type match check, set C for string, clear C for numeric
                            	  4447: 
                            	  4448: LAB_CKTM
03:00003720 0839000700E805BD	  4449: 	BTST.b	#7,Dtypef		* test data type flag, don't change carry
03:00003728 6606            	  4450: 	BNE.s		LAB_1ABA		* branch if data type is string
                            	  4451: 
                            	  4452: 						* else data type was numeric
03:0000372A 6500F474        	  4453: 	BCS		LAB_TMER		* if required type is string do type mismatch err
                            	  4454: 
03:0000372E 4E75            	  4455: 	RTS
                            	  4456: 						* data type was string, now check required type
                            	  4457: LAB_1ABA
03:00003730 6400F46E        	  4458: 	BCC		LAB_TMER		* if required type is numeric do type mismatch error
                            	  4459: 
03:00003734 4E75            	  4460: 	RTS
                            	  4461: 
                            	  4462: * evaluate expression
                            	  4463: 
                            	  4464: LAB_EVEX
03:00003736 534D            	  4465: 	SUBQ.w	#1,a5			* decrement BASIC execute pointer
03:00003738 7200            	  4466: 	MOVEQ		#0,d1			* clear precedence word
03:0000373A 6002            	  4467: 	BRA.s		LAB_1ACD		* enter loop
                            	  4468: 
                            	  4469: LAB_1ACC
03:0000373C 3F00            	  4470: 	MOVE.w	d0,-(sp)		* push compare evaluation byte if branch to here
                            	  4471: LAB_1ACD
03:0000373E 3F01            	  4472: 	MOVE.w	d1,-(sp)		* push precedence word
                            	  4473: 
                            	  4474: *	MOVEQ		#$02,d0		* 2 bytes !!
                            	  4475: *	BSR.s		LAB_1212		* check room on stack for d0 bytes
                            	  4476: 
03:00003740 61000156        	  4477: 	BSR		LAB_GVAL		* get value from line
03:00003744 13FC000000E805EC	  4478: 	MOVE.b	#$00,comp_f		* clear compare function flag
                            	  4479: LAB_1ADB
03:0000374C 610001A6        	  4480: 	BSR		LAB_GBYT		* scan memory
                            	  4481: LAB_1ADE
03:00003750 903C00BB        	  4482: 	SUB.b		#TK_GT,d0		* subtract token for > (lowest compare function)
03:00003754 6538            	  4483: 	BCS.s		LAB_1AFA		* branch if < TK_GT
                            	  4484: 
03:00003756 B03C0003        	  4485: 	CMP.b		#$03,d0		* compare with ">" to "<" tokens
03:0000375A 650C            	  4486: 	BCS.s		LAB_1AE0		* branch if < TK_SGN (is compare function)
                            	  4487: 
03:0000375C 4A3900E805EC    	  4488: 	TST.b		comp_f		* test compare function flag
03:00003762 6676            	  4489: 	BNE.s		LAB_1B2A		* branch if compare function
                            	  4490: 
03:00003764 600000E2        	  4491: 	BRA		LAB_1B78		* go do functions
                            	  4492: 
                            	  4493: 						* was token for > = or < (d0 = 0, 1 or 2)
                            	  4494: LAB_1AE0
03:00003768 7201            	  4495: 	MOVEQ		#1,d1			* set to 0000 0001
03:0000376A E121            	  4496: 	ASL.b		d0,d1			* 1 if >, 2 if =, 4 if <
03:0000376C 103900E805EC    	  4497: 	MOVE.b	comp_f,d0		* copy old compare function flag
03:00003772 13C100E805EC    	  4498: 	MOVE.b	d1,comp_f		* save this compare function bit
03:00003778 B13900E805EC    	  4499: 	EOR.b		d0,comp_f		* EOR in the old compare function flag
03:0000377E B03900E805EC    	  4500: 	CMP.b		comp_f,d0		* compare old with new compare function flag
03:00003784 6400F446        	  4501: 	BCC		LAB_SNER		* if <=(new comp_f) do syntax error/warm start
                            	  4502: 						* was more than one <, = or >)
03:00003788 61000168        	  4503: 	BSR		LAB_IGBY		* increment & scan memory
03:0000378C 60C2            	  4504: 	BRA.s		LAB_1ADE		* go do next character
                            	  4505: 
                            	  4506: 						* token is < ">" or > "<" tokens
                            	  4507: LAB_1AFA
03:0000378E 4A3900E805EC    	  4508: 	TST.b		comp_f		* test compare function flag
03:00003794 6644            	  4509: 	BNE.s		LAB_1B2A		* branch if compare function
                            	  4510: 
                            	  4511: 						* was <  TK_GT so is operator or lower
03:00003796 D03C000A        	  4512: 	ADD.b	#(TK_GT-TK_PLUS),d0	* add # of operators (+ - * / ^ AND OR EOR)
03:0000379A 640000AC        	  4513: 	BCC		LAB_1B78		* branch if < + operator
                            	  4514: 
03:0000379E 660A            	  4515: 	BNE.s		LAB_1B0B		* branch if not + token
                            	  4516: 
03:000037A0 4A3900E805BD    	  4517: 	TST.b		Dtypef		* test data type, $80=string, $40=integer, $00=float
03:000037A6 6B0009D2        	  4518: 	BMI		LAB_224D		* type is string & token was +
                            	  4519: 
                            	  4520: LAB_1B0B
03:000037AA C0FC0006        	  4521: 	MULU		#6,d0			* *6
03:000037AE 7200            	  4522: 	MOVEQ		#0,d1			* clear longword
03:000037B0 1200            	  4523: 	MOVE.b	d0,d1			* copy to index
                            	  4524: LAB_1B13
03:000037B2 301F            	  4525: 	MOVE.w	(sp)+,d0		* pull previous precedence
03:000037B4 41FA235E        	  4526: 	LEA		(LAB_OPPT,PC),a0	* set pointer to operator table
03:000037B8 B0701000        	  4527: 	CMP.w		(a0,d1.w),d0	* compare with this opperator precedence
03:000037BC 64000090        	  4528: 	BCC		LAB_1B7D		* branch if previous precedence (d0) >=
                            	  4529: 
03:000037C0 6100FF56        	  4530: 	BSR		LAB_CTNM		* check if source is numeric, else type mismatch
                            	  4531: LAB_1B1C
03:000037C4 3F00            	  4532: 	MOVE.w	d0,-(sp)		* save precedence
                            	  4533: LAB_1B1D
03:000037C6 6142            	  4534: 	BSR.s		LAB_1B43		* get vector, set-up operator, continue evaluation
03:000037C8 301F            	  4535: 	MOVE.w	(sp)+,d0		* restore precedence
03:000037CA 223900E805E0    	  4536: 	MOVE.l	prstk,d1		* get stacked function pointer
03:000037D0 6A2C            	  4537: 	BPL.s		LAB_1B3C		* branch if stacked values
                            	  4538: 
03:000037D2 3000            	  4539: 	MOVE.w	d0,d0			* copy precedence (set flags)
03:000037D4 6776            	  4540: 	BEQ.s		LAB_1B7B		* exit if done
                            	  4541: 
03:000037D6 60000086        	  4542: 	BRA		LAB_1B86		* else pop FAC2 & return (do function)
                            	  4543: 
                            	  4544: 						* was compare function (< = >)
                            	  4545: LAB_1B2A
03:000037DA 103900E805BD    	  4546: 	MOVE.b	Dtypef,d0		* get data type flag
03:000037E0 123900E805EC    	  4547: 	MOVE.b	comp_f,d1		* get compare function flag
                            	  4548: *	LSL.b		#1,d0			* string bit flag into X bit
                            	  4549: *	ROXL.b	#1,d1			* shift compare function flag
                            	  4550: 
03:000037E6 D000            	  4551: 	ADD.b		d0,d0			* string bit flag into X bit
03:000037E8 D301            	  4552: 	ADDX.b	d1,d1			* shift compare function flag
                            	  4553: 
03:000037EA 13FC000000E805BD	  4554: 	MOVE.b	#0,Dtypef		* clear data type flag, $00=float
03:000037F2 13C100E805EC    	  4555: 	MOVE.b	d1,comp_f		* save new compare function flag
03:000037F8 534D            	  4556: 	SUBQ.w	#1,a5			* decrement BASIC execute pointer
03:000037FA 7248            	  4557: 	MOVEQ		#(TK_LT-TK_PLUS)*6,d1	* set offset to last operator entry
03:000037FC 60B4            	  4558: 	BRA.s		LAB_1B13		* branch always
                            	  4559: 
                            	  4560: LAB_1B3C
03:000037FE 41FA2314        	  4561: 	LEA		(LAB_OPPT,PC),a0	* point to function vector table
03:00003802 B0701000        	  4562: 	CMP.w		(a0,d1.w),d0	* compare with this opperator precedence
03:00003806 6456            	  4563: 	BCC.s		LAB_1B86		* branch if d0 >=, pop FAC2 & return
                            	  4564: 
03:00003808 60BA            	  4565: 	BRA.s		LAB_1B1C		* branch always
                            	  4566: 
                            	  4567: * get vector, set up operator then continue evaluation
                            	  4568: 
                            	  4569: LAB_1B43
03:0000380A 41FA2308        	  4570: 	LEA		(LAB_OPPT,PC),a0	* point to operator vector table
03:0000380E 2F301002        	  4571: 	MOVE.l	2(a0,d1.w),-(sp)	* put vector on stack
03:00003812 610A            	  4572: 	BSR.s		LAB_1B56		* function set up will return here, then the
                            	  4573: 						* next RTS will call the function
03:00003814 103900E805EC    	  4574: 	MOVE.b	comp_f,d0		* get compare function flag
03:0000381A 6000FF20        	  4575: 	BRA		LAB_1ACC		* continue evaluating expression
                            	  4576: 
                            	  4577: LAB_1B56
03:0000381E 103900E80599    	  4578: 	MOVE.b	FAC1_s,d0		* get FAC1 sign (b7)
03:00003824 32301000        	  4579: 	MOVE.w	(a0,d1.w),d1	* get precedence value
03:00003828 23DF00E805A8    	  4580: 	MOVE.l	(sp)+,ut1_pl	* copy return address to utility pointer
03:0000382E 13C000E80599    	  4581: 	MOVE.b	d0,FAC1_s		* set sign
03:00003834 2F3900E80594    	  4582: 	MOVE.l	FAC1_m,-(sp)	* push FAC1 mantissa
03:0000383A 3F3900E80598    	  4583: 	MOVE.w	FAC1_e,-(sp)	* push sign and exponent
03:00003840 2F3900E805A8    	  4584: 	MOVE.l	ut1_pl,-(sp)	* push address
03:00003846 4E75            	  4585: 	RTS					* return
                            	  4586: 
                            	  4587: * do functions
                            	  4588: 
                            	  4589: LAB_1B78
03:00003848 72FF            	  4590: 	MOVEQ		#-1,d1		* flag all done
03:0000384A 301F            	  4591: 	MOVE.w	(sp)+,d0		* pull precedence word
                            	  4592: LAB_1B7B
03:0000384C 6742            	  4593: 	BEQ.s		LAB_1B9D		* exit if done
                            	  4594: 
                            	  4595: LAB_1B7D
03:0000384E B07C0064        	  4596: 	CMP.w		#$64,d0		* compare previous precedence with $64
03:00003852 6704            	  4597: 	BEQ.s		LAB_1B84		* branch if was $64 (< function can be string)
                            	  4598: 
03:00003854 6100FEC2        	  4599: 	BSR		LAB_CTNM		* check if source is numeric, else type mismatch
                            	  4600: LAB_1B84
03:00003858 23C100E805E0    	  4601: 	MOVE.l	d1,prstk		* save current operator index
                            	  4602: 
                            	  4603: 						* pop FAC2 & return
                            	  4604: LAB_1B86
03:0000385E 301F            	  4605: 	MOVE.w	(sp)+,d0		* pop comparison evaluation
03:00003860 1200            	  4606: 	MOVE.b	d0,d1			* copy comparison evaluation flag
03:00003862 E208            	  4607: 	LSR.b		#1,d0			* shift out comparison evaluation lowest bit
03:00003864 13C000E805E9    	  4608: 	MOVE.b	d0,Cflag		* save comparison evaluation flag
03:0000386A 33DF00E805A0    	  4609: 	MOVE.w	(sp)+,FAC2_e	* pop exponent and sign
03:00003870 23DF00E8059C    	  4610: 	MOVE.l	(sp)+,FAC2_m	* pop mantissa
03:00003876 13F900E805A100E8	  4611: 	MOVE.b	FAC2_s,FAC_sc	* copy FAC2 sign
03:0000387E 05A2
03:00003880 103900E80599    	  4612: 	MOVE.b	FAC1_s,d0		* get FAC1 sign
03:00003886 B13900E805A2    	  4613: 	EOR.b		d0,FAC_sc		* EOR FAC1 sign and set sign compare
                            	  4614: 
03:0000388C E209            	  4615: 	LSR.b		#1,d1			* type bit into X and C
03:0000388E 4E75            	  4616: 	RTS
                            	  4617: 
                            	  4618: LAB_1B9D
03:00003890 103900E80598    	  4619: 	MOVE.b	FAC1_e,d0		* get FAC1 exponent
03:00003896 4E75            	  4620: 	RTS
                            	  4621: 
                            	  4622: * get value from line
                            	  4623: 
                            	  4624: LAB_GVAL
03:00003898 13FC000000E805BD	  4625: 	MOVE.b	#$00,Dtypef		* clear data type flag, $00=float
                            	  4626: LAB_1BA4
03:000038A0 6150            	  4627: 	BSR		LAB_IGBY		* increment & scan memory
03:000038A2 65001B8C        	  4628: 	BCS		LAB_2887		* if numeric get FAC1 from string & return
                            	  4629: 
03:000038A6 4A00            	  4630: 	TST.b		d0			* test byte
03:000038A8 6B00008A        	  4631: 	BMI		LAB_1BD0		* if -ve go test token values
                            	  4632: 
                            	  4633: 						* else is either string, number, variable or (<expr>)
03:000038AC B03C0024        	  4634: 	CMP.b		#'$',d0		* compare with "$"
03:000038B0 67001B7E        	  4635: 	BEQ		LAB_2887		* if "$" get hex number from string & return
                            	  4636: 
03:000038B4 B03C0025        	  4637: 	CMP.b		#'%',d0		* else compare with "%"
03:000038B8 67001B76        	  4638: 	BEQ		LAB_2887		* if "%" get binary number from string & return
                            	  4639: 
03:000038BC B03C002E        	  4640: 	CMP.b		#$2E,d0		* compare with "."
03:000038C0 67001B6E        	  4641: 	BEQ		LAB_2887		* if so get FAC1 from string & return (e.g. .123)
                            	  4642: 
                            	  4643: 						* wasn't a number so ...
03:000038C4 B03C0022        	  4644: 	CMP.b		#$22,d0		* compare with "
03:000038C8 660C            	  4645: 	BNE.s		LAB_1BF3		* if not open quote must be variable or open bracket
                            	  4646: 
                            	  4647: 						* was open quote so get the enclosed string
                            	  4648: 
                            	  4649: * print "..." string to string stack
                            	  4650: 
                            	  4651: LAB_1BC1
03:000038CA 524D            	  4652: 	ADDQ.w	#1,a5			* increment basic execute pointer (past ")
03:000038CC 204D            	  4653: 	MOVEA.l	a5,a0			* copy basic execute pointer (string start)
03:000038CE 61000706        	  4654: 	BSR		LAB_20AE		* print " terminated string to stack
03:000038D2 2A4A            	  4655: 	MOVEA.l	a2,a5			* restore BASIC execute pointer from temp
03:000038D4 4E75            	  4656: 	RTS
                            	  4657: 
                            	  4658: * get value from line .. continued
                            	  4659: 						* wasn't any sort of number so ...
                            	  4660: LAB_1BF3
03:000038D6 B03C0028        	  4661: 	CMP.b		#'(',d0		* compare with "("
03:000038DA 663A            	  4662: 	BNE.s		LAB_1C18		* if not "(" get (var), return value in FAC1 & $ flag
                            	  4663: 
03:000038DC 524D            	  4664: 	ADDQ.w	#1,a5			* increment execute pointer
                            	  4665: 
                            	  4666: * evaluate expression within parentheses
                            	  4667: 
                            	  4668: LAB_1BF7
03:000038DE 6100FE56        	  4669: 	BSR		LAB_EVEX		* evaluate expression
                            	  4670: 
                            	  4671: * all the 'scan for' routines return the character after the sought character
                            	  4672: 
                            	  4673: * scan for ")" , else do syntax error, then warm start
                            	  4674: 
                            	  4675: LAB_1BFB
03:000038E2 7029            	  4676: 	MOVEQ		#$29,d0		* load d0 with ")"
03:000038E4 6006            	  4677: 	BRA.s		LAB_SCCA
                            	  4678: 
                            	  4679: * scan for "(" , else do syntax error, then warm start
                            	  4680: 
                            	  4681: LAB_1BFE
03:000038E6 7028            	  4682: 	MOVEQ		#$28,d0		* load d0 with "("
03:000038E8 6002            	  4683: 	BRA.s		LAB_SCCA
                            	  4684: 
                            	  4685: * scan for "," , else do syntax error, then warm start
                            	  4686: 
                            	  4687: LAB_1C01
03:000038EA 702C            	  4688: 	MOVEQ		#$2C,d0		* load d0 with ","
                            	  4689: 
                            	  4690: * scan for CHR$(d0) , else do syntax error, then warm start
                            	  4691: 
                            	  4692: LAB_SCCA
03:000038EC B015            	  4693: 	CMP.b		(a5),d0		* check next byte is = d0
03:000038EE 6600F2DC        	  4694: 	BNE		LAB_SNER		* if not do syntax error/warm start
                            	  4695: 
                            	  4696: 						* else get next BASIC byte
                            	  4697: 
                            	  4698: * BASIC increment and scan memory routine
                            	  4699: 
                            	  4700: LAB_IGBY
03:000038F2 524D            	  4701: 	ADDQ.w	#1,a5			* increment pointer
                            	  4702: 
                            	  4703: * scan memory routine, exit with Cb = 1 if numeric character
                            	  4704: * also skips any spaces encountered
                            	  4705: 
                            	  4706: LAB_GBYT
03:000038F4 1015            	  4707: 	MOVE.b	(a5),d0		* get byte
                            	  4708: 
03:000038F6 B03C0020        	  4709: 	CMP.b		#$20,d0		* compare with " "
03:000038FA 67F6            	  4710: 	BEQ.s		LAB_IGBY		* if " " go do next
                            	  4711: 
                            	  4712: * test current BASIC byte, exit with Cb = 1 if numeric character
                            	  4713: 
                            	  4714: LAB_TBYT
03:000038FC B03C003A        	  4715: 	CMP.b		#$3A,d0		* compare with ":"
03:00003900 6408            	  4716: 	BCC.s		RTS_001		* exit if >= (not numeric, carry clear)
                            	  4717: 
03:00003902 04000030        	  4718: 	SUBI.b	#$30,d0		* subtract "0"
03:00003906 040000D0        	  4719: 	SUBI.b	#$D0,d0		* subtract -"0"
                            	  4720: RTS_001					* carry set if byte = "0"-"9"
03:0000390A 4E75            	  4721: 	RTS
                            	  4722: 
                            	  4723: * set-up for - operator
                            	  4724: 
                            	  4725: LAB_1C11
03:0000390C 323C003C        	  4726: 	MOVE.w	#(TK_GT-TK_PLUS)*6,d1	* set offset from base to - operator
                            	  4727: LAB_1C13
03:00003910 584F            	  4728: 	ADDQ.w	#4,sp			* dump GVAL return address
03:00003912 6000FEB2        	  4729: 	BRA		LAB_1B1D		* continue evaluating expression
                            	  4730: 
                            	  4731: * variable name set-up
                            	  4732: * get (var), return value in FAC_1 & data type flag
                            	  4733: 
                            	  4734: LAB_1C18
03:00003916 610001F4        	  4735: 	BSR		LAB_GVAR		* get (var) address
                            	  4736: 						* return pointer to variable in Cvaral and a0
                            	  4737: LAB_1C19
03:0000391A 4A3900E805BD    	  4738: 	TST.b		Dtypef		* test data type, $80=string, $40=integer, $00=float
03:00003920 67000F8C        	  4739: 	BEQ		LAB_UFAC		* if float unpack memory (a0) into FAC1 & return
                            	  4740: 
03:00003924 6A08            	  4741: 	BPL.s		LAB_1C1A		* if integer unpack memory (a0) into FAC1 & return
                            	  4742: 
03:00003926 23C800E80594    	  4743: 	MOVE.l	a0,FAC1_m		* save address in FAC1
03:0000392C 4E75            	  4744: 	RTS
                            	  4745: 
                            	  4746: LAB_1C1A
03:0000392E 2010            	  4747: 	MOVE.l	(a0),d0		* get integer value
03:00003930 60000552        	  4748: 	BRA		LAB_AYFC		* convert d0 to signed longword in FAC1 & return
                            	  4749: 
                            	  4750: * get value from line .. continued
                            	  4751: * do tokens
                            	  4752: 
                            	  4753: LAB_1BD0
03:00003934 B03C00B2        	  4754: 	CMP.b		#TK_MINUS,d0	* compare with token for -
03:00003938 67D2            	  4755: 	BEQ.s		LAB_1C11		* branch if - token (do set-up for - operator)
                            	  4756: 
                            	  4757: 						* wasn't -123 so ...
03:0000393A B03C00B1        	  4758: 	CMP.b		#TK_PLUS,d0		* compare with token for +
03:0000393E 6700FF60        	  4759: 	BEQ		LAB_1BA4		* branch if + token (+n = n so ignore leading +)
                            	  4760: 
03:00003942 B03C00AD        	  4761: 	CMP.b		#TK_NOT,d0		* compare with token for NOT
03:00003946 6606            	  4762: 	BNE.s		LAB_1BE7		* branch if not token for NOT
                            	  4763: 
                            	  4764: 						* was NOT token
03:00003948 323C0042        	  4765: 	MOVE.w	#(TK_EQUAL-TK_PLUS)*6,d1	* offset to NOT function
03:0000394C 60C2            	  4766: 	BRA.s		LAB_1C13		* do set-up for function then execute
                            	  4767: 
                            	  4768: 						* wasn't +, - or NOT so ...
                            	  4769: LAB_1BE7
03:0000394E B03C00AA        	  4770: 	CMP.b		#TK_FN,d0		* compare with token for FN
03:00003952 670005CA        	  4771: 	BEQ		LAB_201E		* if FN go evaluate FNx
                            	  4772: 
                            	  4773: 						* wasn't +, -, NOT or FN so ...
03:00003956 B03C00BE        	  4774: 	CMP.b		#TK_SGN,d0		* compare with token for SGN
03:0000395A 6500F270        	  4775: 	BCS		LAB_SNER		* if < SGN token then do syntax error
                            	  4776: 
                            	  4777: * get value from line .. 
                            	  4778: * only functions left so ...
                            	  4779: * set up function references
                            	  4780: 
                            	  4781: LAB_1C27
03:0000395E C07C007F        	  4782: 	AND.w		#$7F,d0		* normalise and mask byte
03:00003962 E540            	  4783: 	ASL.w		#2,d0			* *4 (4 bytes per function address)
03:00003964 3F00            	  4784: 	MOVE.w	d0,-(sp)		* push offset
03:00003966 3200            	  4785: 	MOVE.w	d0,d1			* copy offset
03:00003968 6188            	  4786: 	BSR		LAB_IGBY		* increment & scan memory
03:0000396A B27C0159        	  4787: 	CMP.w	#(TK_CHRS-$80)*4+1,d1	* compare function offset to CHR$ token offset+1
03:0000396E 656A            	  4788: 	BCS.s		LAB_1C51		* branch if <HEX$ (can not be =)
                            	  4789: 
                            	  4790: * get value from line .. continued
                            	  4791: * was HEX$, BIN$, VARPTR, LEFT$, RIGHT$ or MID$ so..
                            	  4792: 
03:00003970 B27C0161        	  4793: 	CMP.w	#(TK_BINS-$80)*4+1,d1	* compare function offset to BIN$ token offset+1
03:00003974 652C            	  4794: 	BCS.s		LAB_BHSS		* branch if <BITTST (can not be =)
                            	  4795: 
03:00003976 B27C0179        	  4796: 	CMP.w	#(TK_VPTR-$80)*4+1,d1	* compare function offset VARPTR token offset+1
03:0000397A 6566            	  4797: 	BCS.s		LAB_1C54		* branch if <LEFT$ (can not be =)
                            	  4798: 
                            	  4799: * get value from line .. continued
                            	  4800: * was LEFT$, RIGHT$ or MID$ so..
                            	  4801: 
03:0000397C 6100FF68        	  4802: 	BSR		LAB_1BFE		* scan for "(" , else do syntax error/warm start
03:00003980 6100FDB4        	  4803: 	BSR		LAB_EVEX		* evaluate (should be string) expression
03:00003984 6100FF64        	  4804: 	BSR		LAB_1C01		* scan for "," , else do syntax error/warm start
03:00003988 6100FD92        	  4805: 	BSR		LAB_CTST		* check source is string, else do type mismatch
03:0000398C 3E1F            	  4806: 	MOVE.w	(sp)+,d7		* restore offset
03:0000398E 2F3900E80594    	  4807: 	MOVE.l	FAC1_m,-(sp)	* push descriptor pointer
03:00003994 3F07            	  4808: 	MOVE.w	d7,-(sp)		* push function offset
03:00003996 610009C0        	  4809: 	BSR		LAB_GTWO		* get word parameter, result in d0 and Itemp
03:0000399A 3E1F            	  4810: 	MOVE.w	(sp)+,d7		* restore offset
03:0000399C 3F00            	  4811: 	MOVE.w	d0,-(sp)		* push word parameter
03:0000399E 3007            	  4812: 	MOVE.w	d7,d0			* function offset to d0
03:000039A0 6042            	  4813: 	BRA.s		LAB_1C56		* go call function
                            	  4814: 
                            	  4815: * get value from line .. continued
                            	  4816: * was BIN$ or HEX$ so ..
                            	  4817: 
                            	  4818: LAB_BHSS
03:000039A2 6100FF42        	  4819: 	BSR		LAB_1BFE		* scan for "(" , else do syntax error/warm start
03:000039A6 6100FD6E        	  4820: 	BSR		LAB_EVNM		* evaluate expression & check is numeric,
                            	  4821: 						* else do type mismatch
03:000039AA 6100102E        	  4822: 	BSR		LAB_2831		* convert FAC1 floating-to-fixed
                            	  4823: 						* result in d0 and Itemp
03:000039AE 6100FF44        	  4824: 	BSR		LAB_GBYT		* get next BASIC byte
03:000039B2 7200            	  4825: 	MOVEQ		#0,d1			* set default to no leading "0"s
03:000039B4 B03C0029        	  4826: 	CMP.b		#')',d0		* compare with close bracket
03:000039B8 6728            	  4827: 	BEQ.s		LAB_1C54		* if ")" go do rest of function
                            	  4828: 
03:000039BA 2F3900E8042E    	  4829: 	MOVE.l	Itemp,-(sp)		* copy longword to stack (number)
03:000039C0 61000976        	  4830: 	BSR		LAB_SCGB		* scan for "," and get byte value
03:000039C4 2200            	  4831: 	MOVE.l	d0,d1			* copy leading 0s #
03:000039C6 6100FF2C        	  4832: 	BSR		LAB_GBYT		* get next BASIC byte
03:000039CA B03C0029        	  4833: 	CMP.b		#')',d0		* is next character )
03:000039CE 6600F1F0        	  4834: 	BNE		LAB_FCER		* if not ")" do function call error/warm start
                            	  4835: 
03:000039D2 23DF00E8042E    	  4836: 	MOVE.l	(sp)+,Itemp		* restore number form stack
03:000039D8 6008            	  4837: 	BRA.s		LAB_1C54		* go do rest of function
                            	  4838: 
                            	  4839: * get value from line .. continued
                            	  4840: * was SGN() to CHR$() so..
                            	  4841: 
                            	  4842: LAB_1C51
03:000039DA 6100FF0A        	  4843: 	BSR		LAB_1BFE		* scan for "(" , else do syntax error/warm start
03:000039DE 6100FEFE        	  4844: 	BSR		LAB_1BF7		* evaluate expression within parentheses
                            	  4845: 
                            	  4846: 						* enter here if VARPTR(), MAX() or MIN()
                            	  4847: LAB_1C54
03:000039E2 301F            	  4848: 	MOVE.w	(sp)+,d0		* get offset back
                            	  4849: LAB_1C56
03:000039E4 41FA1FA6        	  4850: 	LEA		(LAB_FTBL,PC),a0	* pointer to functions vector table
03:000039E8 20700000        	  4851: 	MOVEA.l	(a0,d0.w),a0	* get function vector
03:000039EC 4E90            	  4852: 	JSR		(a0)			* go do function vector
03:000039EE 6000FD28        	  4853: 	BRA		LAB_CTNM		* check if source is numeric & RTS, else do
                            	  4854: 						* type mismatch
                            	  4855: * perform EOR
                            	  4856: 
                            	  4857: LAB_EOR
03:000039F2 6120            	  4858: 	BSR.s		GetFirst		* get two values for OR, AND or EOR
                            	  4859: 						* first in d0, and Itemp, second in d2
03:000039F4 B5B900E8042E    	  4860: 	EOR.l		d2,Itemp		* EOR with first value
03:000039FA 203900E8042E    	  4861: 	MOVE.l	Itemp,d0		* get result
03:00003A00 60000482        	  4862: 	BRA		LAB_AYFC		* convert d0 to signed longword in FAC1 & RET
                            	  4863: 
                            	  4864: * perform OR
                            	  4865: 
                            	  4866: LAB_OR
03:00003A04 610E            	  4867: 	BSR.s		GetFirst		* get two values for OR, AND or EOR
                            	  4868: 						* first in d0, and Itemp, second in d2
03:00003A06 8082            	  4869: 	OR.l		d2,d0			* do OR
03:00003A08 6000047A        	  4870: 	BRA		LAB_AYFC		* convert d0 to signed longword in FAC1 & RET
                            	  4871: 
                            	  4872: * perform AND
                            	  4873: 
                            	  4874: LAB_AND
03:00003A0C 6106            	  4875: 	BSR.s		GetFirst		* get two values for OR, AND or EOR
                            	  4876: 						* first in d0, and Itemp, second in d2
03:00003A0E C082            	  4877: 	AND.l		d2,d0			* do AND
03:00003A10 60000472        	  4878: 	BRA		LAB_AYFC		* convert d0 to signed longword in FAC1 & RET
                            	  4879: 
                            	  4880: * get two values for OR, AND, EOR
                            	  4881: * first in d0, second in d2
                            	  4882: 
                            	  4883: GetFirst
03:00003A14 6100026C        	  4884: 	BSR		LAB_EVIR		* evaluate integer expression (no sign check)
                            	  4885: 						* result in d0 and Itemp
03:00003A18 2400            	  4886: 	MOVE.l	d0,d2			* copy second value
03:00003A1A 61000EFA        	  4887: 	BSR		LAB_279B		* copy FAC2 to FAC1 (get 1st value in expression)
03:00003A1E 61000262        	  4888: 	BSR		LAB_EVIR		* evaluate integer expression (no sign check)
                            	  4889: 						* result in d0 and Itemp
03:00003A22 4E75            	  4890: 	RTS
                            	  4891: 
                            	  4892: * perform NOT
                            	  4893: 
                            	  4894: LAB_EQUAL
03:00003A24 6100025C        	  4895: 	BSR		LAB_EVIR		* evaluate integer expression (no sign check)
                            	  4896: 						* result in d0 and Itemp
03:00003A28 4680            	  4897: 	NOT.l		d0			* bitwise invert
03:00003A2A 60000458        	  4898: 	BRA		LAB_AYFC		* convert d0 to signed longword in FAC1 & RET
                            	  4899: 
                            	  4900: * perform comparisons
                            	  4901: * do < compare
                            	  4902: 
                            	  4903: LAB_LTHAN
03:00003A2E 6100FCF0        	  4904: 	BSR		LAB_CKTM		* type match check, set C for string
03:00003A32 6506            	  4905: 	BCS.s		LAB_1CAE		* branch if string
                            	  4906: 
                            	  4907: 						* do numeric < compare
03:00003A34 61000F6C        	  4908: 	BSR		LAB_27FA		* compare FAC1 with FAC2
                            	  4909: 						* returns d0=+1 if FAC1 > FAC2
                            	  4910: 						* returns d0= 0 if FAC1 = FAC2
                            	  4911: 						* returns d0=-1 if FAC1 < FAC2
03:00003A38 6046            	  4912: 	BRA.s		LAB_1CF2		* process result
                            	  4913: 
                            	  4914: 						* do string < compare
                            	  4915: LAB_1CAE
03:00003A3A 13FC000000E805BD	  4916: 	MOVE.b	#$00,Dtypef		* clear data type, $80=string, $40=integer, $00=float
03:00003A42 610007B4        	  4917: 	BSR		LAB_22B6		* pop string off descriptor stack, or from top of
                            	  4918: 						* string space returns d0 = length, a0 = pointer
03:00003A46 2248            	  4919: 	MOVEA.l	a0,a1			* copy string 2 pointer
03:00003A48 2200            	  4920: 	MOVE.l	d0,d1			* copy string 2 length
03:00003A4A 207900E8059C    	  4921: 	MOVEA.l	FAC2_m,a0		* get string 1 descriptor pointer
03:00003A50 610007AC        	  4922: 	BSR		LAB_22BA		* pop (a0) descriptor, returns with ..
                            	  4923: 						* d0 = length, a0 = pointer
03:00003A54 2400            	  4924: 	MOVE.l	d0,d2			* copy length
03:00003A56 6604            	  4925: 	BNE.s		LAB_1CB5		* branch if not null string
                            	  4926: 
03:00003A58 4A81            	  4927: 	TST.l		d1			* test if string 2 is null also
03:00003A5A 6724            	  4928: 	BEQ.s		LAB_1CF2		* if so do string 1 = string 2
                            	  4929: 
                            	  4930: LAB_1CB5
03:00003A5C 9481            	  4931: 	SUB.l		d1,d2			* subtract string 2 length
03:00003A5E 670C            	  4932: 	BEQ.s		LAB_1CD5		* branch if strings = length
                            	  4933: 
03:00003A60 6504            	  4934: 	BCS.s		LAB_1CD4		* branch if string 1 < string 2
                            	  4935: 
03:00003A62 70FF            	  4936: 	MOVEQ		#-1,d0		* set for string 1 > string 2
03:00003A64 6008            	  4937: 	BRA.s		LAB_1CD6		* go do character comapare
                            	  4938: 
                            	  4939: LAB_1CD4
03:00003A66 2200            	  4940: 	MOVE.l	d0,d1			* string 1 length is compare length
03:00003A68 7001            	  4941: 	MOVEQ		#1,d0			* and set for string 1 < string 2
03:00003A6A 6002            	  4942: 	BRA.s		LAB_1CD6		* go do character comapare
                            	  4943: 
                            	  4944: LAB_1CD5
03:00003A6C 2002            	  4945: 	MOVE.l	d2,d0			* set for string 1 = string 2
                            	  4946: LAB_1CD6
03:00003A6E 5381            	  4947: 	SUBQ.l	#1,d1			* adjust length for DBcc loop
                            	  4948: 
                            	  4949: 						* d1 is length to compare, d0 is < = > for length
                            	  4950: 						* a0 is string 1 pointer, a1 is string 2 pointer
                            	  4951: LAB_1CE6
03:00003A70 B308            	  4952: 	CMPM.b	(a0)+,(a1)+		* compare string bytes (1 with 2)
03:00003A72 56C9FFFC        	  4953: 	DBNE		d1,LAB_1CE6		* loop if same and not end yet
                            	  4954: 
03:00003A76 6708            	  4955: 	BEQ.s		LAB_1CF2		* if = to here, then go use length compare
                            	  4956: 
03:00003A78 6404            	  4957: 	BCC.s		LAB_1CDB		* else branch if string 1 > string 2
                            	  4958: 
03:00003A7A 70FF            	  4959: 	MOVEQ		#-1,d0		* else set for string 1 < string 2
03:00003A7C 6002            	  4960: 	BRA.s		LAB_1CF2		* go set result
                            	  4961: 
                            	  4962: LAB_1CDB
03:00003A7E 7001            	  4963: 	MOVEQ		#1,d0			* and set for string 1 > string 2
                            	  4964: 
                            	  4965: LAB_1CF2
03:00003A80 5280            	  4966: 	ADDQ.l	#1,d0			* make result 0, 1 or 2
03:00003A82 2200            	  4967: 	MOVE.l	d0,d1			* copy to d1
03:00003A84 7001            	  4968: 	MOVEQ		#1,d0			* set d0
03:00003A86 E3B8            	  4969: 	ROL.l		d1,d0			* make 1, 2 or 4 (result = flag bit)
03:00003A88 C03900E805E9    	  4970: 	AND.b		Cflag,d0		* AND with comparison evaluation flag
03:00003A8E 67000EF0        	  4971: 	BEQ		LAB_27DB		* exit if not a wanted result (i.e. false)
                            	  4972: 
03:00003A92 70FF            	  4973: 	MOVEQ		#-1,d0		* else set -1 (true)
03:00003A94 60000EEA        	  4974: 	BRA		LAB_27DB		* save d0 as integer & return
                            	  4975: 
                            	  4976: 
                            	  4977: LAB_1CFE
03:00003A98 6100FE50        	  4978: 	BSR		LAB_1C01		* scan for "," , else do syntax error/warm start
                            	  4979: 
                            	  4980: * perform DIM
                            	  4981: 
                            	  4982: LAB_DIM
03:00003A9C 72FF            	  4983: 	MOVEQ		#-1,d1		* set "DIM" flag
03:00003A9E 6172            	  4984: 	BSR.s		LAB_1D10		* search for variable
03:00003AA0 6100FE52        	  4985: 	BSR		LAB_GBYT		* scan memory
03:00003AA4 66F2            	  4986: 	BNE.s		LAB_1CFE		* loop and scan for "," if not null
                            	  4987: 
03:00003AA6 4E75            	  4988: 	RTS
                            	  4989: 
                            	  4990: * perform << (left shift)
                            	  4991: 
                            	  4992: LAB_LSHIFT
03:00003AA8 612E            	  4993: 	BSR.s		GetPair		* get an integer and byte pair
                            	  4994: 						* byte is in d2, integer is in d0 and Itemp
03:00003AAA 6708            	  4995: 	BEQ.s		NoShift		* branch if byte zero
                            	  4996: 
03:00003AAC B43C0020        	  4997: 	CMP.b		#$20,d2		* compare bit count with 32d
03:00003AB0 6420            	  4998: 	BCC.s		TooBig		* branch if >=
                            	  4999: 
03:00003AB2 E5A0            	  5000: 	ASL.l		d2,d0			* shift longword
                            	  5001: NoShift
03:00003AB4 600003CE        	  5002: 	BRA		LAB_AYFC		* convert d0 to signed longword in FAC1 & RET
                            	  5003: 
                            	  5004: * perform >> (right shift)
                            	  5005: 
                            	  5006: LAB_RSHIFT
03:00003AB8 611E            	  5007: 	BSR.s		GetPair		* get an integer and byte pair
                            	  5008: 						* byte is in d2, integer is in d0 and Itemp
03:00003ABA 67F8            	  5009: 	BEQ.s		NoShift		* branch if byte zero
                            	  5010: 
03:00003ABC B43C0020        	  5011: 	CMP.b		#$20,d2		* compare bit count with 32d
03:00003AC0 650A            	  5012: 	BCS.s		Not2Big		* branch if >= (return shift)
                            	  5013: 
03:00003AC2 4A80            	  5014: 	TST.l		d0			* test sign bit
03:00003AC4 6A0C            	  5015: 	BPL.s		TooBig		* branch if +ve
                            	  5016: 
03:00003AC6 70FF            	  5017: 	MOVEQ		#-1,d0		* set longword
03:00003AC8 600003BA        	  5018: 	BRA		LAB_AYFC		* convert d0 to longword in FAC1 & RET
                            	  5019: 
                            	  5020: Not2Big
03:00003ACC E4A0            	  5021: 	ASR.l		d2,d0			* shift longword
03:00003ACE 600003B4        	  5022: 	BRA		LAB_AYFC		* convert d0 to longword in FAC1 & RET
                            	  5023: 
                            	  5024: TooBig
03:00003AD2 7000            	  5025: 	MOVEQ		#0,d0			* clear longword
03:00003AD4 600003AE        	  5026: 	BRA		LAB_AYFC		* convert d0 to longword in FAC1 & RET
                            	  5027: 
                            	  5028: * get an integer and byte pair
                            	  5029: * byte is in d2, integer is in d0 and Itemp
                            	  5030: 
                            	  5031: GetPair
03:00003AD8 6100086C        	  5032: 	BSR		LAB_EVBY		* evaluate byte expression, result in d0 and Itemp
03:00003ADC 1400            	  5033: 	MOVE.b	d0,d2			* save it
03:00003ADE 61000E36        	  5034: 	BSR		LAB_279B		* copy FAC2 to FAC1 (get 1st value in expression)
03:00003AE2 6100019E        	  5035: 	BSR		LAB_EVIR		* evaluate integer expression (no sign check)
                            	  5036: 						* result in d0 and Itemp
03:00003AE6 4A02            	  5037: 	TST.b	d2				* test byte value
03:00003AE8 4E75            	  5038: 	RTS
                            	  5039: 
                            	  5040: * check byte, return C=0 if<"A" or >"Z" or <"a" to "z">
                            	  5041: 
                            	  5042: LAB_CASC
03:00003AEA B03C0061        	  5043: 	CMP.b		#$61,d0		* compare with "a"
03:00003AEE 6412            	  5044: 	BCC.s		LAB_1D83		* if >="a" go check =<"z"
                            	  5045: 
                            	  5046: * check byte, return C=0 if<"A" or >"Z"
                            	  5047: 
                            	  5048: LAB_1D82
03:00003AF0 B03C005B        	  5049: 	CMP.b		#$5B,d0		* compare with "Z"+1
03:00003AF4 6502            	  5050: 	BCS.s		LAB_1D8A		* if <="Z" go check >="A"
                            	  5051: 
03:00003AF6 4E75            	  5052: 	RTS
                            	  5053: 
                            	  5054: LAB_1D8A
03:00003AF8 903C0041        	  5055: 	SUB.b		#$41,d0		* subtract "A"
03:00003AFC 903C00BF        	  5056: 	SUB.b		#$BF,d0		* subtract $BF (restore byte)
                            	  5057: 						* carry set if byte>$40
03:00003B00 4E75            	  5058: 	RTS
                            	  5059: 
                            	  5060: LAB_1D83
03:00003B02 D03C0085        	  5061: 	ADD.b		#$85,d0		* add $85
03:00003B06 D03C007B        	  5062: 	ADD.b		#$7B,d0		* add "z"+1 (restore byte)
                            	  5063: 						* carry set if byte<=$7A
03:00003B0A 4E75            	  5064: 	RTS
                            	  5065: 
                            	  5066: * search for variable
                            	  5067: * DIM flag is in d1.b
                            	  5068: * return pointer to variable in Cvaral and a0
                            	  5069: * stet data type to variable type
                            	  5070: 
                            	  5071: LAB_GVAR
03:00003B0C 7200            	  5072: 	MOVEQ		#$00,d1		* set DIM flag = $00
03:00003B0E 6100FDE4        	  5073: 	BSR		LAB_GBYT		* scan memory (1st character)
                            	  5074: LAB_1D10
03:00003B12 13C100E805BC    	  5075: 	MOVE.b	d1,Defdim		* save DIM flag
                            	  5076: 
                            	  5077: * search for FN name entry point
                            	  5078: 
                            	  5079: LAB_1D12
03:00003B18 61D0            	  5080: 	BSR.s		LAB_CASC		* check byte, return C=0 if<"A" or >"Z"
03:00003B1A 6400F0B0        	  5081: 	BCC		LAB_SNER		* if not syntax error, then warm start
                            	  5082: 
                            	  5083: 						* is variable name so ...
03:00003B1E 7200            	  5084: 	MOVEQ		#$0,d1		* set index for name byte
03:00003B20 207C00E8046E    	  5085: 	MOVEA.l	#Varname,a0		* pointer to variable name
03:00003B26 2081            	  5086: 	MOVE.l	d1,(a0)		* clear variable name
03:00003B28 13C100E805BD    	  5087: 	MOVE.b	d1,Dtypef		* clear data type, $80=string, $40=integer, $00=float
                            	  5088: 
                            	  5089: LAB_1D2D
03:00003B2E B27C0004        	  5090: 	CMP.w		#$04,d1		* done all significant characters?
03:00003B32 6406            	  5091: 	BCC.s		LAB_1D2E		* if so go ignore any more
                            	  5092: 
03:00003B34 11801000        	  5093: 	MOVE.b	d0,(a0,d1.w)	* save character
03:00003B38 5241            	  5094: 	ADDQ.w	#1,d1			* increment index
                            	  5095: LAB_1D2E
03:00003B3A 6100FDB6        	  5096: 	BSR		LAB_IGBY		* increment & scan memory (next character)
03:00003B3E 65EE            	  5097: 	BCS.s		LAB_1D2D		* branch if character = "0"-"9" (ok)
                            	  5098: 
                            	  5099: 						* character wasn't "0" to "9" so ...
03:00003B40 61A8            	  5100: 	BSR.s		LAB_CASC		* check byte, return C=0 if<"A" or >"Z"
03:00003B42 65EA            	  5101: 	BCS.s		LAB_1D2D		* branch if = "A"-"Z" (ok)
                            	  5102: 
                            	  5103: 						* check if string variable
03:00003B44 B03C0024        	  5104: 	CMP.b		#'$',d0		* compare with "$"
03:00003B48 660E            	  5105: 	BNE.s		LAB_1D44		* branch if not string
                            	  5106: 
                            	  5107: 						* type is string
03:00003B4A 0039008000E8046F	  5108: 	OR.b		#$80,Varname+1	* set top bit of 2nd character (indicate string)
03:00003B52 6100FD9E        	  5109: 	BSR		LAB_IGBY		* increment & scan memory
03:00003B56 6012            	  5110: 	BRA.s		LAB_1D45		* skip integer check
                            	  5111: 
                            	  5112: 						* check if integer variable
                            	  5113: LAB_1D44
03:00003B58 B03C0026        	  5114: 	CMP.b		#'&',d0		* compare with "&"
03:00003B5C 660C            	  5115: 	BNE.s		LAB_1D45		* branch if not integer
                            	  5116: 
                            	  5117: 						* type is integer
03:00003B5E 0039008000E80470	  5118: 	OR.b		#$80,Varname+2	* set top bit of 3rd character (indicate integer)
03:00003B66 6100FD8A        	  5119: 	BSR		LAB_IGBY		* increment & scan memory
                            	  5120: 
                            	  5121: * after we have determined the variable type we need to determine
                            	  5122: * if it's an array of type
                            	  5123: 
                            	  5124: 						* gets here with character after var name in d0
                            	  5125: LAB_1D45
03:00003B6A 4A3900E805E7    	  5126: 	TST.b		Sufnxf		* test function name flag
03:00003B70 6712            	  5127: 	BEQ.s		LAB_1D48		* branch if not FN or FN variable
                            	  5128: 
03:00003B72 6A18            	  5129: 	BPL.s		LAB_1D49		* branch if FN variable
                            	  5130: 
                            	  5131: 						* else was FN name
03:00003B74 203900E8046E    	  5132: 	MOVE.l	Varname,d0		* get whole function name
03:00003B7A 7208            	  5133: 	MOVEQ		#8,d1			* set step to next function size -4
03:00003B7C 207C00E80436    	  5134: 	MOVEA.l	#Sfncl,a0		* get pointer to start of functions
03:00003B82 6020            	  5135: 	BRA.s		LAB_1D4B		* go find function
                            	  5136: 
                            	  5137: LAB_1D48
03:00003B84 903C0028        	  5138: 	SUB.b		#'(',d0		* subtract "("
03:00003B88 67000128        	  5139: 	BEQ		LAB_1E17		* if "(" go find, or make, array
                            	  5140: 
                            	  5141: * either find or create var
                            	  5142: * var name (1st four characters only!) is in Varname
                            	  5143: 
                            	  5144: 						* variable name wasn't var( .. look for plain var
                            	  5145: LAB_1D49
03:00003B8C 203900E8046E    	  5146: 	MOVE.l	Varname,d0		* get whole variable name
                            	  5147: LAB_1D4A
03:00003B92 7204            	  5148: 	MOVEQ		#4,d1			* set step to next variable size -4
03:00003B94 207C00E8043A    	  5149: 	MOVEA.l	#Svarl,a0		* get pointer to start of variables
                            	  5150: 
03:00003B9A 08000017        	  5151: 	BTST.l	#23,d0		* test if string name
03:00003B9E 6704            	  5152: 	BEQ.s		LAB_1D4B		* branch if not
                            	  5153: 
03:00003BA0 5441            	  5154: 	ADDQ.w	#2,d1			* 10 bytes per string entry
03:00003BA2 5848            	  5155: 	ADDQ.w	#(Sstrl-Svarl),a0	* move to string area
                            	  5156: 
                            	  5157: LAB_1D4B
03:00003BA4 22680004        	  5158: 	MOVEA.l	4(a0),a1		* get end address
03:00003BA8 2050            	  5159: 	MOVEA.l	(a0),a0		* get start address
03:00003BAA 6006            	  5160: 	BRA.s		LAB_1D5E		* enter loop at exit check
                            	  5161: 
                            	  5162: LAB_1D5D
03:00003BAC B098            	  5163: 	CMP.l		(a0)+,d0		* compare this variable with name
03:00003BAE 6774            	  5164: 	BEQ.s		LAB_1DD7		* branch if match (found var)
                            	  5165: 
03:00003BB0 D1C1            	  5166: 	ADDA.l	d1,a0			* add offset to next variable
                            	  5167: LAB_1D5E
03:00003BB2 B1C9            	  5168: 	CMPA.l	a1,a0			* compare address with variable space end
03:00003BB4 66F6            	  5169: 	BNE.s		LAB_1D5D		* if not end go check next
                            	  5170: 
                            	  5171: 						* reached end of variable mem without match
                            	  5172: 						* ... so create new variable, possibly
03:00003BB6 0C970000391A    	  5173: 	CMPI.l	#LAB_1C19,(sp)	* compare return address with expected
03:00003BBC 6700EFCA        	  5174: 	BEQ		LAB_UVER		* if RHS get (var) go do error or return null
                            	  5175: 
                            	  5176: * This will only branch if the call was from LAB_1C18 and is only called from
                            	  5177: * there if it is searching for a variable from the RHS of a LET a=b statement
                            	  5178: 
03:00003BC0 0839000000E805E7	  5179: 	BTST.b	#0,Sufnxf		* test function search flag
03:00003BC8 6600EFC6        	  5180: 	BNE		LAB_UFER		* if not doing DEF then do undefined function error
                            	  5181: 
                            	  5182: 						* else create new variable/function
                            	  5183: LAB_1D98
03:00003BCC 247900E80446    	  5184: 	MOVEA.l	Earryl,a2		* get end of block to move
03:00003BD2 240A            	  5185: 	MOVE.l	a2,d2			* copy end of block to move
03:00003BD4 9489            	  5186: 	SUB.l		a1,d2			* calculate block to move size
                            	  5187: 
03:00003BD6 204A            	  5188: 	MOVEA.l	a2,a0			* copy end of block to move
03:00003BD8 5881            	  5189: 	ADDQ.l	#4,d1			* space for one variable/function + name
03:00003BDA D5C1            	  5190: 	ADDA.l	d1,a2			* add space for one variable/function
03:00003BDC 23CA00E80446    	  5191: 	MOVE.l	a2,Earryl		* set new array mem end
03:00003BE2 E28A            	  5192: 	LSR.l		#1,d2			* /2 for word copy
03:00003BE4 6708            	  5193: 	BEQ.s		LAB_1DAF		* skip move if zero length block
                            	  5194: 
03:00003BE6 5342            	  5195: 	SUBQ.w	#1,d2			* -1 for DFB loop
                            	  5196: LAB_1DAE
03:00003BE8 3520            	  5197: 	MOVE.w	-(a0),-(a2)		* copy word
03:00003BEA 51CAFFFC        	  5198: 	DBF		d2,LAB_1DAE		* loop until done
                            	  5199: 
                            	  5200: * get here after creating either a function, variable or string
                            	  5201: * if function set variables start, string start, array start
                            	  5202: * if variable set string start, array start
                            	  5203: * if string set array start
                            	  5204: 
                            	  5205: LAB_1DAF
03:00003BEE 4A3900E805E7    	  5206: 	TST.b		Sufnxf		* was it function
03:00003BF4 6B08            	  5207: 	BMI.s		LAB_1DB0		* branch if was FN
                            	  5208: 
03:00003BF6 08000017        	  5209: 	BTST.l	#23,d0		* was it string
03:00003BFA 660E            	  5210: 	BNE.s		LAB_1DB2		* branch if string
                            	  5211: 
03:00003BFC 6006            	  5212: 	BRA.s		LAB_1DB1		* branch if was plain variable
                            	  5213: 
                            	  5214: LAB_1DB0
03:00003BFE D3B900E8043A    	  5215: 	ADD.l		d1,Svarl		* set new variable memory start
                            	  5216: LAB_1DB1
03:00003C04 D3B900E8043E    	  5217: 	ADD.l		d1,Sstrl		* set new start of strings
                            	  5218: LAB_1DB2
03:00003C0A D3B900E80442    	  5219: 	ADD.l		d1,Sarryl		* set new array memory start
03:00003C10 20C0            	  5220: 	MOVE.l	d0,(a0)+		* save variable/function name
03:00003C12 20BC00000000    	  5221: 	MOVE.l	#$00,(a0)		* initialise variable
03:00003C18 08000017        	  5222: 	BTST.l	#23,d0		* was it string
03:00003C1C 6706            	  5223: 	BEQ.s		LAB_1DD7		* branch if not string
                            	  5224: 
03:00003C1E 317C00000004    	  5225: 	MOVE.w	#$00,4(a0)		* else initialise string length
                            	  5226: 
                            	  5227: 						* found a match for var ((Vrschl) = ptr)
                            	  5228: LAB_1DD7
03:00003C24 13FC000000E805BD	  5229: 	MOVE.b	#$00,Dtypef		* clear data type
03:00003C2C 08000017        	  5230: 	BTST.l	#23,d0		* was it string
03:00003C30 670A            	  5231: 	BEQ.s		LAB_1DD8		* branch if not string
                            	  5232: 
03:00003C32 13FC008000E805BD	  5233: 	MOVE.b	#$80,Dtypef		* set data type = string
03:00003C3A 600E            	  5234: 	BRA.s		LAB_1DD9		* skip intger test
                            	  5235: 
                            	  5236: LAB_1DD8
03:00003C3C 0800000F        	  5237: 	BTST.l	#15,d0		* was it integer
03:00003C40 6708            	  5238: 	BEQ.s		LAB_1DD9		* branch if not integer
                            	  5239: 
03:00003C42 13FC004000E805BD	  5240: 	MOVE.b	#$40,Dtypef		* set data type = integer
                            	  5241: LAB_1DD9
03:00003C4A 23C800E80472    	  5242: 	MOVE.l	a0,Cvaral		* save current variable/function value address
03:00003C50 13FC000000E805E7	  5243: 	MOVE.b	#$00,Sufnxf		* clear FN flag byte
03:00003C58 4E75            	  5244: 	RTS
                            	  5245: 
                            	  5246: * set-up array pointer, Adatal, to first element in array
                            	  5247: * set Adatal to Astrtl+2*Dimcnt+#$0A
                            	  5248: 
                            	  5249: LAB_1DE6
03:00003C5A 7000            	  5250: 	MOVEQ		#0,d0			* clear d0
03:00003C5C 103900E805E3    	  5251: 	MOVE.b	Dimcnt,d0		* get # of dimensions (1, 2 or 3)
03:00003C62 5A80            	  5252: 	ADDQ.l	#5,d0			* +5 (actually 10d but addq is quicker)
03:00003C64 D080            	  5253: 	ADD.l		d0,d0			* *2 (bytes per dimension size)
03:00003C66 D088            	  5254: 	ADD.l		a0,d0			* add array start pointer
03:00003C68 23C000E805B0    	  5255: 	MOVE.l	d0,Adatal		* save array data pointer
03:00003C6E 4E75            	  5256: 	RTS
                            	  5257: 
                            	  5258: * evaluate unsigned integer expression
                            	  5259: 
                            	  5260: LAB_EVIN
03:00003C70 6100FC80        	  5261: 	BSR		LAB_IGBY		* increment & scan memory
03:00003C74 6100FAA0        	  5262: 	BSR		LAB_EVNM		* evaluate expression & check is numeric,
                            	  5263: 						* else do type mismatch
                            	  5264: 
                            	  5265: * evaluate positive integer expression, result in d0 and Itemp
                            	  5266: 
                            	  5267: LAB_EVPI
03:00003C78 4A3900E80599    	  5268: 	TST.b		FAC1_s		* test FAC1 sign (b7)
03:00003C7E 6B00EF40        	  5269: 	BMI		LAB_FCER		* do function call error if -ve
                            	  5270: 
                            	  5271: * evaluate integer expression, no sign check, result in d0 and Itemp
                            	  5272: 
                            	  5273: LAB_EVIR
03:00003C82 0C3900A000E80598	  5274: 	CMPI.b	#$A0,FAC1_e		* compare exponent with exponent = 2^32 (n>2^31)
03:00003C8A 65000D4E        	  5275: 	BCS		LAB_2831		* convert FAC1 floating-to-fixed
                            	  5276: 						* result in d0 and Itemp
03:00003C8E 6600EF30        	  5277: 	BNE		LAB_FCER		* if > do function call error, then warm start
                            	  5278: 
03:00003C92 4A3900E80599    	  5279: 	TST.b		FAC1_s		* test sign of FAC1
03:00003C98 6A10            	  5280: 	BPL.s		LAB_EVIX		* if = and +ve then ok
                            	  5281: 
03:00003C9A 203900E80594    	  5282: 	MOVE.l	FAC1_m,d0		* get mantissa
03:00003CA0 B0BC80000000    	  5283: 	CMP.l		#$80000000,d0	* compare -2147483648 with mantissa
03:00003CA6 6600EF18        	  5284: 	BNE		LAB_FCER		* if <> do function call error, then warm start
                            	  5285: 
                            	  5286: LAB_EVIX
03:00003CAA 23C000E8042E    	  5287: 	MOVE.l	d0,Itemp		* else just set it
03:00003CB0 4E75            	  5288: 	RTS
                            	  5289: 
                            	  5290: * find or make array
                            	  5291: 
                            	  5292: LAB_1E17
03:00003CB2 3F3900E805BC    	  5293: 	MOVE.w	Defdim,-(sp)	* get DIM flag and data type flag (word in mem)
03:00003CB8 7200            	  5294: 	MOVEQ		#0,d1			* clear dimensions count
                            	  5295: 
                            	  5296: * now get the array dimension(s) and stack it (them) before the data type and DIM flag
                            	  5297: 
                            	  5298: LAB_1E1F
03:00003CBA 3F01            	  5299: 	MOVE.w	d1,-(sp)		* save dimensions count
03:00003CBC 2F3900E8046E    	  5300: 	MOVE.l	Varname,-(sp)	* save variable name
03:00003CC2 61AC            	  5301: 	BSR.s		LAB_EVIN		* evaluate integer expression
03:00003CC4 23DF00E8046E    	  5302: 	MOVE.l	(sp)+,Varname	* restore variable name
03:00003CCA 321F            	  5303: 	MOVE.w	(sp)+,d1		* restore dimensions count
03:00003CCC 301F            	  5304: 	MOVE.w	(sp)+,d0		* restore DIM and data type flags
03:00003CCE 3F3900E80430    	  5305: 	MOVE.w	Itemp+2,-(sp)	* stack this dimension size
03:00003CD4 3F00            	  5306: 	MOVE.w	d0,-(sp)		* save DIM and data type flags
03:00003CD6 5241            	  5307: 	ADDQ.w	#1,d1			* increment dimensions count
03:00003CD8 6100FC1A        	  5308: 	BSR		LAB_GBYT		* scan memory
03:00003CDC B03C002C        	  5309: 	CMP.b		#$2C,d0		* compare with ","
03:00003CE0 67D8            	  5310: 	BEQ.s		LAB_1E1F		* if found go do next dimension
                            	  5311: 
03:00003CE2 13C100E805E3    	  5312: 	MOVE.b	d1,Dimcnt		* store dimensions count
03:00003CE8 6100FBF8        	  5313: 	BSR		LAB_1BFB		* scan for ")" , else do syntax error/warm start
03:00003CEC 33DF00E805BC    	  5314: 	MOVE.w	(sp)+,Defdim	* restore DIM and data type flags (word in mem)
03:00003CF2 207900E80442    	  5315: 	MOVEA.l	Sarryl,a0		* get array mem start
                            	  5316: 
                            	  5317: * now check to see if we are at the end of array memory (we would be if there were
                            	  5318: * no arrays).
                            	  5319: 
                            	  5320: LAB_1E5C
03:00003CF8 23C800E805B4    	  5321: 	MOVE.l	a0,Astrtl		* save as array start pointer
03:00003CFE B1F900E80446    	  5322: 	CMPA.l	Earryl,a0		* compare with array mem end
03:00003D04 6736            	  5323: 	BEQ.s		LAB_1EA1		* go build array if not found
                            	  5324: 
                            	  5325: 						* search for array
03:00003D06 2010            	  5326: 	MOVE.l	(a0),d0		* get this array name
03:00003D08 B0B900E8046E    	  5327: 	CMP.l		Varname,d0		* compare with array name
03:00003D0E 670C            	  5328: 	BEQ.s		LAB_1E8D		* array found so branch
                            	  5329: 
                            	  5330: 						* no match
03:00003D10 20680004        	  5331: 	MOVEA.l	4(a0),a0		* get this array size
03:00003D14 D1F900E805B4    	  5332: 	ADDA.l	Astrtl,a0		* add to array start pointer
03:00003D1A 60DC            	  5333: 	BRA.s		LAB_1E5C		* go check next array
                            	  5334: 
                            	  5335: 						* found array, are we trying to dimension it?
                            	  5336: LAB_1E8D
03:00003D1C 4A3900E805BC    	  5337: 	TST.b		Defdim		* are we trying to dimension it?
03:00003D22 6600EE88        	  5338: 	BNE		LAB_DDER		* if so do  double dimension error/warm start
                            	  5339: 
                            	  5340: * found the array and we're not dimensioning it so we must find an element in it
                            	  5341: 
03:00003D26 6100FF32        	  5342: 	BSR		LAB_1DE6		* set data pointer, Adatal, to the first element
                            	  5343: 						* in the array. Astrtl (and a0) points to the
                            	  5344: 						* start of the array
03:00003D2A 5048            	  5345: 	ADDQ.w	#8,a0			* index to dimension count
03:00003D2C 3018            	  5346: 	MOVE.w	(a0)+,d0		* get no of dimensions
03:00003D2E B03900E805E3    	  5347: 	CMP.b		Dimcnt,d0		* compare with dimensions count
03:00003D34 670000AC        	  5348: 	BEQ		LAB_1F28		* found array so go get element
                            	  5349: 
03:00003D38 6000EE46        	  5350: 	BRA		LAB_WDER		* else wrong so do "Wrong dimensions" error
                            	  5351: 
                            	  5352: 						* array not found, so build it
                            	  5353: LAB_1EA1
03:00003D3C 6100FF1C        	  5354: 	BSR		LAB_1DE6		* set data pointer, Adatal, to the first element
                            	  5355: 						* in the array. Astrtl (and a0) points to the
                            	  5356: 						* start of the array
03:00003D40 6100EE24        	  5357: 	BSR		LAB_121F		* check available memory, "Out of memory" error
                            	  5358: 						* if no room, addr to check is in a0
03:00003D44 207900E805B4    	  5359: 	MOVEA.l	Astrtl,a0		* get array start pointer
03:00003D4A 203900E8046E    	  5360: 	MOVE.l	Varname,d0		* get array name
03:00003D50 20C0            	  5361: 	MOVE.l	d0,(a0)+		* save array name
03:00003D52 7204            	  5362: 	MOVEQ		#4,d1			* set 4 bytes per element
03:00003D54 08000017        	  5363: 	BTST.l	#23,d0		* test if string array
03:00003D58 6702            	  5364: 	BEQ.s		LAB_1EDF		* branch if not string
                            	  5365: 
03:00003D5A 7206            	  5366: 	MOVEQ		#6,d1			* else 6 bytes per element
                            	  5367: LAB_1EDF
03:00003D5C 23C100E805AC    	  5368: 	MOVE.l	d1,Asptl		* set array data size (bytes per element)
                            	  5369: *	MOVEQ		#0,d1			* clear d1 (only byte is used so skip this)
03:00003D62 123900E805E3    	  5370: 	MOVE.b	Dimcnt,d1		* get dimensions count
03:00003D68 5848            	  5371: 	ADDQ.w	#4,a0			* skip the array size now (don't know it yet!)
03:00003D6A 30C1            	  5372: 	MOVE.w	d1,(a0)+		* set array's dimensions count
                            	  5373: 
03:00003D6C 4A3900E805BC    	  5374: 	TST.b		Defdim		* test default DIM flag
03:00003D72 6700EE10        	  5375: 	BEQ		LAB_UDER		* if default flag is clear then we are on the
                            	  5376: 						* LHS of = with no array so go do "Undimensioned
                            	  5377: 						* array" error.
                            	  5378: 						* now calculate the array data space size
                            	  5379: LAB_1EC0
                            	  5380: 
                            	  5381: * If you want arrays to dimension themselves by default then comment out the test
                            	  5382: * above and uncomment the next three code lines and the label LAB_1ED0
                            	  5383: 
                            	  5384: *	MOVE.w	#$0B,d1		* set default dimension value (allow 0 to 10)
                            	  5385: *	TST.b		Defdim		* test default DIM flag
                            	  5386: *	BNE.s		LAB_1ED0		* branch if b6 of Defdim is clear
                            	  5387: 
03:00003D76 321F            	  5388: 	MOVE.w	(sp)+,d1		* get dimension size
03:00003D78 5241            	  5389: 	ADDQ.w	#1,d1			* +1 to allow 0 to n
                            	  5390: 
                            	  5391: *LAB_1ED0
03:00003D7A 30C1            	  5392: 	MOVE.w	d1,(a0)+		* save to array header
03:00003D7C 610000C8        	  5393: 	BSR		LAB_1F7C		* do this dimension size (d1) * array size (Asptl)
                            	  5394: 						* result in d0
03:00003D80 23C000E805AC    	  5395: 	MOVE.l	d0,Asptl		* save array data size
03:00003D86 533900E805E3    	  5396: 	SUBQ.b	#1,Dimcnt		* decrement dimensions count
03:00003D8C 66E8            	  5397: 	BNE.s		LAB_1EC0		* loop while not = 0
                            	  5398: 
03:00003D8E D1F900E805AC    	  5399: 	ADDA.l	Asptl,a0		* add size to first element address
03:00003D94 6500EE22        	  5400: 	BCS		LAB_OMER		* if overflow go do "Out of memory" error
                            	  5401: 
03:00003D98 6100EDCC        	  5402: 	BSR		LAB_121F		* check available memory, "Out of memory" error
                            	  5403: 						* if no room, addr to check is in a0
03:00003D9C 23C800E80446    	  5404: 	MOVE.l	a0,Earryl		* save array mem end
03:00003DA2 7000            	  5405: 	MOVEQ		#0,d0			* zero d0
                            	  5406: ;	MOVE.l	asptl,d1		* get size in bytes
03:00003DA4 223900E805AC    	  5407: 	MOVE.l	Asptl,d1		* get size in bytes
03:00003DAA E289            	  5408: 	LSR.l		#1,d1			* /2 for word fill (may be odd # words)
03:00003DAC 5341            	  5409: 	SUBQ.w	#1,d1			* adjust for DBF loop
                            	  5410: LAB_1ED8
03:00003DAE 3100            	  5411: 	MOVE.w	d0,-(a0)		* decrement pointer and clear word
03:00003DB0 51C9FFFC        	  5412: 	DBF		d1,LAB_1ED8		* decrement & loop until low word done
                            	  5413: 
03:00003DB4 4841            	  5414: 	SWAP		d1			* swap words
03:00003DB6 4A41            	  5415: 	TST.w		d1			* test high word
03:00003DB8 6706            	  5416: 	BEQ.s		LAB_1F07		* exit if done
                            	  5417: 
03:00003DBA 5341            	  5418: 	SUBQ.w	#1,d1			* decrement low (high) word
03:00003DBC 4841            	  5419: 	SWAP		d1			* swap back
03:00003DBE 60EE            	  5420: 	BRA.s		LAB_1ED8		* go do a whole block
                            	  5421: 
                            	  5422: * now we need to calculate the array size by doing Earryl - Astrtl
                            	  5423: 
                            	  5424: LAB_1F07
03:00003DC0 207900E805B4    	  5425: 	MOVEA.l	Astrtl,a0		* get for calculation and as pointer
03:00003DC6 203900E80446    	  5426: 	MOVE.l	Earryl,d0		* get array memory end
03:00003DCC 9088            	  5427: 	SUB.l		a0,d0			* calculate array size
03:00003DCE 21400004        	  5428: 	MOVE.l	d0,4(a0)		* save size to array
03:00003DD2 4A3900E805BC    	  5429: 	TST.b		Defdim		* test default DIM flag
03:00003DD8 666A            	  5430: 	BNE.s		RTS_011		* exit (RET) if this was a DIM command
                            	  5431: 
                            	  5432: 						* else, find element
03:00003DDA 5048            	  5433: 	ADDQ.w	#8,a0			* index to dimension count
03:00003DDC 33D800E805E3    	  5434: 	MOVE.w	(a0)+,Dimcnt	* get array's dimension count
                            	  5435: 
                            	  5436: * we have found, or built, the array. now we need to find the element
                            	  5437: 
                            	  5438: LAB_1F28
03:00003DE2 7000            	  5439: 	MOVEQ		#0,d0			* clear first result
03:00003DE4 23C000E805AC    	  5440: 	MOVE.l	d0,Asptl		* clear array data pointer
                            	  5441: 
                            	  5442: * compare nth dimension bound (a0) with nth index (sp)+
                            	  5443: * if greater do array bounds error
                            	  5444: 
                            	  5445: LAB_1F2C
03:00003DEA 3218            	  5446: 	MOVE.w	(a0)+,d1		* get nth dimension bound
03:00003DEC B257            	  5447: 	CMP.w		(sp),d1		* compare nth index with nth dimension bound
03:00003DEE 6F00EDC0        	  5448: 	BLE		LAB_ABER		* if d1 less or = do array bounds error
                            	  5449: 
                            	  5450: * now do pointer = pointer * nth dimension + nth index
                            	  5451: 
03:00003DF2 4A80            	  5452: 	TST.l		d0			* test pointer
03:00003DF4 6702            	  5453: 	BEQ.s		LAB_1F5A		* skip multiply if last result = null
                            	  5454: 
03:00003DF6 614E            	  5455: 	BSR.s		LAB_1F7C		* do this dimension size (d1) * array size (Asptl)
                            	  5456: LAB_1F5A
03:00003DF8 7200            	  5457: 	MOVEQ		#0,d1			* clear longword
03:00003DFA 321F            	  5458: 	MOVE.w	(sp)+,d1		* get nth dimension index
03:00003DFC D081            	  5459: 	ADD.l		d1,d0			* add index to size
03:00003DFE 23C000E805AC    	  5460: 	MOVE.l	d0,Asptl		* save array data pointer
                            	  5461: 
03:00003E04 533900E805E3    	  5462: 	SUBQ.b	#1,Dimcnt		* decrement dimensions count
03:00003E0A 66DE            	  5463: 	BNE.s		LAB_1F2C		* loop if dimensions still to do
                            	  5464: 
03:00003E0C 13FC000000E805BD	  5465: 	MOVE.b	#0,Dtypef		* set data type to float
03:00003E14 7204            	  5466: 	MOVEQ		#4,d1			* set for numeric array
03:00003E16 4A3900E8046F    	  5467: 	TST.b		Varname+1		* test if string array
03:00003E1C 6A0C            	  5468: 	BPL.s		LAB_1F6A		* branch if not string
                            	  5469: 
03:00003E1E 7206            	  5470: 	MOVEQ		#6,d1			* else set for string array
03:00003E20 13FC008000E805BD	  5471: 	MOVE.b	#$80,Dtypef		* and set data type to string
03:00003E28 6010            	  5472: 	BRA.s		LAB_1F6B		* skip integer test
                            	  5473: 
                            	  5474: LAB_1F6A
03:00003E2A 4A3900E80470    	  5475: 	TST.b		Varname+2		* test if integer array
03:00003E30 6A08            	  5476: 	BPL.s		LAB_1F6B		* branch if not integer
                            	  5477: 
03:00003E32 13FC004000E805BD	  5478: 	MOVE.b	#$40,Dtypef		* else set data type to integer
                            	  5479: LAB_1F6B
03:00003E3A 610A            	  5480: 	BSR.s		LAB_1F7C		* do element size (d1) * array size (Asptl)
03:00003E3C D1C0            	  5481: 	ADDA.l	d0,a0			* add array data start pointer
03:00003E3E 23C800E80472    	  5482: 	MOVE.l	a0,Cvaral		* save current variable address
                            	  5483: RTS_011
03:00003E44 4E75            	  5484: 	RTS
                            	  5485: 
                            	  5486: * does d0 = (Astrtl),Y * (Asptl)
                            	  5487: * do this dimension size (d1) * array data size (Asptl)
                            	  5488: 
                            	  5489: LAB_1F7C
                            	  5490: 
                            	  5491: * do a 16 x 32 bit multiply
                            	  5492: * d1 holds the 16 bit multiplier
                            	  5493: * Asptl holds the 32 bit multiplicand
                            	  5494: 
                            	  5495: * d0	bbbb  bbbb
                            	  5496: * d1	0000  aaaa
                            	  5497: *	----------
                            	  5498: * d0	rrrr  rrrr
                            	  5499: 
                            	  5500: ;	MOVE.l	asptl,d0		* get result
03:00003E46 203900E805AC    	  5501: 	MOVE.l	Asptl,d0		* get result
03:00003E4C 2400            	  5502: 	MOVE.l	d0,d2			* copy it
03:00003E4E 4242            	  5503: 	CLR.w		d2			* clear low word
03:00003E50 9082            	  5504: 	SUB.l		d2,d0			* clear high word
03:00003E52 4842            	  5505: 	SWAP		d2			* shift high word to low word
03:00003E54 C0C1            	  5506: 	MULU		d1,d0			* low result
03:00003E56 C4C1            	  5507: 	MULU		d1,d2			* high result
03:00003E58 4842            	  5508: 	SWAP		d2			* align words for test
03:00003E5A 4A42            	  5509: 	TST.w		d2			* must be zero
03:00003E5C 6600ED5A        	  5510: 	BNE		LAB_OMER		* if overflow go do "Out of memory" error
                            	  5511: 
03:00003E60 D082            	  5512: 	ADD.l		d2,d0			* calculate result
03:00003E62 6500ED54        	  5513: 	BCS		LAB_OMER		* if overflow go do "Out of memory" error
                            	  5514: 
03:00003E66 4E75            	  5515: 	RTS
                            	  5516: 
                            	  5517: * perform FRE()
                            	  5518: 
                            	  5519: LAB_FRE
03:00003E68 4A3900E805BD    	  5520: 	TST.b		Dtypef		* test data type, $80=string, $40=integer, $00=float
03:00003E6E 6A04            	  5521: 	BPL.s		LAB_1FB4		* branch if numeric
                            	  5522: 
03:00003E70 61000386        	  5523: 	BSR		LAB_22B6		* pop string off descriptor stack, or from top of
                            	  5524: 						* string space, returns d0 = length, a0 = pointer
                            	  5525: 
                            	  5526: 						* FRE(n) was numeric so do this
                            	  5527: LAB_1FB4
03:00003E74 61000222        	  5528: 	BSR		LAB_GARB		* go do garbage collection
03:00003E78 203900E8044A    	  5529: 	MOVE.l	Sstorl,d0		* get bottom of string space
03:00003E7E 90B900E80446    	  5530: 	SUB.l		Earryl,d0		* subtract array mem end
                            	  5531: 
                            	  5532: * convert d0 to signed longword in FAC1
                            	  5533: 
                            	  5534: LAB_AYFC
03:00003E84 13FC000000E805BD	  5535: 	MOVE.b	#$00,Dtypef		* clear data type, $80=string, $40=integer, $00=float
03:00003E8C 33FCA00000E80598	  5536: 	MOVE.w	#$A000,FAC1_e	* set FAC1 exponent and clear sign (b7)
03:00003E94 23C000E80594    	  5537: 	MOVE.l	d0,FAC1_m		* save FAC1 mantissa
03:00003E9A 6A0006C4        	  5538: 	BPL		LAB_24D0		* convert if +ve
                            	  5539: 
03:00003E9E 003C0001        	  5540: 	ORI.b		#1,CCR		* else set carry
03:00003EA2 600006BC        	  5541: 	BRA		LAB_24D0		* do +/- (carry is sign) & normalise FAC1
                            	  5542: 
                            	  5543: * remember if the line length is zero (infinite line) then POS(n) will return
                            	  5544: * position MOD tabsize
                            	  5545: 
                            	  5546: * perform POS()
                            	  5547: 
                            	  5548: LAB_POS
03:00003EA6 103900E805EE    	  5549: 	MOVE.b	TPos,d0		* get terminal position
                            	  5550: 
                            	  5551: * convert d0 to unsigned byte in FAC1
                            	  5552: 
                            	  5553: LAB_1FD0
03:00003EAC C0BC000000FF    	  5554: 	AND.l		#$FF,d0		* clear high bits
03:00003EB2 60D0            	  5555: 	BRA.s		LAB_AYFC		* convert d0 to signed longword in FAC1 & RET
                            	  5556: 
                            	  5557: * check not Direct (used by DEF and INPUT)
                            	  5558: 
                            	  5559: LAB_CKRN
03:00003EB4 223900E80456    	  5560: 	MOVE.l	Clinel,d1		* get current line #
03:00003EBA 5281            	  5561: 	ADDQ.l	#1,d1			* increment line #
03:00003EBC 6700ECE6        	  5562: 	BEQ		LAB_IDER		* if 0 go do illegal direct error then warm start
                            	  5563: 
03:00003EC0 4E75            	  5564: 	RTS					* can continue so return
                            	  5565: 
                            	  5566: * perform DEF
                            	  5567: 
                            	  5568: LAB_DEF
03:00003EC2 70AA            	  5569: 	MOVEQ		#TK_FN-$100,d0	* get FN token
03:00003EC4 6100FA26        	  5570: 	BSR		LAB_SCCA		* scan for CHR$(d0) , else syntax error/warm start
                            	  5571: 						* return character after d0
03:00003EC8 13FC008000E805E7	  5572: 	MOVE.b	#$80,Sufnxf		* set FN flag bit
03:00003ED0 6100FC46        	  5573: 	BSR		LAB_1D12		* get FN name
03:00003ED4 23C800E805B8    	  5574: 	MOVE.l	a0,func_l		* save function pointer
                            	  5575: 
03:00003EDA 61D8            	  5576: 	BSR.s		LAB_CKRN		* check not Direct (back here if ok)
03:00003EDC 6100FA08        	  5577: 	BSR		LAB_1BFE		* scan for "(" , else do syntax error/warm start
03:00003EE0 13FC007E00E805E7	  5578: 	MOVE.b	#$7E,Sufnxf		* set FN variable flag bits
03:00003EE8 6100FC22        	  5579: 	BSR		LAB_GVAR		* get/create function variable address
                            	  5580: 						* return pointer to variable in Cvaral and a0
03:00003EEC 7000            	  5581: 	MOVEQ		#0,d0			* set zero to clear variable
03:00003EEE 20C0            	  5582: 	MOVE.l	d0,(a0)+		* clear variable
03:00003EF0 4A3900E805BD    	  5583: 	TST.b		Dtypef		* test data type
03:00003EF6 6A02            	  5584: 	BPL.s		LAB_DEFV		* branch if numeric variable
                            	  5585: 
03:00003EF8 3080            	  5586: 	MOVE.w	d0,(a0)		* else clear string length
                            	  5587: LAB_DEFV
03:00003EFA 6100F9E6        	  5588: 	BSR		LAB_1BFB		* scan for ")" , else do syntax error/warm start
03:00003EFE 70BC            	  5589: 	MOVEQ		#TK_EQUAL-$100,d0	* = token
03:00003F00 6100F9EA        	  5590: 	BSR		LAB_SCCA		* scan for CHR$(A), else syntax error/warm start
                            	  5591: 						* return character after d0
03:00003F04 2F3900E8046E    	  5592: 	MOVE.l	Varname,-(sp)	* push current variable name
03:00003F0A 2F0D            	  5593: 	MOVE.l	a5,-(sp)		* push BASIC execute pointer
03:00003F0C 6100F2D8        	  5594: 	BSR		LAB_DATA		* go perform DATA (find end of DEF FN statement)
03:00003F10 207900E805B8    	  5595: 	MOVEA.l	func_l,a0		* get pointer
03:00003F16 209F            	  5596: 	MOVE.l	(sp)+,(a0)		* save BASIC execute pointer to function
03:00003F18 215F0004        	  5597: 	MOVE.l	(sp)+,4(a0)		* save current variable name to function
03:00003F1C 4E75            	  5598: 	RTS
                            	  5599: 
                            	  5600: * evaluate FNx
                            	  5601: 
                            	  5602: LAB_201E
03:00003F1E 13FC008100E805E7	  5603: 	MOVE.b	#$81,Sufnxf		* set FN flag (find not create)
03:00003F26 6100F9CA        	  5604: 	BSR		LAB_IGBY		* increment & scan memory
03:00003F2A 6100FBEC        	  5605: 	BSR		LAB_1D12		* get FN name
03:00003F2E 1F3900E805BD    	  5606: 	MOVE.b	Dtypef,-(sp)	* push data type flag (function type)
03:00003F34 2F08            	  5607: 	MOVE.l	a0,-(sp)		* push function pointer
03:00003F36 6100F9AE        	  5608: 	BSR		LAB_1BFE		* scan for "(" , else do syntax error/warm start
03:00003F3A 6100F9A2        	  5609: 	BSR		LAB_1BF7		* evaluate expression within parentheses
03:00003F3E 205F            	  5610: 	MOVEA.l	(sp)+,a0		* pop function pointer
03:00003F40 23C800E805B8    	  5611: 	MOVE.l	a0,func_l		* set function pointer
03:00003F46 1F3900E805BD    	  5612: 	MOVE.b	Dtypef,-(sp)	* push data type flag (function expression type)
                            	  5613: 
03:00003F4C 20280004        	  5614: 	MOVE.l	4(a0),d0		* get function variable name
03:00003F50 6100FC40        	  5615: 	BSR		LAB_1D4A		* go find function variable (already created)
                            	  5616: 
                            	  5617: 						* now check type match for variable
03:00003F54 101F            	  5618: 	MOVE.b	(sp)+,d0		* pop data type flag (function expression type)
03:00003F56 E318            	  5619: 	ROL.b		#1,d0			* set carry if type = string
03:00003F58 6100F7C6        	  5620: 	BSR		LAB_CKTM		* type match check, set C for string
                            	  5621: 
                            	  5622: 						* now stack the function variable value before use
03:00003F5C 6712            	  5623: 	BEQ.s		LAB_2043		* branch if not string
                            	  5624: 
03:00003F5E B9FC00E8047A    	  5625: 	CMPA.l	#des_sk_e,a4	* compare string stack pointer with max+1
03:00003F64 6700EC32        	  5626: 	BEQ		LAB_SCER		* if no space on stack do string too complex error
                            	  5627: 
03:00003F68 39280004        	  5628: 	MOVE.w	4(a0),-(a4)		* string length on descriptor stack
03:00003F6C 2910            	  5629: 	MOVE.l	(a0),-(a4)		* string address on stack
03:00003F6E 6002            	  5630: 	BRA.s		LAB_204S		* skip var push
                            	  5631: 
                            	  5632: LAB_2043
03:00003F70 2F10            	  5633: 	MOVE.l	(a0),-(sp)		* push variable
                            	  5634: LAB_204S
03:00003F72 2F08            	  5635: 	MOVE.l	a0,-(sp)		* push variable address
03:00003F74 1F3900E805BD    	  5636: 	MOVE.b	Dtypef,-(sp)	* push variable data type
                            	  5637: 
03:00003F7A 6140            	  5638: 	BSR.s		LAB_2045		* pack function expression value into (a0)
                            	  5639: 						* (function variable)
03:00003F7C 2F0D            	  5640: 	MOVE.l	a5,-(sp)		* push BASIC execute pointer
03:00003F7E 207900E805B8    	  5641: 	MOVEA.l	func_l,a0		* get function pointer
03:00003F84 2A50            	  5642: 	MOVEA.l	(a0),a5		* save function execute ptr as BASIC execute ptr
03:00003F86 2F3900E80472    	  5643: 	MOVE.l	Cvaral,-(sp)	* push variable address
03:00003F8C 6100F7A8        	  5644: 	BSR		LAB_EVEX		* evaluate expression
03:00003F90 23DF00E80472    	  5645: 	MOVE.l	(sp)+,Cvaral	* pull variable address
03:00003F96 6100F95C        	  5646: 	BSR		LAB_GBYT		* scan memory
03:00003F9A 6600EC30        	  5647: 	BNE		LAB_SNER		* if not [EOL] or [EOS] do syntax error/warm start
                            	  5648: 
03:00003F9E 2A5F            	  5649: 	MOVE.l	(sp)+,a5		* restore BASIC execute pointer
                            	  5650: 
                            	  5651: * restore variable from stack and test data type
                            	  5652: 
03:00003FA0 101F            	  5653: 	MOVE.b	(sp)+,d0		* pull variable data type
03:00003FA2 205F            	  5654: 	MOVEA.l	(sp)+,a0		* pull variable address
03:00003FA4 4A00            	  5655: 	TST.b		d0			* test variable data type
03:00003FA6 6A08            	  5656: 	BPL.s		LAB_204T		* branch if not string
                            	  5657: 
03:00003FA8 209C            	  5658: 	MOVE.l	(a4)+,(a0)		* string address from descriptor stack
03:00003FAA 315C0004        	  5659: 	MOVE.w	(a4)+,4(a0)		* string length from descriptor stack
03:00003FAE 6002            	  5660: 	BRA.s		LAB_2044		* skip variable pull
                            	  5661: 
                            	  5662: LAB_204T
03:00003FB0 209F            	  5663: 	MOVE.l	(sp)+,(a0)		* restore variable from stack
                            	  5664: LAB_2044
03:00003FB2 101F            	  5665: 	MOVE.b	(sp)+,d0		* pop data type flag (function type)
03:00003FB4 E318            	  5666: 	ROL.b		#1,d0			* set carry if type = string
03:00003FB6 6100F768        	  5667: 	BSR		LAB_CKTM		* type match check, set C for string
03:00003FBA 4E75            	  5668: 	RTS
                            	  5669: 
                            	  5670: LAB_2045
03:00003FBC 4A3900E805BD    	  5671: 	TST.b		Dtypef		* test data type
03:00003FC2 6A000926        	  5672: 	BPL		LAB_2778		* if numeric pack FAC1 into variable (a0) & return
                            	  5673: 
03:00003FC6 2448            	  5674: 	MOVEA.l	a0,a2			* copy variable pointer
03:00003FC8 6000F384        	  5675: 	BRA		LAB_17D6		* go do string LET & return
                            	  5676: 
                            	  5677: 
                            	  5678: * perform STR$()
                            	  5679: 
                            	  5680: LAB_STRS
03:00003FCC 6100F74A        	  5681: 	BSR		LAB_CTNM		* check if source is numeric, else type mismatch
03:00003FD0 61000AD8        	  5682: 	BSR		LAB_2970		* convert FAC1 to string
03:00003FD4 584F            	  5683: 	ADDQ.w	#4,sp			* skip return type check
                            	  5684: 
                            	  5685: * Scan, set up string
                            	  5686: * print " terminated string to FAC1 stack
                            	  5687: 
                            	  5688: LAB_20AE
03:00003FD6 7422            	  5689: 	MOVEQ		#$22,d2		* set Srchc character (terminator 1)
03:00003FD8 3602            	  5690: 	MOVE.w	d2,d3			* set Asrch character (terminator 2)
                            	  5691: 
                            	  5692: * print d2/d3 terminated string to FAC1 stack
                            	  5693: * d2 = Srchc, d3 = Asrch, a0 is source
                            	  5694: * a6 is temp
                            	  5695: 
                            	  5696: LAB_20B4
03:00003FDA 7200            	  5697: 	MOVEQ		#0,d1			* clear longword
03:00003FDC 5341            	  5698: 	SUBQ.w	#1,d1			* set length to -1
03:00003FDE 2448            	  5699: 	MOVEA.l	a0,a2			* copy start to calculate end
                            	  5700: LAB_20BE
03:00003FE0 5241            	  5701: 	ADDQ.w	#1,d1			* increment length
03:00003FE2 10301000        	  5702: 	MOVE.b	(a0,d1.w),d0	* get byte from string
03:00003FE6 6710            	  5703: 	BEQ.s		LAB_20D0		* exit loop if null byte [EOS]
                            	  5704: 
03:00003FE8 B002            	  5705: 	CMP.b		d2,d0			* compare with search character (terminator 1)
03:00003FEA 6704            	  5706: 	BEQ.s		LAB_20CB		* branch if terminator
                            	  5707: 
03:00003FEC B003            	  5708: 	CMP.b		d3,d0			* compare with terminator 2
03:00003FEE 66F0            	  5709: 	BNE.s		LAB_20BE		* loop if not terminator 2 (or null string)
                            	  5710: 
                            	  5711: LAB_20CB
03:00003FF0 B03C0022        	  5712: 	CMP.b		#$22,d0		* compare with "
03:00003FF4 6602            	  5713: 	BNE.s		LAB_20D0		* branch if not "
                            	  5714: 
03:00003FF6 524A            	  5715: 	ADDQ.w	#1,a2			* else increment string start (skip " at end)
                            	  5716: LAB_20D0
03:00003FF8 D5C1            	  5717: 	ADDA.l	d1,a2			* add longowrd length to make string end+1
                            	  5718: 
03:00003FFA B1FC00E80200    	  5719: 	CMPA.l	#ram_strt,a0	* is string in ram
03:00004000 6522            	  5720: 	BCS.s		LAB_RTST		* if not go push descriptor on stack & exit
                            	  5721: 						* (could be message string from ROM)
                            	  5722: 
03:00004002 B1F900E80432    	  5723: 	CMPA.l	Smeml,a0		* is string in utility ram
03:00004008 641A            	  5724: 	BCC.s		LAB_RTST		* if not go push descriptor on stack & exit
                            	  5725: 						* (is in string or program space)
                            	  5726: 
                            	  5727: 						* (else) copy string to string memory
                            	  5728: LAB_20C9
03:0000400A 2248            	  5729: 	MOVEA.l	a0,a1			* copy descriptor pointer
03:0000400C 2001            	  5730: 	MOVE.l	d1,d0			* copy longword length
03:0000400E 6604            	  5731: 	BNE.s		LAB_20D8		* branch if not null string
                            	  5732: 
03:00004010 2041            	  5733: 	MOVEA.l	d1,a0			* make null pointer
03:00004012 6010            	  5734: 	BRA.s		LAB_RTST		* go push descriptor on stack & exit
                            	  5735: 
                            	  5736: LAB_20D8
03:00004014 612C            	  5737: 	BSR.s		LAB_2115		* make string space d1 bytes long
03:00004016 2001            	  5738: 	MOVE.l	d1,d0			* copy length again
03:00004018 D1C1            	  5739: 	ADDA.l	d1,a0			* new string end
03:0000401A D3C1            	  5740: 	ADDA.l	d1,a1			* old string end
03:0000401C 5340            	  5741: 	SUBQ.w	#1,d0			* -1 for DBF loop
                            	  5742: LAB_20E0
03:0000401E 1121            	  5743: 	MOVE.b	-(a1),-(a0)		* copy byte (source can be odd aligned)
03:00004020 51C8FFFC        	  5744: 	DBF		d0,LAB_20E0		* loop until done
                            	  5745: 
                            	  5746: 
                            	  5747: * check for space on descriptor stack then ...
                            	  5748: * put string address and length on descriptor stack & update stack pointers
                            	  5749: * start is in a0, length is in d1
                            	  5750: 
                            	  5751: LAB_RTST
03:00004024 B9FC00E8047A    	  5752: 	CMPA.l	#des_sk_e,a4	* compare string stack pointer with max+1
03:0000402A 6700EB6C        	  5753: 	BEQ		LAB_SCER		* if no space on string stack ..
                            	  5754: 						* .. go do 'string too complex' error
                            	  5755: 
                            	  5756: 						* push string & update pointers
03:0000402E 3901            	  5757: 	MOVE.w	d1,-(a4)		* string length on descriptor stack
03:00004030 2908            	  5758: 	MOVE.l	a0,-(a4)		* string address on stack
03:00004032 23CC00E80594    	  5759: 	MOVE.l	a4,FAC1_m		* string descriptor pointer in FAC1
03:00004038 13FC008000E805BD	  5760: 	MOVE.b	#$80,Dtypef		* save data type flag, $80=string
03:00004040 4E75            	  5761: 	RTS
                            	  5762: 
                            	  5763: * Build descriptor a0/d1
                            	  5764: * make space in string memory for string d1.w long
                            	  5765: * return pointer in a0/Sutill
                            	  5766: 
                            	  5767: LAB_2115
03:00004042 4A41            	  5768: 	TST.w		d1			* test length
03:00004044 6738            	  5769: 	BEQ.s		LAB_2128		* branch if user wants null string
                            	  5770: 
                            	  5771: 						* make space for string d1 long
03:00004046 3F00            	  5772: 	MOVE.w	d0,-(sp)		* save d0
03:00004048 7000            	  5773: 	MOVEQ		#0,d0			* clear longword
03:0000404A 13C000E805E6    	  5774: 	MOVE.b	d0,Gclctd		* clear garbage collected flag (b7)
03:00004050 7001            	  5775: 	MOVEQ		#1,d0			* +1 to possibly round up
03:00004052 C041            	  5776: 	AND.w		d1,d0			* mask odd bit
03:00004054 D041            	  5777: 	ADD.w		d1,d0			* ensure d0 is even length
03:00004056 6404            	  5778: 	BCC.s		LAB_2117		* branch if no overflow
                            	  5779: 
03:00004058 7001            	  5780: 	MOVEQ		#1,d0			* set to allocate 65536 bytes
03:0000405A 4840            	  5781: 	SWAP		d0			* makes $00010000
                            	  5782: LAB_2117
03:0000405C 207900E8044A    	  5783: 	MOVEA.l	Sstorl,a0		* get bottom of string space
03:00004062 91C0            	  5784: 	SUBA.l	d0,a0			* subtract string length
03:00004064 B1F900E80446    	  5785: 	CMPA.l	Earryl,a0		* compare with top of array space
03:0000406A 6516            	  5786: 	BCS.s		LAB_2137		* possibly do out of memory error if less
                            	  5787: 
03:0000406C 23C800E8044A    	  5788: 	MOVE.l	a0,Sstorl		* save bottom of string space low byte
03:00004072 23C800E80452    	  5789: 	MOVE.l	a0,Sutill		* save string utility ptr low byte
03:00004078 301F            	  5790: 	MOVE.w	(sp)+,d0		* restore d0
03:0000407A 4A41            	  5791: 	TST.w		d1			* set flags on length
03:0000407C 4E75            	  5792: 	RTS
                            	  5793: 
                            	  5794: LAB_2128
03:0000407E 3041            	  5795: 	MOVEA.w	d1,a0			* make null pointer
03:00004080 4E75            	  5796: 	RTS
                            	  5797: 
                            	  5798: LAB_2137
03:00004082 4A3900E805E6    	  5799: 	TST.b		Gclctd		* get garbage collected flag
03:00004088 6B00EB2E        	  5800: 	BMI		LAB_OMER		* do "Out of memory" error, then warm start
                            	  5801: 
03:0000408C 610A            	  5802: 	BSR.s		LAB_GARB		* else go do garbage collection
03:0000408E 13FC008000E805E6	  5803: 	MOVE.b	#$80,Gclctd		* set garbage collected flag
03:00004096 60C4            	  5804: 	BRA.s		LAB_2117		* go try again
                            	  5805: 
                            	  5806: * garbage collection routine
                            	  5807: 
                            	  5808: LAB_GARB
03:00004098 48E7E0E0        	  5809: 	MOVEM.l	d0-d2/a0-a2,-(sp)	* save registers
03:0000409C 23F900E8044E00E8	  5810: 	MOVE.l	Ememl,Sstorl	* start with no strings
03:000040A4 044A
                            	  5811: 
                            	  5812: 						* re-run routine from last ending
                            	  5813: LAB_214B
03:000040A6 223900E80446    	  5814: 	MOVE.l	Earryl,d1		* set highest uncollected string so far
03:000040AC 7000            	  5815: 	MOVEQ		#0,d0			* clear longword
03:000040AE 2240            	  5816: 	MOVEA.l	d0,a1			* clear string to move pointer
03:000040B0 207900E8043E    	  5817: 	MOVEA.l	Sstrl,a0		* set pointer to start of strings
03:000040B6 247900E80442    	  5818: 	MOVEA.l	Sarryl,a2		* set end pointer to start of arrays (end of strings)
03:000040BC 6008            	  5819: 	BRA.s		LAB_2176		* branch into loop at end loop test
                            	  5820: 
                            	  5821: LAB_2161
03:000040BE 61000086        	  5822: 	BSR		LAB_2206		* test and set if this is the highest string
03:000040C2 41E8000A        	  5823: 	ADD.l		#10,a0		* increment to next string
                            	  5824: LAB_2176
03:000040C6 B5C8            	  5825: 	CMPA.l	a0,a2			* compare pointer with with end of area
03:000040C8 66F4            	  5826: 	BNE.s		LAB_2161		* go do next if not at end
                            	  5827: 
                            	  5828: * done strings, now do arrays.
                            	  5829: 
                            	  5830: **	MOVEA.l	Sarryl,a0		* set pointer to start of arrays (should be there)
03:000040CA 247900E80446    	  5831: 	MOVEA.l	Earryl,a2		* set end pointer to end of arrays
03:000040D0 6024            	  5832: 	BRA.s		LAB_218F		* branch into loop at end loop test
                            	  5833: 
                            	  5834: LAB_217E
03:000040D2 24280004        	  5835: 	MOVE.l	4(a0),d2		* get array size
03:000040D6 D488            	  5836: 	ADD.l		a0,d2			* makes start of next array
                            	  5837: 
03:000040D8 2010            	  5838: 	MOVE.l	(a0),d0		* get array name
03:000040DA 08000017        	  5839: 	BTST		#23,d0		* test string flag
03:000040DE 6714            	  5840: 	BEQ.s		LAB_218B		* branch if not string
                            	  5841: 
03:000040E0 30280008        	  5842: 	MOVE.w	8(a0),d0		* get # of dimensions
03:000040E4 D040            	  5843: 	ADD.w		d0,d0			* *2
03:000040E6 D0C0            	  5844: 	ADDA.w	d0,a0			* add to skip dimension size(s)
03:000040E8 41E8000A        	  5845: 	ADDA.w	#$0A,a0		* increment to first element
                            	  5846: LAB_2183
03:000040EC 6158            	  5847: 	BSR.s		LAB_2206		* test and set if this is the highest string
03:000040EE 5C48            	  5848: 	ADDQ.w	#6,a0			* increment to next element
03:000040F0 B1C2            	  5849: 	CMPA.l	d2,a0			* compare with start of next array
03:000040F2 66F8            	  5850: 	BNE.s		LAB_2183		* go do next if not at end of array
                            	  5851: 
                            	  5852: LAB_218B
03:000040F4 2042            	  5853: 	MOVEA.l	d2,a0			* pointer to next array
                            	  5854: LAB_218F
03:000040F6 B5C8            	  5855: 	CMPA.l	a0,a2			* compare pointer with array end
03:000040F8 66D8            	  5856: 	BNE.s		LAB_217E		* go do next if not at end
                            	  5857: 
                            	  5858: * done arrays and variables, now just the descriptor stack to do
                            	  5859: 
03:000040FA 204C            	  5860: 	MOVEA.l	a4,a0			* get descriptor stack pointer
03:000040FC 247C00E80492    	  5861: 	MOVEA.l	#des_sk,a2		* set end pointer to end of stack
03:00004102 6004            	  5862: 	BRA.s		LAB_21C4		* branch into loop at end loop test
                            	  5863: 
                            	  5864: LAB_21C2
03:00004104 6140            	  5865: 	BSR.s		LAB_2206		* test and set if this is the highest string
03:00004106 5C48            	  5866: 	ADDQ.w	#06,a0		* increment to next string
                            	  5867: LAB_21C4
03:00004108 B5C8            	  5868: 	CMPA.l	a0,a2			* compare pointer with stack end
03:0000410A 66F8            	  5869: 	BNE.s		LAB_21C2		* go do next if not at end
                            	  5870: 
                            	  5871: * descriptor search complete, now either exit or set-up and move string
                            	  5872: 
03:0000410C 2009            	  5873: 	MOVE.l	a1,d0			* set the flags (a1 is move string)
03:0000410E 6730            	  5874: 	BEQ.s		LAB_21D1		* go tidy up and exit if no move
                            	  5875: 
03:00004110 2051            	  5876: 	MOVEA.l	(a1),a0		* a0 is now string start
03:00004112 7200            	  5877: 	MOVEQ		#0,d1			* clear d1
03:00004114 32290004        	  5878: 	MOVE.w	4(a1),d1		* d1 is string length
03:00004118 5281            	  5879: 	ADDQ.l	#1,d1			* +1
03:0000411A C23C00FE        	  5880: 	AND.b		#$FE,d1		* make even length
03:0000411E D1C1            	  5881: 	ADDA.l	d1,a0			* pointer is now to string end+1
03:00004120 247900E8044A    	  5882: 	MOVEA.l	Sstorl,a2		* is destination end+1
03:00004126 B1CA            	  5883: 	CMPA.l	a2,a0			* does the string need moving
03:00004128 670C            	  5884: 	BEQ.s		LAB_2240		* branch if not
                            	  5885: 
03:0000412A E289            	  5886: 	LSR.l		#1,d1			* word move so do /2
03:0000412C 5341            	  5887: 	SUBQ.w	#1,d1			* -1 for DBF loop
                            	  5888: LAB_2216
03:0000412E 3520            	  5889: 	MOVE.w	-(a0),-(a2)		* copy word
03:00004130 51C9FFFC        	  5890: 	DBF		d1,LAB_2216		* loop until done
                            	  5891: 
03:00004134 2288            	  5892: 	MOVE.l	a0,(a1)		* save new string start
                            	  5893: LAB_2240
03:00004136 23D100E8044A    	  5894: 	MOVE.l	(a1),Sstorl		* string start is new string mem start
03:0000413C 6000FF68        	  5895: 	BRA		LAB_214B		* re-run routine from last ending
                            	  5896: 						* (but don't collect this string)
                            	  5897: 
                            	  5898: LAB_21D1
03:00004140 4CDF0707        	  5899: 	MOVEM.l	(sp)+,d0-d2/a0-a2	* restore registers
                            	  5900: RTS_012
03:00004144 4E75            	  5901: 	RTS
                            	  5902: 
                            	  5903: *  test and set if this is the highest string
                            	  5904: 
                            	  5905: LAB_2206
03:00004146 2010            	  5906: 	MOVE.l	(a0),d0		* get this string pointer
03:00004148 67FA            	  5907: 	BEQ.s		RTS_012		* exit if null string
                            	  5908: 
03:0000414A B280            	  5909: 	CMP.l		d0,d1			* compare with highest uncollected string so far
03:0000414C 64F6            	  5910: 	BCC.s		RTS_012		* exit if <= with highest so far
                            	  5911: 
03:0000414E B0B900E8044A    	  5912: 	CMP.l		Sstorl,d0		* compare with bottom of string space
03:00004154 64EE            	  5913: 	BCC.s		RTS_012		* exit if >= bottom of string space
                            	  5914: 
03:00004156 7000            	  5915: 	MOVEQ		#0,d0			* clear d0
03:00004158 30290004        	  5916: 	MOVE.w	4(a1),d0		* d0 is string length
03:0000415C 4480            	  5917: 	NEG.l		d0			* make -ve
03:0000415E C03C00FE        	  5918: 	AND.b		#$FE,d0		* make -ve even length
03:00004162 D0B900E8044A    	  5919: 	ADD.l		Sstorl,d0		* add string store to -ve length
03:00004168 B090            	  5920: 	CMP.l		(a0),d0		* compare with string address
03:0000416A 6706            	  5921: 	BEQ.s		LAB_2212		* if = go move string store pointer down
                            	  5922: 
03:0000416C 2210            	  5923: 	MOVE.l	(a0),d1		* highest = current
03:0000416E 2248            	  5924: 	MOVEA.l	a0,a1			* string to move = current
03:00004170 4E75            	  5925: 	RTS
                            	  5926: 
                            	  5927: LAB_2212
03:00004172 23C000E8044A    	  5928: 	MOVE.l	d0,Sstorl		* set new string store start
03:00004178 4E75            	  5929: 	RTS
                            	  5930: 
                            	  5931: * concatenate
                            	  5932: * add strings, string descriptor 1 is in FAC1_m, string 2 is in line
                            	  5933: 
                            	  5934: LAB_224D
03:0000417A 2F3900E80594    	  5935: 	MOVE.l	FAC1_m,-(sp)	* stack descriptor pointer for string 1
                            	  5936: 
03:00004180 6100F716        	  5937: 	BSR		LAB_GVAL		* get value from line
03:00004184 6100F596        	  5938: 	BSR		LAB_CTST		* check if source is string, else do type mismatch
                            	  5939: 
03:00004188 227900E80594    	  5940: 	MOVEA.l	FAC1_m,a1		* copy descriptor pointer 2
03:0000418E 2057            	  5941: 	MOVEA.l	(sp),a0		* copy descriptor pointer 1
03:00004190 7200            	  5942: 	MOVEQ		#0,d1			* clear longword length
03:00004192 32280004        	  5943: 	MOVE.w	4(a0),d1		* get length 1
03:00004196 D2690004        	  5944: 	ADD.w		4(a1),d1		* add length 2
03:0000419A 6500EA00        	  5945: 	BCS		LAB_SLER		* if overflow go do 'string too long' error
                            	  5946: 
03:0000419E 6100FEA2        	  5947: 	BSR		LAB_2115		* make space d1 bytes long
03:000041A2 23C800E8059C    	  5948: 	MOVE.l	a0,FAC2_m		* save new string start pointer
03:000041A8 2057            	  5949: 	MOVEA.l	(sp),a0		* copy descriptor pointer 1 from stack
03:000041AA 6124            	  5950: 	BSR.s		LAB_229C		* copy string from descriptor a0 to Sutill
                            	  5951: 						* return with a0 = pointer, d1 = length
                            	  5952: 
03:000041AC 207900E80594    	  5953: 	MOVEA.l	FAC1_m,a0		* get descriptor pointer for string 2
03:000041B2 614A            	  5954: 	BSR.s		LAB_22BA		* pop (a0) descriptor, returns with ..
                            	  5955: 						* a0 = pointer, d0 = length
03:000041B4 6120            	  5956: 	BSR.s		LAB_229E		* copy string d0 bytes long from a0 to Sutill
                            	  5957: 						* return with a0 = pointer, d1 = length
                            	  5958: 
03:000041B6 205F            	  5959: 	MOVEA.l	(sp)+,a0		* get descriptor pointer for string 1
03:000041B8 6144            	  5960: 	BSR.s		LAB_22BA		* pop (a0) descriptor, returns with ..
                            	  5961: 						* d0 = length, a0 = pointer
                            	  5962: 
03:000041BA 207900E8059C    	  5963: 	MOVEA.l	FAC2_m,a0		* retreive result string pointer
03:000041C0 223900E80452    	  5964: 	MOVE.l	Sutill,d1		* copy end
03:000041C6 9288            	  5965: 	SUB.l		a0,d1			* subtract start = length
03:000041C8 6100FE5A        	  5966: 	BSR		LAB_RTST		* push string on descriptor stack
                            	  5967: 						* a0 = pointer, d1 = length
03:000041CC 6000F57E        	  5968: 	BRA		LAB_1ADB		* continue evaluation
                            	  5969: 
                            	  5970: * copy string from descriptor (a0) to Sutill
                            	  5971: * return with a0 = pointer, d1 = length
                            	  5972: 
                            	  5973: LAB_229C
03:000041D0 30280004        	  5974: 	MOVE.w	4(a0),d0		* get length
03:000041D4 2050            	  5975: 	MOVEA.l	(a0),a0		* get string pointer
                            	  5976: LAB_229E
03:000041D6 227900E80452    	  5977: 	MOVEA.l	Sutill,a1		* get destination pointer
03:000041DC 3200            	  5978: 	MOVE.w	d0,d1			* copy and check length
03:000041DE 6712            	  5979: 	BEQ.s		RTS_013		* skip copy if null
                            	  5980: 
03:000041E0 2F09            	  5981: 	MOVE.l	a1,-(sp)		* save destination string pointer
03:000041E2 5340            	  5982: 	SUBQ.w	#1,d0			* subtract for DBF loop
                            	  5983: LAB_22A0
03:000041E4 12D8            	  5984: 	MOVE.b	(a0)+,(a1)+		* copy byte
03:000041E6 51C8FFFC        	  5985: 	DBF		d0,LAB_22A0		* loop if not done
                            	  5986: 
03:000041EA 23C900E80452    	  5987: 	MOVE.l	a1,Sutill		* update Sutill to end of copied string
03:000041F0 205F            	  5988: 	MOVEA.l	(sp)+,a0		* restore destination string pointer
                            	  5989: RTS_013
03:000041F2 4E75            	  5990: 	RTS
                            	  5991: 
                            	  5992: * evaluate string, returns d0 = length, a0 = pointer
                            	  5993: 
                            	  5994: LAB_EVST
03:000041F4 6100F526        	  5995: 	BSR		LAB_CTST		* check if source is string, else do type mismatch
                            	  5996: 
                            	  5997: * pop string off descriptor stack, or from top of string space
                            	  5998: * returns with d0 = length, a0 = pointer
                            	  5999: 
                            	  6000: LAB_22B6
03:000041F8 207900E80594    	  6001: 	MOVEA.l	FAC1_m,a0		* get descriptor pointer
                            	  6002: 
                            	  6003: * pop (a0) descriptor off stack or from string space
                            	  6004: * returns with d0 = length, a0 = pointer
                            	  6005: 
                            	  6006: LAB_22BA
03:000041FE 48E74040        	  6007: 	MOVEM.l	a1/d1,-(sp)		* save other regs
03:00004202 B9C8            	  6008: 	CMPA.l	a0,a4			* is string on the descriptor stack
03:00004204 6602            	  6009: 	BNE.s		LAB_22BD		* skip pop if not
                            	  6010: 
03:00004206 5C4C            	  6011: 	ADDQ.w	#$06,a4		* else update stack pointer
                            	  6012: LAB_22BD
03:00004208 7000            	  6013: 	MOVEQ		#0,d0			* clear string length longword
03:0000420A 2258            	  6014: 	MOVEA.l	(a0)+,a1		* get string address
03:0000420C 3018            	  6015: 	MOVE.w	(a0)+,d0		* get string length
                            	  6016: 
03:0000420E B9C8            	  6017: 	CMPA.l	a0,a4			* was it on the descriptor stack
03:00004210 6614            	  6018: 	BNE.s		LAB_22E6		* branch if it wasn't
                            	  6019: 
03:00004212 B3F900E8044A    	  6020: 	CMPA.l	Sstorl,a1		* compare string address with bottom of string space
03:00004218 660C            	  6021: 	BNE.s		LAB_22E6		* branch if <>
                            	  6022: 
03:0000421A 7201            	  6023: 	MOVEQ		#1,d1			* mask for odd bit
03:0000421C C240            	  6024: 	AND.w		d0,d1			* AND length
03:0000421E D280            	  6025: 	ADD.l		d0,d1			* make it fit word aligned length
                            	  6026: 
03:00004220 D3B900E8044A    	  6027: 	ADD.l		d1,Sstorl		* add to bottom of string space
                            	  6028: LAB_22E6
03:00004226 2049            	  6029: 	MOVEA.l	a1,a0			* copy to a0
03:00004228 4CDF0202        	  6030: 	MOVEM.l	(sp)+,a1/d1		* restore other regs
03:0000422C 4E75            	  6031: 	RTS
                            	  6032: 
                            	  6033: * perform CHR$()
                            	  6034: 
                            	  6035: LAB_CHRS
03:0000422E 61000116        	  6036: 	BSR		LAB_EVBY		* evaluate byte expression, result in d0 and Itemp
03:00004232 7201            	  6037: 	MOVEQ		#1,d1			* string is single byte
03:00004234 6100FE0C        	  6038: 	BSR		LAB_2115		* make string space d1 bytes long
                            	  6039: 						* return a0/Sutill = pointer, others unchanged
03:00004238 1080            	  6040: 	MOVE.b	d0,(a0)		* save byte in string (byte IS string!)
03:0000423A 584F            	  6041: 	ADDQ.w	#4,sp			* skip return type check
03:0000423C 6000FDE6        	  6042: 	BRA		LAB_RTST		* push string on descriptor stack
                            	  6043: 						* a0 = pointer, d1 = length
                            	  6044: 
                            	  6045: * perform LEFT$()
                            	  6046: 
                            	  6047: LAB_LEFT
03:00004240 6178            	  6048: 	BSR.s		LAB_236F		* pull string data & word parameter from stack
                            	  6049: 						* return pointer in a0, word in d0. destroys d1
03:00004242 C141            	  6050: 	EXG		d0,d1			* offset in d0, word in d1
03:00004244 4A81            	  6051: 	TST.l		d1			* test returned length
03:00004246 671E            	  6052: 	BEQ.s		LAB_231C		* branch if null return
                            	  6053: 
03:00004248 7000            	  6054: 	MOVEQ		#0,d0			* clear start offset
03:0000424A B2680004        	  6055: 	CMP.w		4(a0),d1		* compare word parameter with string length
03:0000424E 6516            	  6056: 	BCS.s		LAB_231C		* branch if string length > word parameter
                            	  6057: 
03:00004250 600E            	  6058: 	BRA.s		LAB_2316		* go copy whole string
                            	  6059: 
                            	  6060: * perform RIGHT$()
                            	  6061: 
                            	  6062: LAB_RIGHT
03:00004252 6166            	  6063: 	BSR.s		LAB_236F		* pull string data & word parameter from stack
                            	  6064: 						* return pointer in a0, word in d0. destroys d1
03:00004254 2200            	  6065: 	MOVE.l	d0,d1			* copy word (and clear high word)
03:00004256 670E            	  6066: 	BEQ.s		LAB_231C		* branch if null return
                            	  6067: 
03:00004258 30280004        	  6068: 	MOVE.w	4(a0),d0		* get string length
03:0000425C 9081            	  6069: 	SUB.l		d1,d0			* subtract word
03:0000425E 6406            	  6070: 	BCC.s		LAB_231C		* branch if string length > word parameter
                            	  6071: 
                            	  6072: 						* else copy whole string
                            	  6073: LAB_2316
03:00004260 7000            	  6074: 	MOVEQ		#0,d0			* clear start offset
03:00004262 32280004        	  6075: 	MOVE.w	4(a0),d1		* else make parameter = length
                            	  6076: 
                            	  6077: * get here with ...
                            	  6078: *   a0  - points to descriptor
                            	  6079: * 4(a0) - is string length
                            	  6080: *   d0  - is offset from string start
                            	  6081: *   d1  - is required string length
                            	  6082: 
                            	  6083: LAB_231C
03:00004266 2F08            	  6084: 	MOVE.l	a0,-(sp)		* save string descriptor pointer
03:00004268 6100FDD8        	  6085: 	BSR		LAB_2115		* make string space d1 bytes long
                            	  6086: 						* return a0/Sutill = pointer, others unchanged
03:0000426C 205F            	  6087: 	MOVEA.l	(sp)+,a0		* restore string descriptor pointer
03:0000426E 2F00            	  6088: 	MOVE.l	d0,-(sp)		* save start offset (longword)
03:00004270 618C            	  6089: 	BSR.s		LAB_22BA		* pop (a0) descriptor, returns with ..
                            	  6090: 						* d0 = length, a0 = pointer
03:00004272 D1DF            	  6091: 	ADDA.l	(sp)+,a0		* adjust pointer to start of wanted string
03:00004274 3001            	  6092: 	MOVE.w	d1,d0			* length to d0
03:00004276 6100FF5E        	  6093: 	BSR		LAB_229E		* store string d0 bytes long from (a0) to (Sutill)
                            	  6094: 						* return with a0 = pointer, d1 = length
03:0000427A 6000FDA8        	  6095: 	BRA		LAB_RTST		* push string on descriptor stack
                            	  6096: 						* a0 = pointer, d1 = length
                            	  6097: 
                            	  6098: * perform MID$()
                            	  6099: 
                            	  6100: LAB_MIDS
03:0000427E 7E00            	  6101: 	MOVEQ		#0,d7			* clear longword
03:00004280 5347            	  6102: 	SUBQ.w	#1,d7			* set default length = 65535
03:00004282 6100F670        	  6103: 	BSR		LAB_GBYT		* scan memory
03:00004286 B03C0029        	  6104: 	CMP.b		#$29,d0		* compare with ")"
03:0000428A 670A            	  6105: 	BEQ.s		LAB_2358		* branch if = ")" (skip second byte get)
                            	  6106: 
03:0000428C 6100F65C        	  6107: 	BSR		LAB_1C01		* find "," - else do syntax error/warm start
03:00004290 610000C6        	  6108: 	BSR		LAB_GTWO		* get word parameter, result in d0 and Itemp
03:00004294 2E00            	  6109: 	MOVE.l	d0,d7			* copy length
                            	  6110: LAB_2358
03:00004296 6122            	  6111: 	BSR.s		LAB_236F		* pull string data & byte parameter from stack
                            	  6112: 						* return pointer in a0, word in d0. destroys d1
03:00004298 7200            	  6113: 	MOVEQ		#0,d1			* null length
03:0000429A 5380            	  6114: 	SUBQ.l	#1,d0			* decrement start index
03:0000429C 6B00E922        	  6115: 	BMI		LAB_FCER		* if was null do function call error, then warm start
                            	  6116: 
03:000042A0 B0680004        	  6117: 	CMP.w		4(a0),d0		* compare string length with start index
03:000042A4 64C0            	  6118: 	BCC.s		LAB_231C		* if start not in string do null string (d1=0)
                            	  6119: 
03:000042A6 2207            	  6120: 	MOVE.l	d7,d1			* get length back
03:000042A8 DE40            	  6121: 	ADD.w		d0,d7			* d7 now = MID$() end
03:000042AA 6506            	  6122: 	BCS.s		LAB_2368		* already too long so do RIGHT$ equivalent
                            	  6123: 
03:000042AC BE680004        	  6124: 	CMP.w		4(a0),d7		* compare string length with start index + length
03:000042B0 65B4            	  6125: 	BCS.s		LAB_231C		* if end in string go do string
                            	  6126: 
                            	  6127: LAB_2368
03:000042B2 32280004        	  6128: 	MOVE.w	4(a0),d1		* get string length
03:000042B6 9240            	  6129: 	SUB.w		d0,d1			* subtract start offset
03:000042B8 60AC            	  6130: 	BRA.s		LAB_231C		* go do string (effectively RIGHT$)
                            	  6131: 
                            	  6132: * pull string data & word parameter from stack
                            	  6133: * return pointer in a0, word in d0. destroys d1
                            	  6134: 
                            	  6135: LAB_236F
03:000042BA 6100F626        	  6136: 	BSR		LAB_1BFB		* scan for ")" , else do syntax error/warm start
03:000042BE 221F            	  6137: 	MOVE.l	(sp)+,d1		* pull return address
03:000042C0 584F            	  6138: 	ADDQ		#4,sp			* skip type check on exit
03:000042C2 7000            	  6139: 	MOVEQ		#0,d0			* clear longword
03:000042C4 301F            	  6140: 	MOVE.w	(sp)+,d0		* pull word parameter
03:000042C6 205F            	  6141: 	MOVE.l	(sp)+,a0		* pull string pointer
03:000042C8 2F01            	  6142: 	MOVE.l	d1,-(sp)		* push return address
03:000042CA 4E75            	  6143: 	RTS
                            	  6144: 
                            	  6145: * perform LCASE$()
                            	  6146: 
                            	  6147: LAB_LCASE
03:000042CC 6100FF26        	  6148: 	BSR		LAB_EVST		* evaluate string, returns d0 = length, a0 = pointer
03:000042D0 2200            	  6149: 	MOVE.l	d0,d1			* copy length and set flags
03:000042D2 673E            	  6150: 	BEQ.s		NoString		* branch if null string
                            	  6151: 
03:000042D4 3400            	  6152: 	MOVE.w	d0,d2			* copy for counter
03:000042D6 5382            	  6153: 	SUBQ.l	#1,d2			* subtract for DBF loop
                            	  6154: LC_loop
03:000042D8 10302000        	  6155: 	MOVE.b	(a0,d2.w),d0	* get byte from string
03:000042DC 6100F812        	  6156: 	BSR		LAB_1D82		* is character "A" to "Z"
03:000042E0 6408            	  6157: 	BCC.s		NoUcase		* branch if not upper case alpha
                            	  6158: 
03:000042E2 00000020        	  6159: 	ORI.b		#$20,d0		* convert upper to lower case
03:000042E6 11802000        	  6160: 	MOVE.b	d0,(a0,d2.w)	* save byte back to string
                            	  6161: NoUcase
03:000042EA 51CAFFEC        	  6162: 	DBF		d2,LC_loop		* decrement and loop if not all done
                            	  6163: 
03:000042EE 6022            	  6164: 	BRA.s		NoString		* tidy up & exit (branch always)
                            	  6165: 
                            	  6166: * perform UCASE$()
                            	  6167: 
                            	  6168: LAB_UCASE
03:000042F0 6100FF02        	  6169: 	BSR		LAB_EVST		* evaluate string, returns d0 = length, a0 = pointer
03:000042F4 2200            	  6170: 	MOVE.l	d0,d1			* copy length and set flags
03:000042F6 671A            	  6171: 	BEQ.s		NoString		* branch if null string
                            	  6172: 
03:000042F8 3400            	  6173: 	MOVE.w	d0,d2			* copy for counter
03:000042FA 5382            	  6174: 	SUBQ.l	#1,d2			* subtract for DBF loop
                            	  6175: UC_loop
03:000042FC 10302000        	  6176: 	MOVE.b	(a0,d2.w),d0	* get byte from string
03:00004300 6100F7E8        	  6177: 	BSR		LAB_CASC		* is character "a" to "z" (or "A" to "Z")
03:00004304 6408            	  6178: 	BCC.s		NoLcase		* branch if not alpha
                            	  6179: 
03:00004306 020000DF        	  6180: 	ANDI.b	#$DF,d0		* convert lower to upper case
03:0000430A 11802000        	  6181: 	MOVE.b	d0,(a0,d2.w)	* save byte back to string
                            	  6182: NoLcase
03:0000430E 51CAFFEC        	  6183: 	DBF		d2,UC_loop		* decrement and loop if not all done
                            	  6184: 
                            	  6185: NoString
03:00004312 584F            	  6186: 	ADDQ.w	#4,sp			* dump RTS address (skip numeric type check)
03:00004314 6000FD0E        	  6187: 	BRA		LAB_RTST		* push string on descriptor stack
                            	  6188: 						* a0 = pointer, d1 = length
                            	  6189: 
                            	  6190: * perform SADD()
                            	  6191: 
                            	  6192: LAB_SADD
03:00004318 6100FEDA        	  6193: 	BSR		LAB_EVST		* evaluate string, returns d0 = length, a0 = pointer
03:0000431C 2008            	  6194: 	MOVE.l	a0,d0			* copy string address
03:0000431E 6000FB64        	  6195: 	BRA		LAB_AYFC		* convert d0 to signed longword in FAC1 & return
                            	  6196: 
                            	  6197: * perform LEN()
                            	  6198: 
                            	  6199: LAB_LENS
03:00004322 6100FED0        	  6200: 	BSR		LAB_EVST		* evaluate string, returns d0 = length, a0 = pointer
03:00004326 6000FB84        	  6201: 	BRA		LAB_1FD0		* convert d0 to unsigned byte in FAC1 & return
                            	  6202: 
                            	  6203: * perform ASC()
                            	  6204: 
                            	  6205: LAB_ASC
03:0000432A 6100FEC8        	  6206: 	BSR		LAB_EVST		* evaluate string, returns d0 = length, a0 = pointer
03:0000432E 6700E890        	  6207: 	BEQ		LAB_FCER		* if null do function call error, then warm start
                            	  6208: 
03:00004332 1010            	  6209: 	MOVE.b	(a0),d0		* get first character byte
03:00004334 6000FB76        	  6210: 	BRA		LAB_1FD0		* convert d0 to unsigned byte in FAC1 & return
                            	  6211: 
                            	  6212: * scan for "," and get byte, else do Syntax error then warm start
                            	  6213: 
                            	  6214: LAB_SCGB
03:00004338 6100F5B0        	  6215: 	BSR		LAB_1C01		* scan for "," , else do syntax error/warm start
03:0000433C 6004            	  6216: 	BRA.s		LAB_GTBY		* get byte parameter, result in d0 and Itemp & RET
                            	  6217: 
                            	  6218: * increment and get byte, result in d0 and Itemp
                            	  6219: 
                            	  6220: LAB_SGBY
03:0000433E 6100F5B2        	  6221: 	BSR		LAB_IGBY		* increment & scan memory
                            	  6222: 
                            	  6223: * get byte parameter, result in d0 and Itemp
                            	  6224: 
                            	  6225: LAB_GTBY
03:00004342 6100F3D2        	  6226: 	BSR		LAB_EVNM		* evaluate expression & check is numeric,
                            	  6227: 						* else do type mismatch
                            	  6228: 
                            	  6229: * evaluate byte expression, result in d0 and Itemp
                            	  6230: 
                            	  6231: LAB_EVBY
03:00004346 6100F930        	  6232: 	BSR		LAB_EVPI		* evaluate positive integer expression
                            	  6233: 						* result in d0 and Itemp
03:0000434A 2200            	  6234: 	MOVE.l	d0,d1			* copy result
03:0000434C C2BCFFFFFF00    	  6235: 	AND.l		#$FFFFFF00,d1	* check top 24 bits
03:00004352 6600E86C        	  6236: 	BNE		LAB_FCER		* if <> 0 do function call error/warm start
                            	  6237: 
03:00004356 4E75            	  6238: 	RTS
                            	  6239: 
                            	  6240: * get word parameter, result in d0 and Itemp
                            	  6241: 
                            	  6242: LAB_GTWO
03:00004358 6100F3BC        	  6243: 	BSR		LAB_EVNM		* evaluate expression & check is numeric,
                            	  6244: 						* else do type mismatch
03:0000435C 6100F91A        	  6245: 	BSR		LAB_EVPI		* evaluate positive integer expression
                            	  6246: 						* result in d0 and Itemp
03:00004360 4840            	  6247: 	SWAP		d0			* copy high word to low word
03:00004362 4A40            	  6248: 	TST.w		d0			* set flags
03:00004364 6600E85A        	  6249: 	BNE		LAB_FCER		* if <> 0 do function call error/warm start
                            	  6250: 
03:00004368 4840            	  6251: 	SWAP		d0			* copy high word to low word
03:0000436A 4E75            	  6252: 	RTS
                            	  6253: 
                            	  6254: * perform VAL()
                            	  6255: 
                            	  6256: LAB_VAL
03:0000436C 6100FE86        	  6257: 	BSR		LAB_EVST		* evaluate string, returns d0 = length, a0 = pointer
03:00004370 4A40            	  6258: 	TST.w		d0			* check length
03:00004372 6722            	  6259: 	BEQ.s		LAB_VALZ		* string was null so set result = $00
                            	  6260: 						* clear FAC1 exponent & sign & return
                            	  6261: 
03:00004374 2C4D            	  6262: 	MOVEA.l	a5,a6			* save BASIC execute pointer
03:00004376 2A48            	  6263: 	MOVEA.l	a0,a5			* copy string pointer to execute pointer
03:00004378 D1C0            	  6264: 	ADDA.l	d0,a0			* string end+1
03:0000437A 1010            	  6265: 	MOVE.b	(a0),d0		* get byte from string+1
03:0000437C 3F00            	  6266: 	MOVE.w	d0,-(sp)		* save it
03:0000437E 2F08            	  6267: 	MOVE.l	a0,-(sp)		* save address
03:00004380 10BC0000        	  6268: 	MOVE.b	#0,(a0)		* null terminate string
03:00004384 6100F56E        	  6269: 	BSR		LAB_GBYT		* scan memory
03:00004388 610010A6        	  6270: 	BSR		LAB_2887		* get FAC1 from string
03:0000438C 205F            	  6271: 	MOVEA.l	(sp)+,a0		* restore pointer
03:0000438E 301F            	  6272: 	MOVE.w	(sp)+,d0		* pop byte
03:00004390 1080            	  6273: 	MOVE.b	d0,(a0)		* restore to memory
03:00004392 2A4E            	  6274: 	MOVEA.l	a6,a5			* restore BASIC execute pointer
03:00004394 4E75            	  6275: 	RTS
                            	  6276: 
                            	  6277: LAB_VALZ
03:00004396 33C000E80598    	  6278: 	MOVE.w	d0,FAC1_e		* clear FAC1 exponent & sign
03:0000439C 4E75            	  6279: 	RTS
                            	  6280: 
                            	  6281: * get two parameters for POKE or WAIT, first parameter in a0, second in d0
                            	  6282: 
                            	  6283: LAB_GADB
03:0000439E 6100F376        	  6284: 	BSR		LAB_EVNM		* evaluate expression & check is numeric,
                            	  6285: 						* else do type mismatch
03:000043A2 61000636        	  6286: 	BSR		LAB_2831		* convert FAC1 floating-to-fixed
                            	  6287: 						* result in d0 and Itemp
03:000043A6 2F00            	  6288: 	MOVE.l	d0,-(sp)		* copy to stack
03:000043A8 6100F540        	  6289: 	BSR		LAB_1C01		* scan for "," , else do syntax error/warm start
03:000043AC 6194            	  6290: 	BSR.s		LAB_GTBY		* get byte parameter, result in d0 and Itemp
03:000043AE 205F            	  6291: 	MOVEA.l	(sp)+,a0		* pull address
03:000043B0 4E75            	  6292: 	RTS
                            	  6293: 
                            	  6294: * get two parameters for DOKE or WAITW, first parameter in a0, second in d0
                            	  6295: 
                            	  6296: LAB_GADW
03:000043B2 611E            	  6297: 	BSR.s		LAB_GEAD		* get even address (for word/long memory actions)
                            	  6298: 						* address returned in d0 and on the stack
03:000043B4 6100F534        	  6299: 	BSR		LAB_1C01		* scan for "," , else do syntax error/warm start
03:000043B8 6100F35C        	  6300: 	BSR		LAB_EVNM		* evaluate expression & check is numeric,
                            	  6301: 						* else do type mismatch
03:000043BC 6100F8C4        	  6302: 	BSR		LAB_EVIR		* evaluate integer expression
                            	  6303: 						* result in d0 and Itemp
03:000043C0 4840            	  6304: 	SWAP		d0			* swap words
03:000043C2 4A40            	  6305: 	TST.w		d0			* test high word
03:000043C4 6706            	  6306: 	BEQ.s		LAB_XGADW		* exit if null
                            	  6307: 
03:000043C6 5240            	  6308: 	ADDQ.w	#1,d0			* increment word
03:000043C8 6600E7F6        	  6309: 	BNE		LAB_FCER		* if <> 0 do function call error/warm start
                            	  6310: 
                            	  6311: LAB_XGADW
03:000043CC 4840            	  6312: 	SWAP		d0			* swap words back
03:000043CE 205F            	  6313: 	MOVEA.l	(sp)+,a0		* pull address
03:000043D0 4E75            	  6314: 	RTS
                            	  6315: 
                            	  6316: * get even address (for word or longword memory actions)
                            	  6317: * address returned in d0 and on the stack
                            	  6318: * does address error if the address is odd
                            	  6319: 
                            	  6320: LAB_GEAD
03:000043D2 6100F342        	  6321: 	BSR		LAB_EVNM		* evaluate expression & check is numeric,
                            	  6322: 						* else do type mismatch
03:000043D6 61000602        	  6323: 	BSR		LAB_2831		* convert FAC1 floating-to-fixed
                            	  6324: 						* result in d0 and Itemp
03:000043DA 08000000        	  6325: 	BTST		#0,d0			* test low bit of longword
03:000043DE 6600E79C        	  6326: 	BNE		LAB_ADER		* if address is odd do address error/warm start
                            	  6327: 
03:000043E2 205F            	  6328: 	MOVEA.l	(sp)+,a0		* copy return address
03:000043E4 2F00            	  6329: 	MOVE.l	d0,-(sp)		* address on stack
03:000043E6 2F08            	  6330: 	MOVE.l	a0,-(sp)		* put return address back
03:000043E8 4E75            	  6331: 	RTS
                            	  6332: 
                            	  6333: * perform PEEK()
                            	  6334: 
                            	  6335: LAB_PEEK
03:000043EA 610005EE        	  6336: 	BSR		LAB_2831		* convert FAC1 floating-to-fixed
                            	  6337: 						* result in d0 and Itemp
03:000043EE 2040            	  6338: 	MOVEA.l	d0,a0			* copy to address register
03:000043F0 1010            	  6339: 	MOVE.b	(a0),d0		* get byte
03:000043F2 6000FAB8        	  6340: 	BRA		LAB_1FD0		* convert d0 to unsigned byte in FAC1 & return
                            	  6341: 
                            	  6342: * perform POKE
                            	  6343: 
                            	  6344: LAB_POKE
03:000043F6 61A6            	  6345: 	BSR.s		LAB_GADB		* get two parameters for POKE or WAIT
                            	  6346: 						* first parameter in a0, second in d0
03:000043F8 1080            	  6347: 	MOVE.b	d0,(a0)		* put byte in memory
03:000043FA 4E75            	  6348: 	RTS
                            	  6349: 
                            	  6350: * perform DEEK()
                            	  6351: 
                            	  6352: LAB_DEEK
03:000043FC 610005DC        	  6353: 	BSR		LAB_2831		* convert FAC1 floating-to-fixed
                            	  6354: 						* result in d0 and Itemp
03:00004400 08000000        	  6355: 	BTST		#0,d0			* test low bit of longword
03:00004404 6600E776        	  6356: 	BNE		LAB_ADER		* if address is odd do address error/warm start
                            	  6357: 
03:00004408 C188            	  6358: 	EXG		d0,a0			* copy to address register
03:0000440A 7000            	  6359: 	MOVEQ		#0,d0			* clear top bits
03:0000440C 3010            	  6360: 	MOVE.w	(a0),d0		* get word
03:0000440E 6000FA74        	  6361: 	BRA		LAB_AYFC		* convert d0 to signed longword in FAC1 & return
                            	  6362: 
                            	  6363: * perform LEEK()
                            	  6364: 
                            	  6365: LAB_LEEK
03:00004412 610005C6        	  6366: 	BSR		LAB_2831		* convert FAC1 floating-to-fixed
                            	  6367: 						* result in d0 and Itemp
03:00004416 08000000        	  6368: 	BTST		#0,d0			* test low bit of longword
03:0000441A 6600E760        	  6369: 	BNE		LAB_ADER		* if address is odd do address error/warm start
                            	  6370: 
03:0000441E C188            	  6371: 	EXG		d0,a0			* copy to address register
03:00004420 2010            	  6372: 	MOVE.l	(a0),d0		* get word
03:00004422 6000FA60        	  6373: 	BRA		LAB_AYFC		* convert d0 to signed longword in FAC1 & return
                            	  6374: 
                            	  6375: * perform DOKE
                            	  6376: 
                            	  6377: LAB_DOKE
03:00004426 618A            	  6378: 	BSR.s		LAB_GADW		* get two parameters for DOKE or WAIT
                            	  6379: 						* first parameter in a0, second in d0
03:00004428 3080            	  6380: 	MOVE.w	d0,(a0)		* put word in memory
03:0000442A 4E75            	  6381: 	RTS
                            	  6382: 
                            	  6383: * perform LOKE
                            	  6384: 
                            	  6385: LAB_LOKE
03:0000442C 61A4            	  6386: 	BSR.s		LAB_GEAD		* get even address
                            	  6387: 						* address returned in d0 and on the stack
03:0000442E 6100F4BA        	  6388: 	BSR		LAB_1C01		* scan for "," , else do syntax error/warm start
03:00004432 6100F2E2        	  6389: 	BSR		LAB_EVNM		* evaluate expression & check is numeric,
                            	  6390: 						* else do type mismatch
03:00004436 6100F84A        	  6391: 	BSR		LAB_EVIR		* evaluate integer value (no sign check)
03:0000443A 205F            	  6392: 	MOVEA.l	(sp)+,a0		* pull address
03:0000443C 2080            	  6393: 	MOVE.l	d0,(a0)		* put longword in memory
                            	  6394: RTS_015
03:0000443E 4E75            	  6395: 	RTS
                            	  6396: 
                            	  6397: * perform SWAP
                            	  6398: 
                            	  6399: LAB_SWAP
03:00004440 6100F6CA        	  6400: 	BSR		LAB_GVAR		* get var1 address
                            	  6401: 						* return pointer to variable in Cvaral and a0
03:00004444 2648            	  6402: 	MOVEA.l	a0,a3			* copy address
03:00004446 163900E805BD    	  6403: 	MOVE.b	Dtypef,d3		* get data type, $80=string, $40=inetger $00=float
                            	  6404: 
03:0000444C 6100F49C        	  6405: 	BSR		LAB_1C01		* scan for "," , else do syntax error/warm start
03:00004450 6100F6BA        	  6406: 	BSR		LAB_GVAR		* get var2 address (pointer in Cvaral/h)
                            	  6407: 						* return pointer to variable in Cvaral and a0
03:00004454 B63900E805BD    	  6408: 	CMP.b		Dtypef,d3		* compare with var2 data type
03:0000445A 6600E744        	  6409: 	BNE		LAB_TMER		* if not both the same type do "Type mismatch"
                            	  6410: 						* error then warm start
                            	  6411: 
03:0000445E 2010            	  6412: 	MOVE.l	(a0),d0		* get var2
03:00004460 2093            	  6413: 	MOVE.l	(a3),(a0)		* copy var1 to var2
03:00004462 2680            	  6414: 	MOVE.l	d0,(a3)		* save var2 to var1
                            	  6415: 
03:00004464 4A03            	  6416: 	TST.b		d3			* check data type
03:00004466 6AD6            	  6417: 	BPL.s		RTS_015		* exit if not string
                            	  6418: 
03:00004468 30280004        	  6419: 	MOVE.w	4(a0),d0		* get string 2 length
03:0000446C 316B00040004    	  6420: 	MOVE.w	4(a3),4(a0)		* copy string 1 length to string 2 length
03:00004472 37400004        	  6421: 	MOVE.w	d0,4(a3)		* save string 2 length to string 1 length
03:00004476 4E75            	  6422: 	RTS
                            	  6423: 
                            	  6424: * perform CALL
                            	  6425: 
                            	  6426: LAB_CALL
03:00004478 6100F29C        	  6427: 	BSR		LAB_EVNM		* evaluate expression & check is numeric,
                            	  6428: 						* else do type mismatch
03:0000447C 6100055C        	  6429: 	BSR		LAB_2831		* convert FAC1 floating-to-fixed
                            	  6430: 						* result in d0 and Itemp
03:00004480 487AF472        	  6431: 	PEA		(LAB_GBYT,PC)	* put return address on stack
03:00004484 2040            	  6432: 	MOVEA.l	d0,a0			* address into address register
03:00004486 4ED0            	  6433: 	JMP		(a0)			* do indirect jump to user routine
                            	  6434: 
                            	  6435: * if the called routine exits correctly then it will return via the get byte routine.
                            	  6436: * this will then get the next byte for the interpreter and return
                            	  6437: 
                            	  6438: * perform WAIT
                            	  6439: 
                            	  6440: LAB_WAIT
03:00004488 6100FF14        	  6441: 	BSR		LAB_GADB		* get two parameters for POKE or WAIT
                            	  6442: 						* first parameter in a0, second in d0
03:0000448C 2F08            	  6443: 	MOVE.l	a0,-(sp)		* save address
03:0000448E 3F00            	  6444: 	MOVE.w	d0,-(sp)		* save byte
03:00004490 7400            	  6445: 	MOVEQ		#0,d2			* clear mask
03:00004492 6100F460        	  6446: 	BSR		LAB_GBYT		* scan memory
03:00004496 6706            	  6447: 	BEQ.s		LAB_2441		* skip if no third argument
                            	  6448: 
03:00004498 6100FE9E        	  6449: 	BSR		LAB_SCGB		* scan for "," & get byte,
                            	  6450: 						* else do syntax error/warm start
03:0000449C 2400            	  6451: 	MOVE.l	d0,d2			* copy mask
                            	  6452: LAB_2441
03:0000449E 321F            	  6453: 	MOVE.w	(sp)+,d1		* get byte
03:000044A0 205F            	  6454: 	MOVEA.l	(sp)+,a0		* get address
                            	  6455: LAB_2445
03:000044A2 1010            	  6456: 	MOVE.b	(a0),d0		* read memory byte
03:000044A4 B500            	  6457: 	EOR.b		d2,d0			* EOR with second argument (mask)
03:000044A6 C001            	  6458: 	AND.b		d1,d0			* AND with first argument (byte)
03:000044A8 67F8            	  6459: 	BEQ.s		LAB_2445		* loop if result is zero
                            	  6460: 
03:000044AA 4E75            	  6461: 	RTS
                            	  6462: 
                            	  6463: * perform subtraction, FAC1 from FAC2
                            	  6464: 
                            	  6465: LAB_SUBTRACT
03:000044AC 0A39008000E80599	  6466: 	EORI.b	#$80,FAC1_s		* complement FAC1 sign
03:000044B4 13F900E805A100E8	  6467: 	MOVE.b	FAC2_s,FAC_sc	* copy FAC2 sign byte
03:000044BC 05A2
                            	  6468: 
03:000044BE 103900E80599    	  6469: 	MOVE.b	FAC1_s,d0		* get FAC1 sign byte
03:000044C4 B13900E805A2    	  6470: 	EOR.b		d0,FAC_sc		* EOR with FAC2 sign
                            	  6471: 
03:000044CA 6008            	  6472: 	BRA.s		LAB_ADD		* go add FAC2 to FAC1
                            	  6473: 
                            	  6474: * add 0.5 to FAC1
                            	  6475: 
                            	  6476: LAB_244E
03:000044CC 41FA16A0        	  6477: 	LEA		(LAB_2A96,PC),a0	* set 0.5 pointer
                            	  6478: 
                            	  6479: * perform addition, add (a0) to FAC1
                            	  6480: 
                            	  6481: LAB_246C
03:000044D0 610002A6        	  6482: 	BSR		LAB_264D		* unpack memory (a0) into FAC2
                            	  6483: 
                            	  6484: * add FAC2 to FAC1
                            	  6485: 
                            	  6486: LAB_ADD
03:000044D4 103900E80598    	  6487: 	MOVE.b	FAC1_e,d0		* get exponent
03:000044DA 6700043A        	  6488: 	BEQ		LAB_279B		* FAC1 was zero so copy FAC2 to FAC1 & return
                            	  6489: 
                            	  6490: 						* FAC1 is non zero
03:000044DE 207C00E8059C    	  6491: 	MOVEA.l	#FAC2_m,a0		* set pointer1 to FAC2 mantissa
03:000044E4 103900E805A0    	  6492: 	MOVE.b	FAC2_e,d0		* get FAC2 exponent
03:000044EA 6756            	  6493: 	BEQ.s		RTS_016		* exit if zero
                            	  6494: 
03:000044EC 903900E80598    	  6495: 	SUB.b		FAC1_e,d0		* subtract FAC1 exponent
03:000044F2 6726            	  6496: 	BEQ.s		LAB_24A8		* branch if = (go add mantissa)
                            	  6497: 
03:000044F4 650E            	  6498: 	BCS.s		LAB_249C		* branch if FAC2 < FAC1
                            	  6499: 
                            	  6500: 						* FAC2 > FAC1
03:000044F6 33F900E805A000E8	  6501: 	MOVE.w	FAC2_e,FAC1_e	* copy sign and exponent of FAC2
03:000044FE 0598
03:00004500 4400            	  6502: 	NEG.b		d0			* negate exponent difference (make diff -ve)
03:00004502 5148            	  6503: 	SUBQ.w	#8,a0			* pointer1 to FAC1
                            	  6504: 
                            	  6505: LAB_249C
03:00004504 4400            	  6506: 	NEG.b		d0			* negate exponent difference (make diff +ve)
03:00004506 2F01            	  6507: 	MOVE.l	d1,-(sp)		* save d1
03:00004508 B03C0020        	  6508: 	CMP.b		#32,d0		* compare exponent diff with 32
03:0000450C 6D04            	  6509: 	BLT.s		LAB_2467		* branch if range >= 32
                            	  6510: 
03:0000450E 7200            	  6511: 	MOVEQ		#0,d1			* clear d1
03:00004510 6004            	  6512: 	BRA.s		LAB_2468		* go clear smaller mantissa
                            	  6513: 
                            	  6514: LAB_2467
03:00004512 2210            	  6515: 	MOVE.l	(a0),d1		* get FACx mantissa
03:00004514 E0A9            	  6516: 	LSR.l		d0,d1			* shift d0 times right
                            	  6517: LAB_2468
03:00004516 2081            	  6518: 	MOVE.l	d1,(a0)		* save it back
03:00004518 221F            	  6519: 	MOVE.l	(sp)+,d1		* restore d1
                            	  6520: 
                            	  6521: 						* exponents are equal now do mantissa add/subtract
                            	  6522: LAB_24A8
03:0000451A 4A3900E805A2    	  6523: 	TST.b		FAC_sc		* test sign compare (FAC1 EOR FAC2)
03:00004520 6B22            	  6524: 	BMI.s		LAB_24F8		* if <> go do subtract
                            	  6525: 
03:00004522 203900E8059C    	  6526: 	MOVE.l	FAC2_m,d0		* get FAC2 mantissa
03:00004528 D0B900E80594    	  6527: 	ADD.l		FAC1_m,d0		* add FAC1 mantissa
03:0000452E 640C            	  6528: 	BCC.s		LAB_24F7		* save and exit if no carry (FAC1 is normal)
                            	  6529: 
03:00004530 E290            	  6530: 	ROXR.l	#1,d0			* else shift carry back into mantissa
03:00004532 523900E80598    	  6531: 	ADDQ.b	#1,FAC1_e		* increment FAC1 exponent
03:00004538 6500E682        	  6532: 	BCS		LAB_OFER		* if carry do overflow error & warm start
                            	  6533: 
                            	  6534: LAB_24F7
03:0000453C 23C000E80594    	  6535: 	MOVE.l	d0,FAC1_m		* save mantissa
                            	  6536: RTS_016
03:00004542 4E75            	  6537: 	RTS
                            	  6538: 						* signs are different
                            	  6539: LAB_24F8
03:00004544 227C00E80594    	  6540: 	MOVEA.l	#FAC1_m,a1		* pointer 2 to FAC1
03:0000454A B3C8            	  6541: 	CMPA.l	a0,a1			* compare pointers
03:0000454C 6602            	  6542: 	BNE.s		LAB_24B4		* branch if <>
                            	  6543: 
03:0000454E 5049            	  6544: 	ADDQ.w	#8,a1			* else pointer2 to FAC2
                            	  6545: 
                            	  6546: 						* take smaller from bigger (take sign of bigger)
                            	  6547: LAB_24B4
03:00004550 2011            	  6548: 	MOVE.l	(a1),d0		* get larger mantissa
03:00004552 2210            	  6549: 	MOVE.l	(a0),d1		* get smaller mantissa
03:00004554 23C000E80594    	  6550: 	MOVE.l	d0,FAC1_m		* save larger mantissa
03:0000455A 93B900E80594    	  6551: 	SUB.l		d1,FAC1_m		* subtract smaller
                            	  6552: 
                            	  6553: * do +/- (carry is sign) & normalise FAC1
                            	  6554: 
                            	  6555: LAB_24D0
03:00004560 640C            	  6556: 	BCC.s		LAB_24D5		* branch if result is +ve
                            	  6557: 
                            	  6558: 						* erk! subtract wrong way round, negate everything
03:00004562 463900E80599    	  6559: 	EORI.b	#$FF,FAC1_s		* complement FAC1 sign
03:00004568 44B900E80594    	  6560: 	NEG.l		FAC1_m		* negate FAC1 mantissa
                            	  6561: 
                            	  6562: * normalise FAC1
                            	  6563: 
                            	  6564: LAB_24D5
03:0000456E 203900E80594    	  6565: 	MOVE.l	FAC1_m,d0		* get mantissa
03:00004574 6B36            	  6566: 	BMI.s		LAB_24DA		* mantissa is normal so just exit
                            	  6567: 
03:00004576 6608            	  6568: 	BNE.s		LAB_24D9		* mantissa is not zero so go normalise FAC1
                            	  6569: 
03:00004578 33C000E80598    	  6570: 	MOVE.w	d0,FAC1_e		* else make FAC1 = +zero
03:0000457E 4E75            	  6571: 	RTS
                            	  6572: 
                            	  6573: LAB_24D9
03:00004580 2F01            	  6574: 	MOVE.l	d1,-(sp)		* save d1
03:00004582 2200            	  6575: 	MOVE.l	d0,d1			* mantissa to d1
03:00004584 7000            	  6576: 	MOVEQ		#0,d0			* clear d0
03:00004586 103900E80598    	  6577: 	MOVE.b	FAC1_e,d0		* get exponent byte
03:0000458C 6716            	  6578: 	BEQ.s		LAB_24D8		* if exponent is zero then clean up and exit
                            	  6579: LAB_24D6
03:0000458E D281            	  6580: 	ADD.l		d1,d1			* shift mantissa (ADD is quicker for single shift)
03:00004590 5BC8FFFC        	  6581: 	DBMI		d0,LAB_24D6		* decrement exponent and loop if mantissa and
                            	  6582: 						* exponent +ve
                            	  6583: 
03:00004594 4A40            	  6584: 	TST.w		d0			* test exponent
03:00004596 670C            	  6585: 	BEQ.s		LAB_24D8		* if exponent is zero make FAC1 zero
                            	  6586: 
03:00004598 6A02            	  6587: 	BPL.s		LAB_24D7		* if exponent is >zero go save FAC1
                            	  6588: 
03:0000459A 7001            	  6589: 	MOVEQ		#1,d0			* else set for zero after correction
                            	  6590: LAB_24D7
03:0000459C 5300            	  6591: 	SUBQ.b	#1,d0			* adjust exponent for loop
03:0000459E 23C100E80594    	  6592: 	MOVE.l	d1,FAC1_m		* save normalised mantissa
                            	  6593: LAB_24D8
03:000045A4 221F            	  6594: 	MOVE.l	(sp)+,d1		* restore d1
03:000045A6 13C000E80598    	  6595: 	MOVE.b	d0,FAC1_e		* save corrected exponent
                            	  6596: LAB_24DA
03:000045AC 4E75            	  6597: 	RTS
                            	  6598: 
                            	  6599: * perform LOG()
                            	  6600: 
                            	  6601: LAB_LOG
03:000045AE 4A3900E80599    	  6602: 	TST.b		FAC1_s		* test sign
03:000045B4 6B00E60A        	  6603: 	BMI		LAB_FCER		* if -ve do function call error/warm start
                            	  6604: 
03:000045B8 7E00            	  6605: 	MOVEQ		#0,d7			* clear d7
03:000045BA 13C700E805A2    	  6606: 	MOVE.b	d7,FAC_sc		* clear sign compare
03:000045C0 1E3900E80598    	  6607: 	MOVE.b	FAC1_e,d7		* get exponent
03:000045C6 6700E5F8        	  6608: 	BEQ		LAB_FCER		* if 0 do function call error/warm start
                            	  6609: 
03:000045CA 9EBC00000081    	  6610: 	SUB.l		#$81,d7		* normalise exponent
03:000045D0 13FC008100E80598	  6611: 	MOVE.b	#$81,FAC1_e		* force a value between 1 and 2
03:000045D8 2C3900E80594    	  6612: 	MOVE.l	FAC1_m,d6		* copy mantissa
                            	  6613: 
03:000045DE 23FC8000000000E8	  6614: 	MOVE.l	#$80000000,FAC2_m	* set mantissa for 1
03:000045E6 059C
03:000045E8 33FC810000E805A0	  6615: 	MOVE.w	#$8100,FAC2_e	* set exponent for 1
03:000045F0 6100FEE2        	  6616: 	BSR		LAB_ADD		* find arg+1
03:000045F4 7000            	  6617: 	MOVEQ		#0,d0			* setup for calc skip
03:000045F6 33C000E805A0    	  6618: 	MOVE.w	d0,FAC2_e		* set FAC1 for zero result
03:000045FC DC86            	  6619: 	ADD.l		d6,d6			* shift 1 bit out
03:000045FE 23C600E8059C    	  6620: 	MOVE.l	d6,FAC2_m		* put back FAC2
03:00004604 6760            	  6621: 	BEQ.s		LAB_LONN		* if 0 skip calculation
                            	  6622: 
03:00004606 33FC800000E805A0	  6623: 	MOVE.w	#$8000,FAC2_e	* set exponent for .5
03:0000460E 610001D4        	  6624: 	BSR		LAB_DIVIDE		* do (arg-1)/(arg+1)
03:00004612 4A3900E80598    	  6625: 	TST.b		FAC1_e		* test exponent
03:00004618 674C            	  6626: 	BEQ.s		LAB_LONN		* if 0 skip calculation
                            	  6627: 
03:0000461A 123900E80598    	  6628: 	MOVE.b	FAC1_e,d1		* get exponent
03:00004620 923C0082        	  6629: 	SUB.b		#$82,d1		* normalise and two integer bits
03:00004624 4401            	  6630: 	NEG.b		d1			* negate for shift
                            	  6631: **	CMP.b		#$1F,d1		* will mantissa vanish?
                            	  6632: **	BGT.s		LAB_dunno		* if so do ???
                            	  6633: 
03:00004626 203900E80594    	  6634: 	MOVE.l	FAC1_m,d0		* get mantissa
03:0000462C E2A8            	  6635: 	LSR.l		d1,d0			* shift in two integer bits
                            	  6636: 
                            	  6637: * d0 = arg
                            	  6638: * d0 = x, d1 = y
                            	  6639: * d2 = x1, d3 = y1
                            	  6640: * d4 = shift count
                            	  6641: * d5 = loop count
                            	  6642: * d6 = z
                            	  6643: * a0 = table pointer
                            	  6644: 
03:0000462E 7C00            	  6645: 	MOVEQ		#0,d6			* z = 0
03:00004630 223C40000000    	  6646: 	MOVE.l	#1<<30,d1		* y = 1
03:00004636 307C5964        	  6647: 	MOVEA.l	#TAB_HTHET,a0	* pointer to hyperbolic tangent table
03:0000463A 7A1E            	  6648: 	MOVEQ		#30,d5		* loop 31 times
03:0000463C 7801            	  6649: 	MOVEQ		#1,d4			* set shift count
03:0000463E 6006            	  6650: 	BRA.s		LAB_LOCC		* entry point for loop
                            	  6651: 
                            	  6652: LAB_LAAD
03:00004640 E8A2            	  6653: 	ASR.l		d4,d2			* x1 >> i
03:00004642 9282            	  6654: 	SUB.l		d2,d1			* y = y - x1
03:00004644 DC90            	  6655: 	ADD.l		(a0),d6		* z = z + tanh(i)
                            	  6656: LAB_LOCC
03:00004646 2400            	  6657: 	MOVE.l	d0,d2			* x1 = x
03:00004648 2601            	  6658: 	MOVE.l	d1,d3			* y1 = Y
03:0000464A E8A3            	  6659: 	ASR.l		d4,d3			* y1 >> i
03:0000464C 6402            	  6660: 	BCC.s		LAB_LOLP
                            	  6661: 
03:0000464E 5283            	  6662: 	ADDQ.l	#1,d3
                            	  6663: LAB_LOLP
03:00004650 9083            	  6664: 	SUB.l		d3,d0			* x = x - y1
03:00004652 6AEC            	  6665: 	BPL.s		LAB_LAAD		* branch if > 0
                            	  6666: 
03:00004654 2002            	  6667: 	MOVE.l	d2,d0			* get x back
03:00004656 5848            	  6668: 	ADDQ.w	#4,a0			* next entry
03:00004658 5284            	  6669: 	ADDQ.l	#1,d4			* next i
03:0000465A E28B            	  6670: 	LSR.l		#1,d3			* /2
03:0000465C 6704            	  6671: 	BEQ.s		LAB_LOCX		* branch y1 = 0
                            	  6672: 
03:0000465E 51CDFFF0        	  6673: 	DBF		d5,LAB_LOLP		* decrement and loop if not done
                            	  6674: 
                            	  6675: 						* now sort out the result
                            	  6676: LAB_LOCX
03:00004662 DC86            	  6677: 	ADD.l		d6,d6			* *2
03:00004664 2006            	  6678: 	MOVE.l	d6,d0			* setup for d7 = 0
                            	  6679: LAB_LONN
03:00004666 2800            	  6680: 	MOVE.l	d0,d4			* save cordic result
03:00004668 7A00            	  6681: 	MOVEQ		#0,d5			* set default exponent sign
03:0000466A 4A87            	  6682: 	TST.l		d7			* check original exponent sign
03:0000466C 6718            	  6683: 	BEQ.s		LAB_LOXO		* branch if original was 0
                            	  6684: 
03:0000466E 6A04            	  6685: 	BPL.s		LAB_LOXP		* branch if was +ve
                            	  6686: 
03:00004670 4487            	  6687: 	NEG.l		d7			* make original exponent +ve
03:00004672 7A80            	  6688: 	MOVEQ		#$80-$100,d5	* make sign -ve
                            	  6689: LAB_LOXP
03:00004674 13C500E80599    	  6690: 	MOVE.b	d5,FAC1_s		* save original exponent sign
03:0000467A 4847            	  6691: 	SWAP		d7			* 16 bit shift
03:0000467C E18F            	  6692: 	LSL.l		#8,d7			* easy first part
03:0000467E 7A88            	  6693: 	MOVEQ		#$88-$100,d5	* start with byte
                            	  6694: LAB_LONE
03:00004680 5385            	  6695: 	SUBQ.l	#1,d5			* decrement exponent
03:00004682 DE87            	  6696: 	ADD.l		d7,d7			* shift mantissa
03:00004684 6AFA            	  6697: 	BPL.s		LAB_LONE		* loop if not normal
                            	  6698: 
                            	  6699: LAB_LOXO
03:00004686 23C700E80594    	  6700: 	MOVE.l	d7,FAC1_m		* save original exponent as mantissa
03:0000468C 13C500E80598    	  6701: 	MOVE.b	d5,FAC1_e		* save exponent for this
03:00004692 23FCB17217F800E8	  6702: 	MOVE.l	#$B17217F8,FAC2_m	* LOG(2) mantissa
03:0000469A 059C
03:0000469C 33FC800000E805A0	  6703: 	MOVE.w	#$8000,FAC2_e	* LOG(2) exponent & sign
03:000046A4 13F900E8059900E8	  6704: 	MOVE.b	FAC1_s,FAC_sc	* make sign compare = FAC1 sign
03:000046AC 05A2
03:000046AE 6120            	  6705: 	BSR.s		LAB_MULTIPLY	* do multiply
03:000046B0 23C400E8059C    	  6706: 	MOVE.l	d4,FAC2_m		* save cordic result
03:000046B6 6716            	  6707: 	BEQ.s		LAB_LOWZ		* branch if zero
                            	  6708: 
03:000046B8 33FC820000E805A0	  6709: 	MOVE.w	#$8200,FAC2_e	* set exponent & sign
03:000046C0 13F900E8059900E8	  6710: 	MOVE.b	FAC1_s,FAC_sc	* clear sign compare
03:000046C8 05A2
03:000046CA 6100FE08        	  6711: 	BSR		LAB_ADD		* and add for final result
                            	  6712: 
                            	  6713: LAB_LOWZ
03:000046CE 4E75            	  6714: 	RTS
                            	  6715: 
                            	  6716: * multiply FAC1 by FAC2
                            	  6717: 
                            	  6718: LAB_MULTIPLY
03:000046D0 48E7F800        	  6719: 	MOVEM.l	d0-d4,-(sp)		* save registers
03:000046D4 4A3900E80598    	  6720: 	TST.b		FAC1_e		* test FAC1 exponent
03:000046DA 6700008C        	  6721: 	BEQ		LAB_MUUF		* if exponent zero go make result zero
                            	  6722: 
03:000046DE 103900E805A0    	  6723: 	MOVE.b	FAC2_e,d0		* get FAC2 exponent
03:000046E4 67000082        	  6724: 	BEQ		LAB_MUUF		* if exponent zero go make result zero
                            	  6725: 
03:000046E8 13F900E805A200E8	  6726: 	MOVE.b	FAC_sc,FAC1_s	* sign compare becomes sign
03:000046F0 0599
                            	  6727: 
03:000046F2 D03900E80598    	  6728: 	ADD.b		FAC1_e,d0		* multiply exponents by adding
03:000046F8 640A            	  6729: 	BCC.s		LAB_MNOC		* branch if no carry
                            	  6730: 
03:000046FA 903C0080        	  6731: 	SUB.b		#$80,d0		* normalise result
03:000046FE 6400E4BC        	  6732: 	BCC		LAB_OFER		* if no carry do overflow
                            	  6733: 
03:00004702 6006            	  6734: 	BRA.s		LAB_MADD		* branch
                            	  6735: 
                            	  6736: 						* no carry for exponent add
                            	  6737: LAB_MNOC
03:00004704 903C0080        	  6738: 	SUB.b		#$80,d0		* normalise result
03:00004708 655E            	  6739: 	BCS		LAB_MUUF		* return zero if underflow
                            	  6740: 
                            	  6741: LAB_MADD
03:0000470A 13C000E80598    	  6742: 	MOVE.b	d0,FAC1_e		* save exponent
                            	  6743: 
                            	  6744: 						* d1 (FAC1) x d2 (FAC2)
03:00004710 223900E80594    	  6745: 	MOVE.l	FAC1_m,d1		* get FAC1 mantissa
03:00004716 243900E8059C    	  6746: 	MOVE.l	FAC2_m,d2		* get FAC2 mantissa
                            	  6747: 
03:0000471C 3801            	  6748: 	MOVE.w	d1,d4			* copy low word FAC1
03:0000471E 2001            	  6749: 	MOVE.l	d1,d0			* copy long word FAC1
03:00004720 4840            	  6750: 	SWAP		d0			* high word FAC1 to low word FAC1
03:00004722 3600            	  6751: 	MOVE.w	d0,d3			* copy high word FAC1
                            	  6752: 
03:00004724 C2C2            	  6753: 	MULU		d2,d1			* low word FAC2 x low word FAC1
03:00004726 C0C2            	  6754: 	MULU		d2,d0			* low word FAC2 x high word FAC1
03:00004728 4842            	  6755: 	SWAP		d2			* high word FAC2 to low word FAC2
03:0000472A C8C2            	  6756: 	MULU		d2,d4			* high word FAC2 x low word FAC1
03:0000472C C6C2            	  6757: 	MULU		d2,d3			* high word FAC2 x high word FAC1
                            	  6758: 
                            	  6759: * done multiply, now add partial products
                            	  6760: 
                            	  6761: *			d1 =					aaaa  ----	FAC2_L x FAC1_L
                            	  6762: *			d0 =				bbbb  aaaa		FAC2_L x FAC1_H
                            	  6763: *			d4 =				bbbb  aaaa		FAC2_H x FAC1_L
                            	  6764: *			d3 =			cccc  bbbb			FAC2_H x FAC1_H
                            	  6765: *			product =		mmmm  mmmm
                            	  6766: 
03:0000472E D2BC00008000    	  6767: 	ADD.L		#$8000,d1		* round up lowest word
03:00004734 4241            	  6768: 	CLR.w		d1			* clear low word, don't need it
03:00004736 4841            	  6769: 	SWAP		d1			* align high word
03:00004738 D280            	  6770: 	ADD.l		d0,d1			* add FAC2_L x FAC1_H (can't be carry)
                            	  6771: LAB_MUF1
03:0000473A D284            	  6772: 	ADD.l		d4,d1			* now add intermediate (FAC2_H x FAC1_L)
03:0000473C 6406            	  6773: 	BCC.s		LAB_MUF2		* branch if no carry
                            	  6774: 
03:0000473E D6BC00010000    	  6775: 	ADD.l		#$10000,d3		* else correct result
                            	  6776: LAB_MUF2
03:00004744 D2BC00008000    	  6777: 	ADD.l		#$8000,d1		* round up low word
03:0000474A 4241            	  6778: 	CLR.w		d1			* clear low word
03:0000474C 4841            	  6779: 	SWAP		d1			* align for final add
03:0000474E D283            	  6780: 	ADD.l		d3,d1			* add FAC2_H x FAC1_H, result
03:00004750 6B0A            	  6781: 	BMI.s		LAB_MUF3		* branch if normalisation not needed
                            	  6782: 
03:00004752 D281            	  6783: 	ADD.l		d1,d1			* shift mantissa
03:00004754 533900E80598    	  6784: 	SUBQ.b	#1,FAC1_e		* adjust exponent
03:0000475A 670C            	  6785: 	BEQ.s		LAB_MUUF		* branch if underflow
                            	  6786: 
                            	  6787: LAB_MUF3
03:0000475C 23C100E80594    	  6788: 	MOVE.l	d1,FAC1_m		* save mantissa
                            	  6789: LAB_MUEX
03:00004762 4CDF001F        	  6790: 	MOVEM.l	(sp)+,d0-d4		* restore registers
03:00004766 4E75            	  6791: 	RTS
                            	  6792: 						* either zero or underflow result
                            	  6793: LAB_MUUF
03:00004768 7000            	  6794: 	MOVEQ		#0,d0			* quick clear
03:0000476A 23C000E80594    	  6795: 	MOVE.l	d0,FAC1_m		* clear mantissa
03:00004770 33C000E80598    	  6796: 	MOVE.w	d0,FAC1_e		* clear sign and exponent
03:00004776 60EA            	  6797: 	BRA.s		LAB_MUEX		* restore regs & exit
                            	  6798: 
                            	  6799: * unpack memory (a0) into FAC2, trashes d0
                            	  6800: 
                            	  6801: LAB_264D
03:00004778 2010            	  6802: 	MOVE.l	(a0),d0		* get value
03:0000477A 4840            	  6803: 	SWAP		d0			* exponent and sign to bits 0-15
03:0000477C 33C000E805A0    	  6804: 	MOVE.w	d0,FAC2_e		* save FAC2 exponent & sign
03:00004782 13C000E805A2    	  6805: 	MOVE.b	d0,FAC_sc		* save sign as sign compare
03:00004788 803C0080        	  6806: 	OR.b		#$80,d0		* restore MSb
03:0000478C 4840            	  6807: 	SWAP		d0			* swap words back
                            	  6808: 
03:0000478E E180            	  6809: 	ASL.l		#8,d0			* shift exponent & clear guard byte
03:00004790 23C000E8059C    	  6810: 	MOVE.l	d0,FAC2_m		* move into FAC2
                            	  6811: 
03:00004796 103900E80599    	  6812: 	MOVE.b	FAC1_s,d0		* get FAC1 sign
03:0000479C B13900E805A2    	  6813: 	EOR.b		d0,FAC_sc		* make sign compare (FAC1_s EOR FAC2_s)
                            	  6814: 
03:000047A2 4E75            	  6815: 	RTS
                            	  6816: 
                            	  6817: * multiply by 10
                            	  6818: 
                            	  6819: LAB_269E
03:000047A4 4A3900E80598    	  6820: 	TST.b		FAC1_e		* test exponent byte
03:000047AA 6734            	  6821: 	BEQ.s		x10exit		* exit if zero
                            	  6822: 
03:000047AC 2F00            	  6823: 	MOVE.l	d0,-(sp)		* save d0	
03:000047AE 203900E80594    	  6824: 	MOVE.l	FAC1_m,d0		* get FAC1
03:000047B4 E488            	  6825: 	LSR.l		#2,d0			* /4
03:000047B6 6402            	  6826: 	BCC.s		x10nornd		* if no carry don't round up
                            	  6827: 
03:000047B8 5280            	  6828: 	ADDQ.l	#1,d0			* round up least bit, there won't be any carry
                            	  6829: x10nornd
03:000047BA D0B900E80594    	  6830: 	ADD.l		FAC1_m,d0		* add FAC1 (x1.125)
03:000047C0 640C            	  6831: 	BCC.s		x10exp		* branch if no carry
                            	  6832: 
03:000047C2 E290            	  6833: 	ROXR.l	#1,d0			* shift carry back in
03:000047C4 523900E80598    	  6834: 	ADDQ.b	#1,FAC1_e		* increment exponent
03:000047CA 6500E3F0        	  6835: 	BCS		LAB_OFER		* branch if overflow
                            	  6836: 
                            	  6837: x10exp
03:000047CE 23C000E80594    	  6838: 	MOVE.l	d0,FAC1_m		* save new mantissa
03:000047D4 563900E80598    	  6839: 	ADDQ.b	#3,FAC1_e		* correct exponent ( 8 x 1.125 = 10 )
03:000047DA 6500E3E0        	  6840: 	BCS		LAB_OFER		* branch if overflow
                            	  6841: 
03:000047DE 201F            	  6842: 	MOVE.l	(sp)+,d0		* restore d0	
                            	  6843: x10exit
03:000047E0 4E75            	  6844: 	RTS
                            	  6845: 
                            	  6846: * convert a0 and do (a0)/FAC1
                            	  6847: 
                            	  6848: LAB_26CA
03:000047E2 6194            	  6849: 	BSR		LAB_264D		* unpack memory (a0) into FAC2, trashes d0
                            	  6850: 
                            	  6851: * do FAC2/FAC1, result in FAC1
                            	  6852: * fast hardware version
                            	  6853: 
                            	  6854: LAB_DIVIDE
03:000047E4 2F07            	  6855: 	MOVE.l	d7,-(sp)		* save d7
03:000047E6 7000            	  6856: 	MOVEQ		#0,d0			* clear FAC2 exponent
03:000047E8 2400            	  6857: 	MOVE.l	d0,d2			* clear FAC1 exponent
                            	  6858: 
03:000047EA 143900E80598    	  6859: 	MOVE.b	FAC1_e,d2		* get FAC1 exponent
03:000047F0 6700E3B6        	  6860: 	BEQ		LAB_DZER		* if zero go do /0 error
                            	  6861: 
03:000047F4 103900E805A0    	  6862: 	MOVE.b	FAC2_e,d0		* get FAC2 exponent
03:000047FA 6778            	  6863: 	BEQ.s		LAB_DIV0		* if zero return zero
                            	  6864: 
03:000047FC 9042            	  6865: 	SUB.w		d2,d0			* get result exponent by subtracting
03:000047FE D07C0080        	  6866: 	ADD.w		#$80,d0		* correct 16 bit exponent result
                            	  6867: 
03:00004802 13F900E805A200E8	  6868: 	MOVE.b	FAC_sc,FAC1_s	* sign compare is result sign
03:0000480A 0599
                            	  6869: 
                            	  6870: * now to do 32/32 bit mantissa divide
                            	  6871: 
03:0000480C 423900E805A3    	  6872: 	CLR.b		flag			* clear 'flag' byte
03:00004812 263900E80594    	  6873: 	MOVE.l	FAC1_m,d3		* get FAC1 mantissa
03:00004818 283900E8059C    	  6874: 	MOVE.l	FAC2_m,d4		* get FAC2 mantissa
03:0000481E B883            	  6875: 	CMP.l		d3,d4			* compare FAC2 with FAC1 mantissa
03:00004820 674C            	  6876: 	BEQ.s		LAB_MAN1		* set mantissa result = 1 if equal
                            	  6877: 
03:00004822 6508            	  6878: 	BCS.s		AC1gtAC2		* branch if FAC1 > FAC2
                            	  6879: 
03:00004824 9883            	  6880: 	SUB.l		d3,d4			* subtract FAC1 from FAC2 (result now must be <1)
03:00004826 563900E805A3    	  6881: 	ADDQ.b	#3,flag		* FAC2>FAC1 so set 'flag' byte
                            	  6882: AC1gtAC2
03:0000482C 614C            	  6883: 	BSR.s		LAB_32_16		* do 32/16 divide
03:0000482E 4841            	  6884: 	SWAP		d1			* move 16 bit result to high word
03:00004830 2802            	  6885: 	MOVE.l	d2,d4			* copy remainder longword
03:00004832 6148            	  6886: 	BSR.s		LAB_3216		* do 32/16 divide again (skip copy d4 to d2)
03:00004834 84C5            	  6887: 	DIVU		d5,d2			* now divide remainder to make guard word
03:00004836 1E3900E805A3    	  6888: 	MOVE.b	flag,d7		* now normalise, get flag byte back
03:0000483C 6708            	  6889: 	BEQ.s		LAB_DIVX		* skip add if null
                            	  6890: 
                            	  6891: * else result was >1 so we need to add 1 to result mantissa and adjust exponent
                            	  6892: 
03:0000483E E20F            	  6893: 	LSR.b		#1,d7			* shift 1 into eXtend
03:00004840 E291            	  6894: 	ROXR.l	#1,d1			* shift extend result >>
03:00004842 E252            	  6895: 	ROXR.w	#1,d2			* shift extend guard word >>
03:00004844 5200            	  6896: 	ADDQ.b	#1,d0			* adjust exponent
                            	  6897: 
                            	  6898: * now round result to 32 bits
                            	  6899: 
                            	  6900: LAB_DIVX
03:00004846 D442            	  6901: 	ADD.w		d2,d2			* guard bit into eXtend bit
03:00004848 6408            	  6902: 	BCC.s		L_DIVRND		* branch if guard=0
                            	  6903: 
03:0000484A 5281            	  6904: 	ADDQ.l	#1,d1			* add guard to mantissa
03:0000484C 6404            	  6905: 	BCC.s		L_DIVRND		* branch if no overflow
                            	  6906: 
                            	  6907: LAB_SET1
03:0000484E E291            	  6908: 	ROXR.l	#1,d1			* shift extend result >>
03:00004850 5240            	  6909: 	ADDQ.w	#1,d0			* adjust exponent
                            	  6910: 
                            	  6911: 						* test for over/under flow
                            	  6912: L_DIVRND
03:00004852 3600            	  6913: 	MOVE.w	d0,d3			* copy exponent
03:00004854 6B1E            	  6914: 	BMI		LAB_DIV0		* if -ve return zero
                            	  6915: 
03:00004856 0243FF00        	  6916: 	ANDI.w	#$FF00,d3		* mask low byte
03:0000485A 6600E360        	  6917: 	BNE		LAB_OFER		* branch if overflow
                            	  6918: 
                            	  6919: 						* move result into FAC1
                            	  6920: LAB_XDIV
03:0000485E 2E1F            	  6921: 	MOVE.l	(sp)+,d7		* restore d7
03:00004860 13C000E80598    	  6922: 	MOVE.b	d0,FAC1_e		* save result exponent
03:00004866 23C100E80594    	  6923: 	MOVE.l	d1,FAC1_m		* save result mantissa
03:0000486C 4E75            	  6924: 	RTS
                            	  6925: 
                            	  6926: * FAC1 mantissa = FAC2 mantissa so set result mantissa
                            	  6927: 
                            	  6928: LAB_MAN1
03:0000486E 7201            	  6929: 	MOVEQ		#1,d1			* set bit
03:00004870 E2A9            	  6930: 	LSR.l		d1,d1			* bit into eXtend
03:00004872 60DA            	  6931: 	BRA.s		LAB_SET1		* set mantissa, adjust exponent and exit
                            	  6932: 
                            	  6933: * result is zero
                            	  6934: 
                            	  6935: LAB_DIV0
03:00004874 7000            	  6936: 	MOVEQ		#0,d0			* zero exponent & sign
03:00004876 2200            	  6937: 	MOVE.l	d0,d1			* zero mantissa
03:00004878 60E4            	  6938: 	BRA		LAB_XDIV		* exit divide
                            	  6939: 
                            	  6940: * divide 16 bits into 32, AB/Ex
                            	  6941: *
                            	  6942: * d4			AAAA	BBBB		* 32 bit numerator
                            	  6943: * d3			EEEE	xxxx		* 16 bit denominator
                            	  6944: *
                            	  6945: * returns -
                            	  6946: *
                            	  6947: * d1			xxxx	DDDD		* 16 bit result
                            	  6948: * d2				HHHH	IIII	* 32 bit remainder
                            	  6949: 
                            	  6950: LAB_32_16
03:0000487A 2404            	  6951: 	MOVE.l	d4,d2			* copy FAC2 mantissa		(AB)
                            	  6952: LAB_3216
03:0000487C 2A03            	  6953: 	MOVE.l	d3,d5			* copy FAC1 mantissa		(EF)
03:0000487E 4245            	  6954: 	CLR.w		d5			* clear low word d1		(Ex)
03:00004880 4845            	  6955: 	SWAP		d5			* swap high word to low word	(xE)
03:00004882 88C5            	  6956: 	DIVU		d5,d4			* do FAC2/FAC1 high word	(AB/E)
03:00004884 6802            	  6957: 	BVC.s		LAB_LT_1		* if no overflow DIV was ok
                            	  6958: 
03:00004886 78FF            	  6959: 	MOVEQ		#-1,d4		* else set default value
                            	  6960: 
                            	  6961: ; done the divide, now check the result, we have ...
                            	  6962: 
                            	  6963: * d3			EEEE	FFFF		* denominator copy
                            	  6964: * d5		0000	EEEE			* denominator high word
                            	  6965: * d2			AAAA	BBBB		* numerator copy
                            	  6966: * d4			MMMM	DDDD		* result MOD and DIV
                            	  6967: 
                            	  6968: LAB_LT_1
03:00004888 3C04            	  6969: 	MOVE.w	d4,d6			* copy 16 bit result
03:0000488A 3204            	  6970: 	MOVE.w	d4,d1			* copy 16 bit result again
                            	  6971: 
                            	  6972: * we now have ..
                            	  6973: * d3			EEEE	FFFF		* denominator copy
                            	  6974: * d5		0000	EEEE			* denominator high word
                            	  6975: * d6			xxxx  DDDD		* result DIV copy
                            	  6976: * d1			xxxx  DDDD		* result DIV copy
                            	  6977: * d2			AAAA	BBBB		* numerator copy
                            	  6978: * d4			MMMM	DDDD		* result MOD and DIV
                            	  6979: 
                            	  6980: * now multiply out 32 bit denominator by 16 bit result
                            	  6981: * QRS = AB*D
                            	  6982: 
03:0000488C CCC3            	  6983: 	MULU		d3,d6			* FFFF * DDDD =       rrrr  SSSS
03:0000488E C8C5            	  6984: 	MULU		d5,d4			* EEEE * DDDD = QQQQ  rrrr
                            	  6985: 
                            	  6986: * we now have ..
                            	  6987: * d3			EEEE	FFFF		* denominator copy
                            	  6988: * d5		0000	EEEE			* denominator high word
                            	  6989: * d6				rrrr  SSSS	* 48 bit result partial low
                            	  6990: * d1			xxxx  DDDD		* result DIV copy
                            	  6991: * d2			AAAA	BBBB		* numerator copy
                            	  6992: * d4			QQQQ	rrrr		* 48 bit result partial
                            	  6993: 
03:00004890 3E06            	  6994: 	MOVE.w	d6,d7			* copy low word of low multiply
                            	  6995: 
                            	  6996: * d7				xxxx	SSSS	* 48 bit result partial low
                            	  6997: 
03:00004892 4246            	  6998: 	CLR.w		d6			* clear low word of low multiply
03:00004894 4846            	  6999: 	SWAP		d6			* high word of low multiply to low word
                            	  7000: 
                            	  7001: * d6			0000	rrrr		* high word of 48 bit result partial low
                            	  7002: 
03:00004896 D886            	  7003: 	ADD.l		d6,d4
                            	  7004: 
                            	  7005: * d4			QQQQ	RRRR		* 48 bit result partial high longword
                            	  7006: 
03:00004898 7C00            	  7007: 	MOVEQ		#0,d6			* clear to extend numerator to 48 bits
                            	  7008: 
                            	  7009: * now do GHI = AB0 - QRS (which is the remainder)
                            	  7010: 
03:0000489A 9C47            	  7011: 	SUB.w		d7,d6			* low word subtract
                            	  7012: 
                            	  7013: * d6				xxxx	IIII	* remainder low word
                            	  7014: 
03:0000489C 9584            	  7015: 	SUBX.l	d4,d2			* high longword subtract
                            	  7016: 
                            	  7017: * d2			GGGG	HHHH		* remainder high longword
                            	  7018: 
                            	  7019: * now if we got the divide correct then the remainder high longword will be +ve
                            	  7020: 
03:0000489E 6A08            	  7021: 	BPL.s		L_DDIV		* branch if result is ok (<needed)
                            	  7022: 
                            	  7023: * remainder was -ve so DDDD is too big
                            	  7024: 
                            	  7025: LAB_REMM
03:000048A0 5341            	  7026: 	SUBQ.w	#1,d1			* adjust DDDD
                            	  7027: 
                            	  7028: * d3				xxxx	FFFF	* denominator copy
                            	  7029: * d6				xxxx	IIII	* remainder low word
                            	  7030: 
03:000048A2 DC43            	  7031: 	ADD.w		d3,d6			* add EF*1 low remainder low word
                            	  7032: 
                            	  7033: * d5			0000	EEEE		* denominator high word
                            	  7034: * d2			GGGG	HHHH		* remainder high longword
                            	  7035: 
03:000048A4 D585            	  7036: 	ADDX.l	d5,d2			* add extend EF*1 to remainder high longword
03:000048A6 6BF8            	  7037: 	BMI.s		LAB_REMM		* loop if result still too big
                            	  7038: 
                            	  7039: * all done and result correct or <
                            	  7040: 
                            	  7041: L_DDIV
03:000048A8 4842            	  7042: 	SWAP		d2			* remainder mid word to high word
                            	  7043: 
                            	  7044: * d2			HHHH	GGGG		* (high word /should/ be $0000)
                            	  7045: 
03:000048AA 3406            	  7046: 	MOVE.w	d6,d2			* remainder in high word
                            	  7047: 
                            	  7048: * d2				HHHH	IIII	* now is 32 bit remainder
                            	  7049: * d1			xxxx	DDDD		* 16 bit result
                            	  7050: 
03:000048AC 4E75            	  7051: 	RTS
                            	  7052: 
                            	  7053: * unpack memory (a0) into FAC1
                            	  7054: 
                            	  7055: LAB_UFAC
03:000048AE 2010            	  7056: 	MOVE.l	(a0),d0		* get packed value
03:000048B0 4840            	  7057: 	SWAP		d0			* exponent and sign into least significant word
03:000048B2 33C000E80598    	  7058: 	MOVE.w	d0,FAC1_e		* save exponent and sign
03:000048B8 807C0080        	  7059: 	OR.w		#$80,d0		* set MSb
03:000048BC 4840            	  7060: 	SWAP		d0			* byte order back to normal
                            	  7061: 
03:000048BE E180            	  7062: 	ASL.l		#8,d0			* shift exponent & clear guard byte
03:000048C0 23C000E80594    	  7063: 	MOVE.l	d0,FAC1_m		* move into FAC1
                            	  7064: 
03:000048C6 103900E80598    	  7065: 	MOVE.b	FAC1_e,d0		* get FAC1 exponent
03:000048CC 4E75            	  7066: 	RTS
                            	  7067: 
                            	  7068: * set numeric variable, pack FAC1 into Lvarpl
                            	  7069: 
                            	  7070: LAB_PFAC
03:000048CE 2F08            	  7071: 	MOVE.l	a0,-(sp)		* save pointer
03:000048D0 207900E80476    	  7072: 	MOVEA.l	Lvarpl,a0		* get destination pointer
03:000048D6 0839000600E805BD	  7073: 	BTST		#6,Dtypef		* test data type
03:000048DE 670C            	  7074: 	BEQ.s		LAB_277C		* branch if floating
                            	  7075: 
03:000048E0 610000F8        	  7076: 	BSR		LAB_2831		* convert FAC1 floating-to-fixed
                            	  7077: 						* result in d0 and Itemp
03:000048E4 2080            	  7078: 	MOVE.l	d0,(a0)		* save in var
03:000048E6 205F            	  7079: 	MOVE.l	(sp)+,a0		* restore pointer
03:000048E8 4E75            	  7080: 	RTS
                            	  7081: 
                            	  7082: * normalise round and pack FAC1 into (a0)
                            	  7083: 
                            	  7084: LAB_2778
03:000048EA 2F08            	  7085: 	MOVE.l	a0,-(sp)		* save pointer
                            	  7086: LAB_277C
03:000048EC 6100FC80        	  7087: 	BSR		LAB_24D5		* normalise FAC1
03:000048F0 613A            	  7088: 	BSR.s		LAB_27BA		* round FAC1
03:000048F2 203900E80594    	  7089: 	MOVE.l	FAC1_m,d0		* get FAC1 mantissa
03:000048F8 E098            	  7090: 	ROR.l		#8,d0			* align 24/32 bit mantissa
03:000048FA 4840            	  7091: 	SWAP		d0			* exponent/sign into 0-15
03:000048FC C07C007F        	  7092: 	AND.w		#$7F,d0		* clear exponent and sign bit
03:00004900 0239008000E80599	  7093: 	ANDI.b	#$80,FAC1_s		* clear non sign bits in sign
03:00004908 807900E80598    	  7094: 	OR.w		FAC1_e,d0		* OR in exponent and sign
03:0000490E 4840            	  7095: 	SWAP		d0			* move exponent and sign  back to 16-31
03:00004910 2080            	  7096: 	MOVE.l	d0,(a0)		* store in destination
03:00004912 205F            	  7097: 	MOVE.l	(sp)+,a0		* restore pointer
03:00004914 4E75            	  7098: 	RTS
                            	  7099: 
                            	  7100: * copy FAC2 to FAC1
                            	  7101: 
                            	  7102: LAB_279B
03:00004916 33F900E805A000E8	  7103: 	MOVE.w	FAC2_e,FAC1_e	* copy exponent & sign
03:0000491E 0598
03:00004920 23F900E8059C00E8	  7104: 	MOVE.l	FAC2_m,FAC1_m	* copy mantissa
03:00004928 0594
03:0000492A 4E75            	  7105: 	RTS
                            	  7106: 
                            	  7107: * round FAC1
                            	  7108: 
                            	  7109: LAB_27BA
03:0000492C 103900E80598    	  7110: 	MOVE.b	FAC1_e,d0		* get FAC1 exponent
03:00004932 6726            	  7111: 	BEQ.s		LAB_27C4		* branch if zero
                            	  7112: 
03:00004934 203900E80594    	  7113: 	MOVE.l	FAC1_m,d0		* get FAC1
03:0000493A D0BC00000080    	  7114: 	ADD.l		#$80,d0		* round to 24 bit
03:00004940 640C            	  7115: 	BCC.s		LAB_27C3		* branch if no overflow
                            	  7116: 
03:00004942 E290            	  7117: 	ROXR.l	#1,d0			* shift FAC1 mantissa
03:00004944 523900E80598    	  7118: 	ADDQ.b	#1,FAC1_e		* correct exponent
03:0000494A 6500E270        	  7119: 	BCS		LAB_OFER		* if carry do overflow error & warm start
                            	  7120: 
                            	  7121: LAB_27C3
03:0000494E C03C0000        	  7122: 	AND.b		#$00,d0		* clear guard byte
03:00004952 23C000E80594    	  7123: 	MOVE.l	d0,FAC1_m		* save back to FAC1
03:00004958 4E75            	  7124: 	RTS
                            	  7125: 
                            	  7126: LAB_27C4
03:0000495A 13C000E80599    	  7127: 	MOVE.b	d0,FAC1_s		* make zero always +ve
                            	  7128: RTS_017
03:00004960 4E75            	  7129: 	RTS
                            	  7130: 
                            	  7131: * get FAC1 sign
                            	  7132: * return d0=-1,C=1/-ve d0=+1,C=0/+ve
                            	  7133: 
                            	  7134: LAB_27CA
03:00004962 7000            	  7135: 	MOVEQ		#0,d0			* clear d0
03:00004964 103900E80598    	  7136: 	MOVE.b	FAC1_e,d0		* get FAC1 exponent
03:0000496A 67F4            	  7137: 	BEQ.s		RTS_017		* exit if zero (already correct SGN(0)=0)
                            	  7138: 
                            	  7139: * return d0=-1,C=1/-ve d0=+1,C=0/+ve
                            	  7140: * no = 0 check
                            	  7141: 
                            	  7142: LAB_27CE
03:0000496C 103900E80599    	  7143: 	MOVE.b	FAC1_s,d0		* else get FAC1 sign (b7)
                            	  7144: 
                            	  7145: * return d0=-1,C=1/-ve d0=+1,C=0/+ve
                            	  7146: * no = 0 check, sign in d0
                            	  7147: 
                            	  7148: LAB_27D0
03:00004972 4880            	  7149: 	EXT.w		d0			* make word
03:00004974 48C0            	  7150: 	EXT.l		d0			* make longword
03:00004976 E080            	  7151: 	ASR.l		#8,d0			* move sign bit through byte to carry
03:00004978 65E6            	  7152: 	BCS.s		RTS_017		* exit if carry set
                            	  7153: 
03:0000497A 7001            	  7154: 	MOVEQ		#1,d0			* set result for +ve sign
03:0000497C 4E75            	  7155: 	RTS
                            	  7156: 
                            	  7157: * perform SGN()
                            	  7158: 
                            	  7159: LAB_SGN
03:0000497E 61E2            	  7160: 	BSR.s		LAB_27CA		* get FAC1 sign
                            	  7161: 						* return d0=-1/-ve d0=+1/+ve
                            	  7162: 
                            	  7163: * save d0 as integer longword
                            	  7164: 
                            	  7165: LAB_27DB
03:00004980 23C000E80594    	  7166: 	MOVE.l	d0,FAC1_m		* save FAC1 mantissa
03:00004986 33FCA00000E80598	  7167: 	MOVE.w	#$A000,FAC1_e	* set FAC1 exponent & sign
03:0000498E D080            	  7168: 	ADD.l		d0,d0			* top bit into carry
03:00004990 6000FBCE        	  7169: 	BRA		LAB_24D0		* do +/- (carry is sign) & normalise FAC1
                            	  7170: 
                            	  7171: * perform ABS()
                            	  7172: 
                            	  7173: LAB_ABS
03:00004994 13FC000000E80599	  7174: 	MOVE.b	#0,FAC1_s		* clear FAC1 sign
03:0000499C 4E75            	  7175: 	RTS
                            	  7176: 
                            	  7177: * compare FAC1 with (a0)
                            	  7178: * returns d0=+1 if FAC1 > FAC2
                            	  7179: * returns d0= 0 if FAC1 = FAC2
                            	  7180: * returns d0=-1 if FAC1 < FAC2
                            	  7181: 
                            	  7182: LAB_27F8
03:0000499E 6100FDD8        	  7183: 	BSR		LAB_264D		* unpack memory (a0) into FAC2, trashes d0
                            	  7184: 
                            	  7185: * compare FAC1 with FAC2
                            	  7186: * returns d0=+1 if FAC1 > FAC2
                            	  7187: * returns d0= 0 if FAC1 = FAC2
                            	  7188: * returns d0=-1 if FAC1 < FAC2
                            	  7189: 
                            	  7190: LAB_27FA
03:000049A2 123900E805A0    	  7191: 	MOVE.b	FAC2_e,d1		* get FAC2 exponent
03:000049A8 67B8            	  7192: 	BEQ.s		LAB_27CA		* branch if FAC2 exponent=0 & get FAC1 sign
                            	  7193: 						* d0=-1,C=1/-ve d0=+1,C=0/+ve
                            	  7194: 
03:000049AA 103900E805A2    	  7195: 	MOVE.b	FAC_sc,d0		* get FAC sign compare
03:000049B0 6BBA            	  7196: 	BMI.s		LAB_27CE		* if signs <> do return d0=-1,C=1/-ve
                            	  7197: 						* d0=+1,C=0/+ve & return
                            	  7198: 
03:000049B2 103900E80599    	  7199: 	MOVE.b	FAC1_s,d0		* get FAC1 sign
03:000049B8 B23900E80598    	  7200: 	CMP.b		FAC1_e,d1		* compare FAC1 exponent with FAC2 exponent
03:000049BE 660E            	  7201: 	BNE.s		LAB_2828		* branch if different
                            	  7202: 
03:000049C0 223900E8059C    	  7203: 	MOVE.l	FAC2_m,d1		* get FAC2 mantissa
03:000049C6 B2B900E80594    	  7204: 	CMP.l		FAC1_m,d1		* compare mantissas
03:000049CC 6708            	  7205: 	BEQ.s		LAB_282F		* exit if mantissas equal
                            	  7206: 
                            	  7207: * gets here if number <> FAC1
                            	  7208: 
                            	  7209: LAB_2828
03:000049CE 6504            	  7210: 	BCS.s		LAB_282E		* branch if FAC1 > FAC2
                            	  7211: 
03:000049D0 0A000080        	  7212: 	EORI.b	#$80,d0		* else toggle FAC1 sign
                            	  7213: LAB_282E
03:000049D4 609C            	  7214: 	BRA.s		LAB_27D0		* return d0=-1,C=1/-ve d0=+1,C=0/+ve
                            	  7215: 
                            	  7216: LAB_282F
03:000049D6 7000            	  7217: 	MOVEQ		#0,d0			* clear result
                            	  7218: RTS_018
03:000049D8 4E75            	  7219: 	RTS
                            	  7220: 
                            	  7221: * convert FAC1 floating-to-fixed
                            	  7222: * result in d0 and Itemp
                            	  7223: 
                            	  7224: LAB_2831
03:000049DA 2F01            	  7225: 	MOVE.l	d1,-(sp)		* save d1
03:000049DC 203900E80594    	  7226: 	MOVE.l	FAC1_m,d0		* copy mantissa
03:000049E2 123900E80598    	  7227: 	MOVE.b	FAC1_e,d1		* get FAC1 exponent
03:000049E8 B23C0081        	  7228: 	CMP.b		#$81,d1		* compare with min
03:000049EC 6532            	  7229: 	BCS.s		LAB_287F		* if <1 go clear FAC1 & return
                            	  7230: 
03:000049EE 923C00A0        	  7231: 	SUB.b		#$A0,d1		* compare maximum integer range exponent
03:000049F2 6610            	  7232: 	BNE.s		LAB_2844		* if not $A0, go test is less
                            	  7233: 
03:000049F4 4A3900E80599    	  7234: 	TST.b		FAC1_s		* test FAC1 sign
03:000049FA 6A0C            	  7235: 	BPL.s		LAB_2845		* branch if FAC1 +ve
                            	  7236: 
                            	  7237: 						* FAC1 was -ve and exponent is $A0
03:000049FC B0BC80000000    	  7238: 	CMP.l		#$80000000,d0	* compare with max -ve
03:00004A02 6704            	  7239: 	BEQ.s		LAB_2845		* branch if max -ve
                            	  7240: 
                            	  7241: LAB_2844
03:00004A04 6400E1B6        	  7242: 	BCC		LAB_OFER		* do overflow if too big
                            	  7243: 
                            	  7244: LAB_2845
03:00004A08 4401            	  7245: 	NEG.b		d1			* convert -ve to +ve
03:00004A0A E2A8            	  7246: 	LSR.l		d1,d0			* shift integer
                            	  7247: 
03:00004A0C 4A3900E80599    	  7248: 	TST.b		FAC1_s		* test FAC1 sign (b7)
03:00004A12 6A02            	  7249: 	BPL.s		LAB_2846		* branch if FAC1 +ve
                            	  7250: 
03:00004A14 4480            	  7251: 	NEG.l		d0			* negate integer value
                            	  7252: LAB_2846
03:00004A16 23C000E8042E    	  7253: 	MOVE.l	d0,Itemp
03:00004A1C 221F            	  7254: 	MOVE.l	(sp)+,d1		* restore d1
03:00004A1E 4E75            	  7255: 	RTS
                            	  7256: 						* set zero result
                            	  7257: LAB_287F
03:00004A20 7000            	  7258: 	MOVEQ		#0,d0			* clear result
03:00004A22 60F2            	  7259: 	BRA.s		LAB_2846		* go save & exit
                            	  7260: 
                            	  7261: * perform INT()
                            	  7262: 
                            	  7263: LAB_INT
03:00004A24 0C3900A000E80598	  7264: 	CMP.b		#$A0,FAC1_e		* compare FAC1 exponent with max int
03:00004A2C 64AA            	  7265: 	BCC.s		RTS_018		* exit if >= (too big for fractional part!)
                            	  7266: 
03:00004A2E 363CA000        	  7267: 	MOVE.w	#$A000,d3		* set exponent for result
03:00004A32 163900E80599    	  7268: 	MOVE.b	FAC1_s,d3		* get FAC1 sign
03:00004A38 13FC000000E80599	  7269: 	MOVE.b	#0,FAC1_s		* make +ve
03:00004A40 6198            	  7270: 	BSR.s		LAB_2831		* convert FAC1 floating-to-fixed
                            	  7271: 						* result in d0 and Itemp
03:00004A42 33C300E80598    	  7272: 	MOVE.w	d3,FAC1_e		* set sign and exponent
03:00004A48 23C000E80594    	  7273: 	MOVE.l	d0,FAC1_m		* set mantissa
03:00004A4E 6000FB1E        	  7274: 	BRA		LAB_24D5		* normalise FAC1 & return
                            	  7275: 
                            	  7276: * print " in line [LINE #]"
                            	  7277: 
                            	  7278: LAB_2953
03:00004A52 41FA1657        	  7279: 	LEA		(LAB_LMSG,PC),a0	* point to " in line " message
03:00004A56 6100EA20        	  7280: 	BSR		LAB_18C3		* print null terminated string
                            	  7281: 
                            	  7282: 						* Print Basic line #
03:00004A5A 203900E80456    	  7283: 	MOVE.l	Clinel,d0		* get current line
                            	  7284: 
                            	  7285: * print d0 as unsigned integer
                            	  7286: 
                            	  7287: LAB_295E
03:00004A60 6104            	  7288: 	BSR.s		LAB_2966		* convert 32 bit d0 to unsigned string (a0)
03:00004A62 6000EA14        	  7289: 	BRA		LAB_18C3		* print null terminated string from memory & RET
                            	  7290: 
                            	  7291: * convert d0 to unsigned ASCII string result in (a0)
                            	  7292: 
                            	  7293: LAB_2966
03:00004A66 327C5666        	  7294: 	MOVEA.l	#Bin2dec,a1		* get table address
03:00004A6A 7200            	  7295: 	MOVEQ		#0,d1			* table index
03:00004A6C 207C00E805D4    	  7296: 	MOVEA.l	#Usdss,a0		* output string start
03:00004A72 2401            	  7297: 	MOVE.l	d1,d2			* output string index
                            	  7298: LAB_2967
03:00004A74 26311000        	  7299: 	MOVE.l	(a1,d1.w),d3	* get table value
03:00004A78 6714            	  7300: 	BEQ.s		LAB_2969		* exit if end marker
                            	  7301: 
03:00004A7A 782F            	  7302: 	MOVEQ		#'0'-1,d4		* set character to "0"-1
                            	  7303: LAB_2968
03:00004A7C 5244            	  7304: 	ADDQ.w	#1,d4			* next numeric character
03:00004A7E 9083            	  7305: 	SUB.l		d3,d0			* subtract table value
03:00004A80 6AFA            	  7306: 	BPL.s		LAB_2968		* not overdone so loop
                            	  7307: 
03:00004A82 D083            	  7308: 	ADD.l		d3,d0			* correct value
03:00004A84 11842000        	  7309: 	MOVE.b	d4,(a0,d2.w)	* character out to string
03:00004A88 5841            	  7310: 	ADDQ.w	#4,d1			* increment table pointer
03:00004A8A 5242            	  7311: 	ADDQ.w	#1,d2			* increment output string pointer
03:00004A8C 60E6            	  7312: 	BRA.s		LAB_2967		* loop
                            	  7313: 
                            	  7314: LAB_2969
03:00004A8E D03C0030        	  7315: 	ADD.b		#'0',d0		* make last character
03:00004A92 11802000        	  7316: 	MOVE.b	d0,(a0,d2.w)	* character out to string
03:00004A96 5348            	  7317: 	SUBQ.w	#1,a0			* decrement a0 (allow simple loop)
                            	  7318: 
                            	  7319: 						* now find non zero start of string
                            	  7320: LAB_296A
03:00004A98 5248            	  7321: 	ADDQ.w	#1,a0			* increment a0 (we know this will never carry to b16)
03:00004A9A B1FC00E805DD    	  7322: 	CMPA.l	#(BHsend-1),a0	* are we at end
03:00004AA0 6706            	  7323: 	BEQ.s		RTS_019		* branch if so
                            	  7324: 
03:00004AA2 0C100030        	  7325: 	CMPI.b	#'0',(a0)		* is character "0" ?
03:00004AA6 67F0            	  7326: 	BEQ.s		LAB_296A		* loop if so
                            	  7327: 
                            	  7328: RTS_019
03:00004AA8 4E75            	  7329: 	RTS
                            	  7330: 
                            	  7331: **LAB_xxxx	##
                            	  7332: **	BSR.s		LAB_2831		* convert FAC1 floating-to-fixed
                            	  7333: 						* result in d0 and Itemp
                            	  7334: ** now check not 0 and go print it ...
                            	  7335: 
                            	  7336: * convert FAC1 to ASCII string result in (a0)
                            	  7337: * STR$() function enters here
                            	  7338: 
                            	  7339: * d0 is character out
                            	  7340: * d1 is save index
                            	  7341: * d2 is gash
                            	  7342: 
                            	  7343: * a0 is output pointer
                            	  7344: 
                            	  7345: LAB_2970
03:00004AAA 6100FE80        	  7346: 	BSR		LAB_27BA		* round FAC1
03:00004AAE 227C00E805CE    	  7347: 	MOVEA.l	#Decss,a1		* set output string start
                            	  7348: 
                            	  7349: ** insert code here to test the numeric type and do integer if needed ##
                            	  7350: **	BTST		#6,d0			* test the integer bit
                            	  7351: **	BNE.s		LAB_xxxx		* branch if integer
                            	  7352: 
03:00004AB4 12BC0020        	  7353: 	MOVE.b	#' ',(a1)		* character = " " (assume +ve)
03:00004AB8 08B9000700E80599	  7354: 	BCLR.b	#7,FAC1_s		* test and clear FAC1 sign (b7)
03:00004AC0 6704            	  7355: 	BEQ.s		LAB_2978		* branch if +ve
                            	  7356: 
03:00004AC2 12BC002D        	  7357: 	MOVE.b	#$2D,(a1)		* else character = "-"
                            	  7358: LAB_2978
03:00004AC6 143900E80598    	  7359: 	MOVE.b	FAC1_e,d2		* get FAC1 exponent
03:00004ACC 6608            	  7360: 	BNE.s		LAB_2989		* branch if FAC1<>0
                            	  7361: 
                            	  7362: 						* exponent was $00 so FAC1 is 0
03:00004ACE 7030            	  7363: 	MOVEQ		#'0',d0		* set character = "0"
03:00004AD0 7201            	  7364: 	MOVEQ		#1,d1			* set output string index
03:00004AD2 60000194        	  7365: 	BRA		LAB_2A89		* save last character, [EOT] & exit
                            	  7366: 
                            	  7367: 						* FAC1 is some non zero value
                            	  7368: LAB_2989
03:00004AD6 13FC000000E805B4	  7369: 	MOVE.b	#0,numexp		* clear number exponent count
03:00004ADE B43C0081        	  7370: 	CMP.b		#$81,d2		* compare FAC1 exponent with $81 (>1.00000)
                            	  7371: 
03:00004AE2 6428            	  7372: 	BCC.s		LAB_299C		* branch if FAC1=>1
                            	  7373: 
03:00004AE4 23FCF424000000E8	  7374: 	MOVE.l	#$F4240000,FAC2_m	* 1000000 mantissa
03:00004AEC 059C
03:00004AEE 33FC940000E805A0	  7375: 	MOVE.w	#$9400,FAC2_e	* 1000000 exponent & sign
03:00004AF6 13F900E8059900E8	  7376: 	MOVE.b	FAC1_s,FAC_sc	* make FAC1 sign sign compare
03:00004AFE 05A2
03:00004B00 6100FBCE        	  7377: 	BSR		LAB_MULTIPLY	* do FAC2*FAC1
                            	  7378: 
03:00004B04 13FC00FA00E805B4	  7379: 	MOVE.b	#$FA,numexp		* set number exponent count (-6)
                            	  7380: LAB_299C
03:00004B0C 41FA1058        	  7381: 	LEA		(LAB_294B,PC),a0	* set pointer to 999999.4375
                            	  7382: 						* (max before scientific notation)
03:00004B10 6100FE8C        	  7383: 	BSR		LAB_27F8		* compare FAC1 with (a0)
                            	  7384: 						* returns d0=+1 if FAC1 > FAC2
                            	  7385: 						* returns d0= 0 if FAC1 = FAC2
                            	  7386: 						* returns d0=-1 if FAC1 < FAC2
03:00004B14 675A            	  7387: 	BEQ.s		LAB_29C3		* exit if FAC1 = (a0)
                            	  7388: 
03:00004B16 6A18            	  7389: 	BPL.s		LAB_29B9		* go do /10 if FAC1 > (a0)
                            	  7390: 
                            	  7391: 						* FAC1 < (a0)
                            	  7392: LAB_29A7
03:00004B18 41FA1048        	  7393: 	LEA		(LAB_2947,PC),a0	* set pointer to 99999.9375
03:00004B1C 6100FE80        	  7394: 	BSR		LAB_27F8		* compare FAC1 with (a0)
                            	  7395: 						* returns d0=+1 if FAC1 > FAC2
                            	  7396: 						* returns d0= 0 if FAC1 = FAC2
                            	  7397: 						* returns d0=-1 if FAC1 < FAC2
03:00004B20 6702            	  7398: 	BEQ.s		LAB_29B2		* branch if FAC1 = (a0) (allow decimal places)
                            	  7399: 
03:00004B22 6A48            	  7400: 	BPL.s		LAB_29C0		* branch if FAC1 > (a0) (no decimal places)
                            	  7401: 
                            	  7402: 						* FAC1 <= (a0)
                            	  7403: LAB_29B2
03:00004B24 6100FC7E        	  7404: 	BSR		LAB_269E		* multiply FAC1 by 10
03:00004B28 533900E805B4    	  7405: 	SUBQ.b	#1,numexp		* decrement number exponent count
03:00004B2E 60E8            	  7406: 	BRA.s		LAB_29A7		* go test again
                            	  7407: 
                            	  7408: LAB_29B9
03:00004B30 33F900E8059800E8	  7409: 	MOVE.w	FAC1_e,FAC2_e	* copy exponent & sign from FAC1 to FAC2
03:00004B38 05A0
03:00004B3A 23F900E8059400E8	  7410: 	MOVE.l	FAC1_m,FAC2_m	* copy FAC1 mantissa to FAC2 mantissa
03:00004B42 059C
03:00004B44 13F900E8059900E8	  7411: 	MOVE.b	FAC1_s,FAC_sc	* save FAC1_s as sign compare
03:00004B4C 05A2
                            	  7412: 
03:00004B4E 23FCCCCCCCCD00E8	  7413: 	MOVE.l	#$CCCCCCCD,FAC1_m	* 1/10 mantissa
03:00004B56 0594
03:00004B58 33FC7D0000E80598	  7414: 	MOVE.w	#$7D00,FAC1_e	* 1/10 exponent & sign
03:00004B60 6100FB6E        	  7415: 	BSR		LAB_MULTIPLY	* do FAC2*FAC1, effectively divide by 10 but faster
                            	  7416: 
03:00004B64 523900E805B4    	  7417: 	ADDQ.b	#1,numexp		* increment number exponent count
03:00004B6A 60A0            	  7418: 	BRA.s		LAB_299C		* go test again (branch always)
                            	  7419: 
                            	  7420: 						* now we have just the digits to do
                            	  7421: LAB_29C0
03:00004B6C 6100F95E        	  7422: 	BSR		LAB_244E		* add 0.5 to FAC1 (round FAC1)
                            	  7423: LAB_29C3
03:00004B70 6100FE68        	  7424: 	BSR		LAB_2831		* convert FAC1 floating-to-fixed
                            	  7425: 						* result in d0 and Itemp
03:00004B74 7401            	  7426: 	MOVEQ		#$01,d2		* set default digits before dp = 1
03:00004B76 103900E805B4    	  7427: 	MOVE.b	numexp,d0		* get number exponent count
03:00004B7C 5E00            	  7428: 	ADD.b		#7,d0			* allow 6 digits before point
03:00004B7E 6B0C            	  7429: 	BMI.s		LAB_29D9		* if -ve then 1 digit before dp
                            	  7430: 
03:00004B80 B03C0008        	  7431: 	CMP.b		#$08,d0		* d0>=8 if n>=1E6
03:00004B84 6406            	  7432: 	BCC.s		LAB_29D9		* branch if >= $08
                            	  7433: 
                            	  7434: 						* < $08
03:00004B86 5300            	  7435: 	SUBQ.b	#1,d0			* take 1 from digit count
03:00004B88 1400            	  7436: 	MOVE.b	d0,d2			* copy byte
03:00004B8A 7002            	  7437: 	MOVEQ		#$02,d0		* set exponent adjust
                            	  7438: LAB_29D9
03:00004B8C 7200            	  7439: 	MOVEQ		#0,d1			* set output string index
03:00004B8E 5500            	  7440: 	SUBQ.b	#2,d0			* -2
03:00004B90 13C000E805B5    	  7441: 	MOVE.b	d0,expcnt		* save exponent adjust
03:00004B96 13C200E805B4    	  7442: 	MOVE.b	d2,numexp		* save digits before dp count
03:00004B9C 1002            	  7443: 	MOVE.b	d2,d0			* copy digits before dp count
03:00004B9E 6702            	  7444: 	BEQ.s		LAB_29E4		* branch if no digits before dp
                            	  7445: 
03:00004BA0 6A14            	  7446: 	BPL.s		LAB_29F7		* branch if digits before dp
                            	  7447: 
                            	  7448: LAB_29E4
03:00004BA2 5281            	  7449: 	ADDQ.l	#1,d1			* increment index
03:00004BA4 13BC002E1000    	  7450: 	MOVE.b	#'.',(a1,d1.w)	* save to output string
                            	  7451: 
03:00004BAA 4A02            	  7452: 	TST.b		d2			* test digits before dp count
03:00004BAC 6708            	  7453: 	BEQ.s		LAB_29F7		* branch if no digits before dp
                            	  7454: 
03:00004BAE 5281            	  7455: 	ADDQ.l	#1,d1			* increment index
03:00004BB0 13BC00301000    	  7456: 	MOVE.b	#'0',(a1,d1.w)	* save to output string
                            	  7457: LAB_29F7
03:00004BB6 7400            	  7458: 	MOVEQ		#0,d2			* clear index (point to 100,000)
03:00004BB8 7080            	  7459: 	MOVEQ		#$80-$100,d0	* set output character
                            	  7460: LAB_29FB
03:00004BBA 41FA0FB6        	  7461: 	LEA		(LAB_2A9A,PC),a0	* get base of table
03:00004BBE 26302000        	  7462: 	MOVE.l	(a0,d2.w),d3	* get table value
                            	  7463: LAB_29FD
03:00004BC2 5200            	  7464: 	ADDQ.b	#1,d0			* increment output character
03:00004BC4 D7B900E8042E    	  7465: 	ADD.l		d3,Itemp		* add to (now fixed) mantissa
03:00004BCA 08000007        	  7466: 	BTST		#7,d0			* set test sense (z flag only)
03:00004BCE 6504            	  7467: 	BCS.s		LAB_2A18		* did carry so has wrapped past zero
                            	  7468: 
03:00004BD0 67F0            	  7469: 	BEQ.s		LAB_29FD		* no wrap and +ve test so try again
                            	  7470: 
03:00004BD2 6002            	  7471: 	BRA.s		LAB_2A1A		* found this digit
                            	  7472: 
                            	  7473: LAB_2A18
03:00004BD4 66EC            	  7474: 	BNE.s		LAB_29FD		* wrap and -ve test so try again
                            	  7475: 
                            	  7476: LAB_2A1A
03:00004BD6 6406            	  7477: 	BCC.s		LAB_2A21		* branch if +ve test result
                            	  7478: 
03:00004BD8 4400            	  7479: 	NEG.b		d0			* negate number
03:00004BDA D03C000B        	  7480: 	ADD.b		#$0B,d0		* and effectively subtract from 11d
                            	  7481: LAB_2A21
03:00004BDE D03C002F        	  7482: 	ADD.b		#$2F,d0		* add "0"-1 to result
03:00004BE2 5842            	  7483: 	ADDQ.w	#4,d2			* increment index to next less power of ten
03:00004BE4 5241            	  7484: 	ADDQ.w	#1,d1			* increment output string index
03:00004BE6 1600            	  7485: 	MOVE.b	d0,d3			* copy character to d3
03:00004BE8 C63C007F        	  7486: 	AND.b		#$7F,d3		* mask out top bit
03:00004BEC 13831000        	  7487: 	MOVE.b	d3,(a1,d1.w)	* save to output string
03:00004BF0 533900E805B4    	  7488: 	SUB.b		#1,numexp		* decrement # of characters before the dp
03:00004BF6 6608            	  7489: 	BNE.s		LAB_2A3B		* branch if still characters to do
                            	  7490: 
                            	  7491: 						* else output the point
03:00004BF8 5281            	  7492: 	ADDQ.l	#1,d1			* increment index
03:00004BFA 13BC002E1000    	  7493: 	MOVE.b	#'.',(a1,d1.w)	* save to output string
                            	  7494: LAB_2A3B
03:00004C00 C03C0080        	  7495: 	AND.b		#$80,d0		* mask test sense bit
03:00004C04 0A000080        	  7496: 	EORI.b	#$80,d0		* invert it
03:00004C08 B43C0018        	  7497: 	CMP.b		#$18,d2		* compare table index with max+4
03:00004C0C 66AC            	  7498: 	BNE.s		LAB_29FB		* loop if not max
                            	  7499: 
                            	  7500: 						* now remove trailing zeroes
                            	  7501: LAB_2A4B
03:00004C0E 10311000        	  7502: 	MOVE.b	(a1,d1.w),d0	* get character from output string
03:00004C12 5381            	  7503: 	SUBQ.l	#1,d1			* decrement output string index
03:00004C14 B03C0030        	  7504: 	CMP.b		#'0',d0		* compare with "0"
03:00004C18 67F4            	  7505: 	BEQ.s		LAB_2A4B		* loop until non "0" character found
                            	  7506: 
03:00004C1A B03C002E        	  7507: 	CMP.b		#'.',d0		* compare with "."
03:00004C1E 6702            	  7508: 	BEQ.s		LAB_2A58		* branch if was dp
                            	  7509: 
                            	  7510: 						* else restore last character
03:00004C20 5281            	  7511: 	ADDQ.l	#1,d1			* increment output string index
                            	  7512: LAB_2A58
03:00004C22 13BC002B1002    	  7513: 	MOVE.b	#'+',2(a1,d1.w)	* save character "+" to output string
03:00004C28 4A3900E805B5    	  7514: 	TST.b		expcnt		* test exponent count
03:00004C2E 673C            	  7515: 	BEQ.s		LAB_2A8C		* if zero go set null terminator & exit
                            	  7516: 
                            	  7517: 						* exponent isn't zero so write exponent
03:00004C30 6A0C            	  7518: 	BPL.s		LAB_2A68		* branch if exponent count +ve
                            	  7519: 
03:00004C32 13BC002D1002    	  7520: 	MOVE.b	#'-',2(a1,d1.w)	* save character "-" to output string
03:00004C38 443900E805B5    	  7521: 	NEG.b		expcnt		* convert -ve to +ve
                            	  7522: LAB_2A68
03:00004C3E 13BC00451001    	  7523: 	MOVE.b	#'E',1(a1,d1.w)	* save character "E" to output string
03:00004C44 143900E805B5    	  7524: 	MOVE.b	expcnt,d2		* get exponent count
03:00004C4A 702F            	  7525: 	MOVEQ		#$2F,d0		* one less than "0" character
                            	  7526: LAB_2A74
03:00004C4C 5200            	  7527: 	ADDQ.b	#1,d0			* increment 10's character
03:00004C4E 943C000A        	  7528: 	SUB.b		#$0A,d2		* subtract 10 from exponent count
03:00004C52 64F8            	  7529: 	BCC.s		LAB_2A74		* loop while still >= 0
                            	  7530: 
03:00004C54 D43C003A        	  7531: 	ADD.b		#$3A,d2		* add character ":" ($30+$0A, result is 10-value)
03:00004C58 13801003        	  7532: 	MOVE.b	d0,3(a1,d1.w)	* save 10's character to output string
03:00004C5C 13821004        	  7533: 	MOVE.b	d2,4(a1,d1.w)	* save 1's character to output string
03:00004C60 13BC00001005    	  7534: 	MOVE.b	#0,5(a1,d1.w)	* save null terminator after last character
03:00004C66 600A            	  7535: 	BRA.s		LAB_2A91		* go set string pointer (a0) and exit
                            	  7536: 
                            	  7537: LAB_2A89
03:00004C68 13801000        	  7538: 	MOVE.b	d0,(a1,d1.w)	* save last character to output string
                            	  7539: LAB_2A8C
03:00004C6C 13BC00001001    	  7540: 	MOVE.b	#0,1(a1,d1.w)	* save null terminator after last character
                            	  7541: LAB_2A91
03:00004C72 2049            	  7542: 	MOVEA.l	a1,a0			* set result string pointer (a0)
03:00004C74 4E75            	  7543: 	RTS
                            	  7544: 
                            	  7545: LAB_POON
03:00004C76 23FC8000000000E8	  7546: 	MOVE.l	#$80000000,FAC1_m	* 1 mantissa
03:00004C7E 0594
03:00004C80 33FC810000E80598	  7547: 	MOVE.w	#$8100,FAC1_e	* 1 exonent & sign
03:00004C88 4E75            	  7548: 	RTS
                            	  7549: 
                            	  7550: LAB_POZE
03:00004C8A 7000            	  7551: 	MOVEQ		#0,d0			* clear longword
03:00004C8C 23C000E80594    	  7552: 	MOVE.l	d0,FAC1_m		* 0 mantissa
03:00004C92 33C000E80598    	  7553: 	MOVE.w	d0,FAC1_e		* 0 exonent & sign
03:00004C98 4E75            	  7554: 	RTS
                            	  7555: 
                            	  7556: * Perform power function
                            	  7557: * The number is in FAC2, the power is in FAC1
                            	  7558: * no longer trashes Itemp
                            	  7559: 
                            	  7560: LAB_POWER
03:00004C9A 4A3900E80598    	  7561: 	TST.b		FAC1_e		* test power
03:00004CA0 67D4            	  7562: 	BEQ.s		LAB_POON		* if zero go return 1
                            	  7563: 
03:00004CA2 4A3900E805A0    	  7564: 	TST.b		FAC2_e		* test number
03:00004CA8 67E0            	  7565: 	BEQ.s		LAB_POZE		* if zero go return 0
                            	  7566: 
03:00004CAA 1F3900E805A1    	  7567: 	MOVE.b	FAC2_s,-(sp)	* save number sign
03:00004CB0 6A26            	  7568: 	BPL.s		LAB_POWP		* power of positive number
                            	  7569: 
03:00004CB2 7200            	  7570: 	MOVEQ		#0,d1			* clear d1
03:00004CB4 13C100E805A1    	  7571: 	MOVE.b	d1,FAC2_s		* make sign +ve
                            	  7572: 
                            	  7573: 						* number sign was -ve, must have integer power
                            	  7574: 						* or do 'function call' error
03:00004CBA 123900E80598    	  7575: 	MOVE.b	FAC1_e,d1		* get power exponent
03:00004CC0 927C0080        	  7576: 	SUB.w		#$80,d1		* normalise to .5
03:00004CC4 6300DEFA        	  7577: 	BLS		LAB_FCER		* if 0<power<1 then do 'function call' error
                            	  7578: 
                            	  7579: 						* now shift all the integer bits out
03:00004CC8 203900E80594    	  7580: 	MOVE.l	FAC1_m,d0		* get power mantissa
03:00004CCE E3A0            	  7581: 	ASL.l		d1,d0			* shift mantissa
03:00004CD0 6600DEEE        	  7582: 	BNE		LAB_FCER		* if power<>INT(power) then do 'function call' error
                            	  7583: 
03:00004CD4 6502            	  7584: 	BCS.s		LAB_POWP		* if integer value odd then leave result -ve
                            	  7585: 
03:00004CD6 1E80            	  7586: 	MOVE.b	d0,(sp)		* save result sign +ve
                            	  7587: LAB_POWP
03:00004CD8 2F3900E80594    	  7588: 	MOVE.l	FAC1_m,-(sp)	* save power mantissa
03:00004CDE 3F3900E80598    	  7589: 	MOVE.w	FAC1_e,-(SP)	* save power sign & exponent
                            	  7590: 
03:00004CE4 6100FC30        	  7591: 	BSR		LAB_279B		* copy number to FAC1
03:00004CE8 6100F8C4        	  7592: 	BSR		LAB_LOG		* find log of number
                            	  7593: 
03:00004CEC 301F            	  7594: 	MOVE.w	(sp)+,d0		* get power sign & exponent
03:00004CEE 23DF00E8059C    	  7595: 	MOVE.l	(sp)+,FAC2_m	* get power mantissa
03:00004CF4 33C000E805A0    	  7596: 	MOVE.w	d0,FAC2_e		* save sign & exponent to FAC2
03:00004CFA 13C000E805A2    	  7597: 	MOVE.b	d0,FAC_sc		* save sign as sign compare
03:00004D00 103900E80599    	  7598: 	MOVE.b	FAC1_s,d0		* get FAC1 sign
03:00004D06 B13900E805A2    	  7599: 	EOR.b		d0,FAC_sc		* make sign compare (FAC1_s EOR FAC2_s)
                            	  7600: 
03:00004D0C 6100F9C2        	  7601: 	BSR		LAB_MULTIPLY	* multiply by power
03:00004D10 616E            	  7602: 	BSR.s		LAB_EXP		* find exponential
03:00004D12 13DF00E80599    	  7603: 	MOVE.b	(sp)+,FAC1_s	* restore number sign
03:00004D18 4E75            	  7604: 	RTS
                            	  7605: 
                            	  7606: * Ffp ABS/NEG - make absolute or -ve equivalent of FAC1
                            	  7607: 
03:00004D1A 4A3900E80599    	  7608: 	TST.b		FAC1_s		* test sign byte
03:00004D20 6710            	  7609: 	BEQ.s		RTS_020		* exit if +ve
                            	  7610: 
                            	  7611: * do - FAC1
                            	  7612: 
                            	  7613: LAB_GTHAN
03:00004D22 4A3900E80598    	  7614: 	TST.b		FAC1_e		* test for non zero FAC1
03:00004D28 6708            	  7615: 	BEQ.s		RTS_020		* branch if null
                            	  7616: 
03:00004D2A 0A39008000E80599	  7617: 	EORI.b	#$80,FAC1_s		* (else) toggle FAC1 sign bit
                            	  7618: RTS_020
03:00004D32 4E75            	  7619: 	RTS
                            	  7620: 
                            	  7621: 						* return +1
                            	  7622: LAB_EX1
03:00004D34 23FC8000000000E8	  7623: 	MOVE.l	#$80000000,FAC1_m	* +1 mantissa
03:00004D3C 0594
03:00004D3E 33FC810000E80598	  7624: 	MOVE.w	#$8100,FAC1_e	* +1 sign & exponent
03:00004D46 4E75            	  7625: 	RTS
                            	  7626: 						* do over/under flow
                            	  7627: LAB_EXOU
03:00004D48 4A3900E80599    	  7628: 	TST.b		FAC1_s		* test sign
03:00004D4E 6A00DE6C        	  7629: 	BPL		LAB_OFER		* was +ve so do overflow error
                            	  7630: 
                            	  7631: 						* else underflow so return zero
03:00004D52 7000            	  7632: 	MOVEQ		#0,d0			* clear longword
03:00004D54 23C000E80594    	  7633: 	MOVE.l	d0,FAC1_m		* 0 mantissa
03:00004D5A 33C000E80598    	  7634: 	MOVE.w	d0,FAC1_e		* 0 sign & exponent
03:00004D60 4E75            	  7635: 	RTS
                            	  7636: 						* fraction was zero so do 2^n
                            	  7637: LAB_EXOF
03:00004D62 23FC8000000000E8	  7638: 	MOVE.l	#$80000000,FAC1_m	* +n mantissa
03:00004D6A 0594
03:00004D6C 13FC000000E80599	  7639: 	MOVE.b	#0,FAC1_s		* clear sign
03:00004D74 D23C0080        	  7640: 	ADD.b		#$80,d1		* adjust exponent
03:00004D78 13C100E80598    	  7641: 	MOVE.b	d1,FAC1_e		* save exponent
03:00004D7E 4E75            	  7642: 	RTS
                            	  7643: 
                            	  7644: * perform EXP()	(x^e)
                            	  7645: * valid input range is -88 to +88
                            	  7646: 
                            	  7647: LAB_EXP
03:00004D80 103900E80598    	  7648: 	MOVE.b	FAC1_e,d0		* get exponent
03:00004D86 67AC            	  7649: 	BEQ.s		LAB_EX1		* return 1 for zero in
                            	  7650: 
03:00004D88 B03C0064        	  7651: 	CMP.b		#$64,d0		* compare exponent with min
03:00004D8C 65A6            	  7652: 	BCS.s		LAB_EX1		* if smaller just return 1
                            	  7653: 
                            	  7654: **	MOVEM.l	d1-d6/a0,-(sp)	* save the registers
03:00004D8E 13FC000000E805BC	  7655: 	MOVE.b	#0,cosout		* flag +ve number
03:00004D96 223900E80594    	  7656: 	MOVE.l	FAC1_m,d1		* get mantissa
03:00004D9C B03C0087        	  7657: 	CMP.b		#$87,d0		* compare exponent with max
03:00004DA0 62A6            	  7658: 	BHI.s		LAB_EXOU		* go do over/under flow if greater
                            	  7659: 
03:00004DA2 6608            	  7660: 	BNE.s		LAB_EXCM		* branch if less
                            	  7661: 
                            	  7662: 						* else is 2^7
03:00004DA4 B2BCB00F33C7    	  7663: 	CMP.l		#$B00F33C7,d1	* compare mantissa with n*2^7 max
03:00004DAA 649C            	  7664: 	BCC.s		LAB_EXOU		* if => go over/underflow
                            	  7665: 
                            	  7666: LAB_EXCM
03:00004DAC 4A3900E80599    	  7667: 	TST.b		FAC1_s		* test sign
03:00004DB2 6A10            	  7668: 	BPL.s		LAB_EXPS		* branch if arg +ve
                            	  7669: 
03:00004DB4 13FC00FF00E805BC	  7670: 	MOVE.b	#$FF,cosout		* flag +ve number
03:00004DBC 13FC000000E80599	  7671: 	MOVE.b	#0,FAC1_s		* take absolute value
                            	  7672: LAB_EXPS
                            	  7673: 						* now do n/LOG(2)
03:00004DC4 23FCB8AA3B2900E8	  7674: 	MOVE.l	#$B8AA3B29,FAC2_m	* 1/LOG(2) mantissa
03:00004DCC 059C
03:00004DCE 33FC810000E805A0	  7675: 	MOVE.w	#$8100,FAC2_e	* 1/LOG(2) exponent & sign
03:00004DD6 13FC000000E805A2	  7676: 	MOVE.b	#0,FAC_sc		* we know they're both +ve
03:00004DDE 6100F8F0        	  7677: 	BSR		LAB_MULTIPLY	* effectively divide by log(2)
                            	  7678: 
                            	  7679: 						* max here is +/- 127
                            	  7680: 						* now separate integer and fraction
03:00004DE2 13FC000000E805E1	  7681: 	MOVE.b	#0,tpower		* clear exponent add byte
03:00004DEA 1A3900E80598    	  7682: 	MOVE.b	FAC1_e,d5		* get exponent
03:00004DF0 9A3C0080        	  7683: 	SUB.b		#$80,d5		* normalise
03:00004DF4 632C            	  7684: 	BLS.s		LAB_ESML		* branch if < 1 (d5 is 0 or -ve)
                            	  7685: 
                            	  7686: 						* result is > 1
03:00004DF6 203900E80594    	  7687: 	MOVE.l	FAC1_m,d0		* get mantissa
03:00004DFC 2200            	  7688: 	MOVE.l	d0,d1			* copy it
03:00004DFE 2C05            	  7689: 	MOVE.l	d5,d6			* copy normalised exponent
                            	  7690: 
03:00004E00 4446            	  7691: 	NEG.w		d6			* make -ve
03:00004E02 DC7C0020        	  7692: 	ADD.w		#32,d6		* is now 32-d6
03:00004E06 ECA9            	  7693: 	LSR.l		d6,d1			* just integer bits
03:00004E08 13C100E805E1    	  7694: 	MOVE.b	d1,tpower		* set exponent add byte
                            	  7695: 
03:00004E0E EBA8            	  7696: 	LSL.l		d5,d0			* shift out integer bits
03:00004E10 6700FF50        	  7697: 	BEQ		LAB_EXOF		* fraction is zero so do 2^n
                            	  7698: 
03:00004E14 23C000E80594    	  7699: 	MOVE.l	d0,FAC1_m		* fraction to FAC1
03:00004E1A 33FC800000E80598	  7700: 	MOVE.w	#$8000,FAC1_e	* set exponent & sign
                            	  7701: 
                            	  7702: 						* multiple was < 1
                            	  7703: LAB_ESML
03:00004E22 23FCB17217F800E8	  7704: 	MOVE.l	#$B17217F8,FAC2_m	* LOG(2) mantissa
03:00004E2A 059C
03:00004E2C 33FC800000E805A0	  7705: 	MOVE.w	#$8000,FAC2_e	* LOG(2) exponent & sign
03:00004E34 13FC000000E805A2	  7706: 	MOVE.b	#0,FAC_sc		* clear sign compare
03:00004E3C 6100F892        	  7707: 	BSR		LAB_MULTIPLY	* multiply by log(2)
                            	  7708: 
03:00004E40 203900E80594    	  7709: 	MOVE.l	FAC1_m,d0		* get mantissa
03:00004E46 1A3900E80598    	  7710: 	MOVE.b	FAC1_e,d5		* get exponent
03:00004E4C 9A7C0082        	  7711: 	SUB.w		#$82,d5		* normalise and -2 (result is -1 to -30)
03:00004E50 4445            	  7712: 	NEG.w		d5			* make +ve
03:00004E52 EAA8            	  7713: 	LSR.l		d5,d0			* shift for 2 integer bits
                            	  7714: 
                            	  7715: * d0 = arg
                            	  7716: * d6 = x, d1 = y
                            	  7717: * d2 = x1, d3 = y1
                            	  7718: * d4 = shift count
                            	  7719: * d5 = loop count
                            	  7720: 						* now do cordic set-up
03:00004E54 7200            	  7721: 	MOVEQ		#0,d1			* y = 0
03:00004E56 2C3CE6A3D110    	  7722: 	MOVE.l	#KFCTSEED,d6	* x = 1 with jkh inverse factored out
03:00004E5C 307C5964        	  7723: 	MOVEA.l	#TAB_HTHET,a0	* pointer to hyperbolic arctan table
03:00004E60 7800            	  7724: 	MOVEQ		#0,d4			* clear shift count
                            	  7725:  
                            	  7726: 						* cordic loop, shifts 4 and 13 (and 39
                            	  7727: 						* if it went that far) need to be repeated
03:00004E62 7A03            	  7728: 	MOVEQ		#3,d5			* 4 loops
03:00004E64 6140            	  7729: 	BSR.s		LAB_EXCC		* do loops 1 through 4
03:00004E66 5948            	  7730: 	SUBQ.w	#4,a0			* do table entry again
03:00004E68 5384            	  7731: 	SUBQ.l	#1,d4			* do shift count again
03:00004E6A 7A09            	  7732: 	MOVEQ		#9,d5			* 10 loops
03:00004E6C 6138            	  7733: 	BSR.s		LAB_EXCC		* do loops 4 (again) through 13
03:00004E6E 5948            	  7734: 	SUBQ.w	#4,a0			* do table entry again
03:00004E70 5384            	  7735: 	SUBQ.l	#1,d4			* do shift count again
03:00004E72 7A12            	  7736: 	MOVEQ		#18,d5		* 19 loops
03:00004E74 6130            	  7737: 	BSR.s		LAB_EXCC		* do loops 13 (again) through 31
                            	  7738:  
                            	  7739: 						* now get the result
03:00004E76 4A3900E805BC    	  7740: 	TST.b		cosout		* test sign flag
03:00004E7C 6A08            	  7741: 	BPL.s		LAB_EXPL		* branch if +ve
                            	  7742: 
03:00004E7E 4481            	  7743: 	NEG.l		d1			* do -y
03:00004E80 443900E805E1    	  7744: 	NEG.b		tpower		* do -exp
                            	  7745: LAB_EXPL
03:00004E86 7083            	  7746: 	MOVEQ		#$83-$100,d0	* set exponent
03:00004E88 DC81            	  7747: 	ADD.l		d1,d6			* y = y +/- x
03:00004E8A 6B06            	  7748: 	BMI.s		LAB_EXRN		* branch if result normal
                            	  7749: 
                            	  7750: LAB_EXNN
03:00004E8C 5380            	  7751: 	SUBQ.l	#1,d0			* decrement exponent
03:00004E8E DC86            	  7752: 	ADD.l		d6,d6			* shift mantissa
03:00004E90 6AFA            	  7753: 	BPL.s		LAB_EXNN		* loop if not normal
                            	  7754: 
                            	  7755: LAB_EXRN
03:00004E92 23C600E80594    	  7756: 	MOVE.l	d6,FAC1_m		* save exponent result
03:00004E98 D03900E805E1    	  7757: 	ADD.b		tpower,d0		* add integer part
03:00004E9E 13C000E80598    	  7758: 	MOVE.b	d0,FAC1_e		* save exponent
                            	  7759: **	MOVEM.l	(sp)+,d1-d6/a0	* restore registers
03:00004EA4 4E75            	  7760: 	RTS
                            	  7761:  
                            	  7762: 						* cordic loop
                            	  7763: LAB_EXCC
03:00004EA6 5284            	  7764: 	ADDQ.l	#1,d4			* increment shift count
03:00004EA8 2406            	  7765: 	MOVE.l	d6,d2			* x1 = x
03:00004EAA E8A2            	  7766: 	ASR.l		d4,d2			* x1 >> n
03:00004EAC 2601            	  7767: 	MOVE.l	d1,d3			* y1 = y
03:00004EAE E8A3            	  7768: 	ASR.l		d4,d3			* y1 >> n
03:00004EB0 4A80            	  7769: 	TST.l		d0			* test arg
03:00004EB2 6B0C            	  7770: 	BMI.s		LAB_EXAD		* branch if -ve
                            	  7771: 
03:00004EB4 D282            	  7772: 	ADD.l		d2,d1			* y = y + x1
03:00004EB6 DC83            	  7773: 	ADD.l		d3,d6			* x = x + y1
03:00004EB8 9098            	  7774: 	SUB.l		(a0)+,d0		* arg = arg - atnh(a0)
03:00004EBA 51CDFFEA        	  7775: 	DBF		d5,LAB_EXCC		* decrement and loop if not done
                            	  7776: 
03:00004EBE 4E75            	  7777: 	RTS
                            	  7778: 
                            	  7779: LAB_EXAD
03:00004EC0 9282            	  7780: 	SUB.l		d2,d1			* y = y - x1
03:00004EC2 9C83            	  7781: 	SUB.l		d3,d6			* x = x + y1
03:00004EC4 D098            	  7782: 	ADD.l		(a0)+,d0		* arg = arg + atnh(a0)
03:00004EC6 51CDFFDE        	  7783: 	DBF		d5,LAB_EXCC		* decrement and loop if not done
                            	  7784: 
03:00004ECA 4E75            	  7785: 	RTS
                            	  7786: 
                            	  7787: * RND(n), 31 bit version. make n=0 for 5th next number in sequence or n<>0 to get
                            	  7788: * 5th next number in sequence after seed n. Taking the 5th next number is slower
                            	  7789: * but helps hide the shift & add nature of this generator.
                            	  7790: 
                            	  7791: LAB_RND
03:00004ECC 103900E80598    	  7792: 	MOVE.b	FAC1_e,d0		* get FAC1 exponent
03:00004ED2 670A            	  7793: 	BEQ.s		NextPRN		* do next random # if zero
                            	  7794: 
                            	  7795: 						* else get seed into random number store
03:00004ED4 207C00E805A4    	  7796: 	MOVEA.l	#PRNlword,a0	* set PRNG pointer
03:00004EDA 6100FA0E        	  7797: 	BSR		LAB_2778		* pack FAC1 into (a0)
                            	  7798: 
                            	  7799: NextPRN
03:00004EDE 7404            	  7800: 	MOVEQ		#4,d2			* do this 5 times
03:00004EE0 203900E805A4    	  7801: 	MOVE.l	PRNlword,d0		* get current
                            	  7802: Ninc0
03:00004EE6 7200            	  7803: 	MOVEQ		#0,d1			* clear bit count
03:00004EE8 E498            	  7804: 	ROR.l		#2,d0			* bit 31 -> carry
03:00004EEA 6402            	  7805: 	BCC.s		Ninc1			* skip increment if =0
                            	  7806: 
03:00004EEC 5201            	  7807: 	ADDQ.b	#1,d1			* else increment bit count
                            	  7808: Ninc1
03:00004EEE E698            	  7809: 	ROR.l		#3,d0			* bit 28 -> carry
03:00004EF0 6402            	  7810: 	BCC.s		Ninc2			* skip increment if =0
                            	  7811: 
03:00004EF2 5201            	  7812: 	ADDQ.b	#1,d1			* else increment bit count
                            	  7813: Ninc2
03:00004EF4 EB98            	  7814: 	ROL.l		#5,d0			* restore PRNG longword
03:00004EF6 E211            	  7815: 	ROXR.b	#1,d1			* EOR bit into Xb
03:00004EF8 E290            	  7816: 	ROXR.l	#1,d0			* shift bit to most significant
03:00004EFA 51CAFFEA        	  7817: 	DBF		d2,Ninc0		* loop 5 times
                            	  7818: 
03:00004EFE 23C000E805A4    	  7819: 	MOVE.l	d0,PRNlword		* save back to seed word
03:00004F04 23C000E80594    	  7820: 	MOVE.l	d0,FAC1_m		* save to FAC1
                            	  7821: 
03:00004F0A 33FC800000E80598	  7822: 	MOVE.w	#$8000,FAC1_e	* set the exponent and clear the sign
03:00004F12 6000F65A        	  7823: 	BRA		LAB_24D5		* normalise FAC1 & return
                            	  7824: 
                            	  7825: * cordic TAN(x) routine, TAN(x) = SIN(x)/COS(x)
                            	  7826: * x = angle in radians
                            	  7827: 
                            	  7828: LAB_TAN
03:00004F16 6156            	  7829: 	BSR.s		LAB_SCCC		* go do SIN/COS cordic compute
03:00004F18 6100F654        	  7830: 	BSR		LAB_24D5		* normalise FAC1
03:00004F1C 33F900E8059800E8	  7831: 	MOVE.w	FAC1_e,FAC2_e	* copy exponent & sign from FAC1 to FAC2
03:00004F24 05A0
03:00004F26 23F900E8059400E8	  7832: 	MOVE.l	FAC1_m,FAC2_m	* copy FAC1 mantissa to FAC2 mantissa
03:00004F2E 059C
03:00004F30 23C100E80594    	  7833: 	MOVE.l	d1,FAC1_m		* get COS(x) mantissa
03:00004F36 13C300E80598    	  7834: 	MOVE.b	d3,FAC1_e		* get COS(x) exponent
03:00004F3C 6700DC7E        	  7835: 	BEQ		LAB_OFER		* do overflow if COS = 0
                            	  7836: 
03:00004F40 6100F62C        	  7837: 	BSR		LAB_24D5		* normalise FAC1
03:00004F44 6000F89E        	  7838: 	BRA		LAB_DIVIDE		* do FAC2/FAC1 & return (FAC_sc set by SIN COS calc)
                            	  7839: 
                            	  7840: * cordic SIN(x), COS(x) routine
                            	  7841: * x = angle in radians
                            	  7842: 
                            	  7843: LAB_COS
03:00004F48 23FCC90FDAA300E8	  7844: 	MOVE.l	#$C90FDAA3,FAC2_m	* pi/2 mantissa (b2 is set so COS(PI/2)=0)
03:00004F50 059C
03:00004F52 33FC810000E805A0	  7845: 	MOVE.w	#$8100,FAC2_e	* pi/2 exponent and sign
03:00004F5A 13F900E8059900E8	  7846: 	MOVE.b	FAC1_s,FAC_sc	* sign = FAC1 sign (b7)
03:00004F62 05A2
03:00004F64 6100F56E        	  7847: 	BSR		LAB_ADD		* add FAC2 to FAC1, adjust for COS(x)
                            	  7848: LAB_SIN
03:00004F68 6104            	  7849: 	BSR.s		LAB_SCCC		* go do SIN/COS cordic compute
03:00004F6A 6000F602        	  7850: 	BRA		LAB_24D5		* normalise FAC1 & return
                            	  7851: 
                            	  7852: * SIN/COS cordic calculator
                            	  7853: 
                            	  7854: LAB_SCCC
03:00004F6E 13FC000000E805BC	  7855: 	MOVE.b	#0,cosout		* set needed result
                            	  7856: 
03:00004F76 23FCA2F9836F00E8	  7857: 	MOVE.l	#$A2F9836F,FAC2_m	* 1/pi mantissa (LSB is rounded up so SIN(PI)=0)
03:00004F7E 059C
03:00004F80 33FC7F0000E805A0	  7858: 	MOVE.w	#$7F00,FAC2_e	* 1/pi exponent & sign
03:00004F88 13F900E8059900E8	  7859: 	MOVE.b	FAC1_s,FAC_sc	* sign = FAC1 sign (b7)
03:00004F90 05A2
03:00004F92 6100F73C        	  7860: 	BSR		LAB_MULTIPLY	* multiply by 1/pi
                            	  7861: 
03:00004F96 103900E80598    	  7862: 	MOVE.b	FAC1_e,d0		* get FAC1 exponent
03:00004F9C 670000A8        	  7863: 	BEQ		LAB_SCZE		* branch if zero
                            	  7864: 
03:00004FA0 307C5864        	  7865: 	MOVEA.l	#TAB_SNCO,a0	* point to constants table
03:00004FA4 2C3900E80594    	  7866: 	MOVE.l	FAC1_m,d6		* get FAC1 mantissa
03:00004FAA 5300            	  7867: 	SUBQ.b	#1,d0			* 2 radians in 360 degrees so /2
03:00004FAC 67000098        	  7868: 	BEQ		LAB_SCZE		* branch if zero
                            	  7869: 
03:00004FB0 903C0080        	  7870: 	SUB.b		#$80,d0		* normalise exponent
03:00004FB4 6B10            	  7871: 	BMI.s		LAB_SCL0		* branch if < 1
                            	  7872: 
                            	  7873: 						* X is > 1
03:00004FB6 B03C0020        	  7874: 	CMP.b		#$20,d0		* is it >= 2^32
03:00004FBA 6400008A        	  7875: 	BCC		LAB_SCZE		* may as well do zero
                            	  7876: 
03:00004FBE E1AE            	  7877: 	LSL.l		d0,d6			* shift out integer part bits
03:00004FC0 67000084        	  7878: 	BEQ		LAB_SCZE		* no fraction so go do zero
                            	  7879: 
03:00004FC4 600A            	  7880: 	BRA.s		LAB_CORD		* go test quadrant and adjust
                            	  7881: 
                            	  7882: 						* x is < 1
                            	  7883: LAB_SCL0
03:00004FC6 4400            	  7884: 	NEG.b		d0			* make +ve
03:00004FC8 B03C001E        	  7885: 	CMP.b		#$1E,d0		* is it <= 2^-30
03:00004FCC 6478            	  7886: 	BCC.s		LAB_SCZE		* may as well do zero
                            	  7887: 
03:00004FCE E0AE            	  7888: 	LSR.l		d0,d6			* shift out <= 2^-32 bits
                            	  7889: 
                            	  7890: * cordic calculator, arguament in d6
                            	  7891: * table pointer in a0, returns in d0-d3
                            	  7892: 
                            	  7893: LAB_CORD
03:00004FD0 13F900E8059900E8	  7894: 	MOVE.b	FAC1_s,FAC_sc	* copy as sign compare for TAN
03:00004FD8 05A2
03:00004FDA DC86            	  7895: 	ADD.l		d6,d6			* shift 0.5 bit into carry
03:00004FDC 6406            	  7896: 	BCC.s		LAB_LTPF		* branch if less than 0.5
                            	  7897: 
03:00004FDE 463900E80599    	  7898: 	EORI.b	#$FF,FAC1_s		* toggle result sign
                            	  7899: LAB_LTPF
03:00004FE4 DC86            	  7900: 	ADD.l		d6,d6			* shift 0.25 bit into carry
03:00004FE6 640C            	  7901: 	BCC.s		LAB_LTPT		* branch if less than 0.25
                            	  7902: 
03:00004FE8 463900E805BC    	  7903: 	EORI.b	#$FF,cosout		* toggle needed result
03:00004FEE 463900E805A2    	  7904: 	EORI.b	#$FF,FAC_sc		* toggle sign compare for TAN
                            	  7905: 
                            	  7906: LAB_LTPT
03:00004FF4 E48E            	  7907: 	LSR.l		#2,d6			* shift the bits back (clear integer bits)
03:00004FF6 674E            	  7908: 	BEQ.s		LAB_SCZE		* no fraction so go do zero
                            	  7909: 
                            	  7910: 						* set start values
03:00004FF8 7A01            	  7911: 	MOVEQ		#1,d5			* set bit count
03:00004FFA 2028FFFC        	  7912: 	MOVE.l	-4(a0),d0		* get multiply constant (1st itteration d0)
03:00004FFE 2200            	  7913: 	MOVE.l	d0,d1			* 1st itteration d1
03:00005000 9C98            	  7914: 	SUB.l		(a0)+,d6		* 1st always +ve so do 1st step
03:00005002 6008            	  7915: 	BRA.s		mainloop		* jump into routine
                            	  7916: 
                            	  7917: subloop
03:00005004 9C98            	  7918: 	SUB.l		(a0)+,d6		* z = z - arctan(i)/2pi
03:00005006 9083            	  7919: 	SUB.l		d3,d0			* x = x - y1
03:00005008 D282            	  7920: 	ADD.l		d2,d1			* y = y + x1
03:0000500A 6012            	  7921: 	BRA.s		nexta			* back to main loop
                            	  7922: 
                            	  7923: mainloop
03:0000500C 2400            	  7924: 	MOVE.l	d0,d2			* x1 = x
03:0000500E EAA2            	  7925: 	ASR.l		d5,d2			* / (2 ^ i)
03:00005010 2601            	  7926: 	MOVE.l	d1,d3			* y1 = y
03:00005012 EAA3            	  7927: 	ASR.l		d5,d3			* / (2 ^ i)
03:00005014 4A86            	  7928: 	TST.l		d6			* test sign (is 2^0 bit)
03:00005016 6AEC            	  7929: 	BPL.s		subloop		* go do subtract if > 1
                            	  7930: 
03:00005018 DC98            	  7931: 	ADD.l		(a0)+,d6		* z = z + arctan(i)/2pi
03:0000501A D083            	  7932: 	ADD.l		d3,d0			* x = x + y1
03:0000501C 9282            	  7933: 	SUB.l		d2,d1			* y = y + x1
                            	  7934: nexta
03:0000501E 5285            	  7935: 	ADDQ.l	#1,d5			* i = i + 1
03:00005020 BABC0000001E    	  7936: 	CMP.l		#$1E,d5		* check end condition
03:00005026 66E4            	  7937: 	BNE.s		mainloop		* loop if not all done
                            	  7938: 
                            	  7939: 						* now untangle output value
03:00005028 7481            	  7940: 	MOVEQ		#$81-$100,d2	* set exponent for 0 to .99 rec.
03:0000502A 2602            	  7941: 	MOVE.l	d2,d3			* copy it for cos output
                            	  7942: outloop
03:0000502C 4A3900E805BC    	  7943: 	TST.b		cosout		* did we want cos output?
03:00005032 6B04            	  7944: 	BMI.s		subexit		* if so skip
                            	  7945: 
03:00005034 C141            	  7946: 	EXG		d0,d1			* swap SIN and COS mantissas
03:00005036 C543            	  7947: 	EXG		d2,d3			* swap SIN and COS exponents
                            	  7948: subexit
03:00005038 23C000E80594    	  7949: 	MOVE.l	d0,FAC1_m		* set result mantissa
03:0000503E 13C200E80598    	  7950: 	MOVE.b	d2,FAC1_e		* set result exponent
                            	  7951: RTS_021
03:00005044 4E75            	  7952: 	RTS
                            	  7953: 
                            	  7954: 						* set values for 0/1
                            	  7955: LAB_SCZE
03:00005046 7481            	  7956: 	MOVEQ		#$81-$100,d2	* set exponent for 1.0
03:00005048 7600            	  7957: 	MOVEQ		#0,d3			* set exponent for 0.0
03:0000504A 203C80000000    	  7958: 	MOVE.l	#$80000000,d0	* mantissa for 1.0
03:00005050 2203            	  7959: 	MOVE.l	d3,d1			* mantissa for 0.0
03:00005052 60D8            	  7960: 	BRA.s		outloop		* go output it
                            	  7961: 
                            	  7962: * perform ATN()
                            	  7963: 
                            	  7964: LAB_ATN
03:00005054 13FC000000E805BC	  7965: 	MOVE.b	#0,cosout		* set needed result
03:0000505C 103900E80598    	  7966: 	MOVE.b	FAC1_e,d0		* get FAC1 exponent
03:00005062 B03C0081        	  7967: 	CMP.b		#$81,d0		* compare exponent with 1
03:00005066 6510            	  7968: 	BCS.s		LAB_ATLO		* branch if FAC1<1
                            	  7969: 
03:00005068 41FA0B00        	  7970: 	LEA		(LAB_259C,PC),a0	* set 1 pointer
03:0000506C 6100F774        	  7971: 	BSR		LAB_26CA		* convert a0 and do (a0)/FAC1
03:00005070 13FC00FF00E805BC	  7972: 	MOVE.b	#$FF,cosout		* set needed result
                            	  7973: LAB_ATLO
03:00005078 203900E80594    	  7974: 	MOVE.l	FAC1_m,d0		* get FAC1 mantissa
03:0000507E D23900E80598    	  7975: 	ADD.b		FAC1_e,d1		* get FAC1 exponent (always <= 1)
03:00005084 4881            	  7976: 	EXT.w		d1			* make word
03:00005086 48C1            	  7977: 	EXT.l		d1			* make word
03:00005088 4481            	  7978: 	NEG.l		d1			* change to +ve
03:0000508A 5481            	  7979: 	ADDQ.l	#2,d1			* +2
03:0000508C B23C000B        	  7980: 	CMP.b		#11,d1		* compare with 2^-11
03:00005090 64B2            	  7981: 	BCC.s		RTS_021		* x = ATN(x) so skip calc
                            	  7982: 
03:00005092 E2A8            	  7983: 	LSR.l		d1,d0			* shift in two integer part bits
03:00005094 67B0            	  7984: 	BEQ.s		LAB_SCZE		* zero so go do zero
                            	  7985: 
03:00005096 307C58E4        	  7986: 	MOVEA.l	#TAB_ATNC,a0	* pointer to arctan table
03:0000509A 7C00            	  7987: 	MOVEQ		#0,d6			* Z = 0
03:0000509C 223C40000000    	  7988: 	MOVE.l	#1<<30,d1		* y = 1
03:000050A2 7A1D            	  7989: 	MOVEQ		#29,d5		* loop 30 times
03:000050A4 7801            	  7990: 	MOVEQ		#1,d4			* shift counter
03:000050A6 6006            	  7991: 	BRA.s		LAB_ATCD		* enter loop
                            	  7992: 
                            	  7993: LAB_ATNP
03:000050A8 E8A2            	  7994: 	ASR.l		d4,d2			* x1 / 2^i
03:000050AA D282            	  7995: 	ADD.l		d2,d1			* y = y + x1
03:000050AC DC90            	  7996: 	ADD.l		(A0),d6		* z = z + atn(i)
                            	  7997: LAB_ATCD
03:000050AE 2400            	  7998: 	MOVE.l	d0,d2			* x1 = x
03:000050B0 2601            	  7999: 	MOVE.l	d1,d3			* y1 = y
03:000050B2 E8A3            	  8000: 	ASR.l		d4,d3			* y1 / 2^i
                            	  8001: LAB_CATN
03:000050B4 9083            	  8002: 	SUB.l		d3,d0			* x = x - y1
03:000050B6 6AF0            	  8003: 	BPL.s		LAB_ATNP		* branch if x >= 0
                            	  8004: 
03:000050B8 2002            	  8005: 	MOVE.l	d2,d0			* else get x back
03:000050BA 5848            	  8006: 	ADDQ.w	#4,a0			* increment pointer
03:000050BC 5284            	  8007: 	ADDQ.l	#1,d4			* increment i
03:000050BE E283            	  8008: 	ASR.l		#1,d3			* y1 / 2^i
03:000050C0 51CDFFF2        	  8009: 	DBF		d5,LAB_CATN		* decrement and loop if not done
                            	  8010: 
03:000050C4 13FC008200E80598	  8011: 	MOVE.b	#$82,FAC1_e		* set new exponent
03:000050CC 23C600E80594    	  8012: 	MOVE.l	d6,FAC1_m		* save mantissa
03:000050D2 6100F49A        	  8013: 	BSR		LAB_24D5		* normalise FAC1
                            	  8014: 
03:000050D6 4A3900E805BC    	  8015: 	TST.b		cosout		* was it > 1 ?
03:000050DC 6A00FF66        	  8016: 	BPL		RTS_021		* branch if not
                            	  8017: 
03:000050E0 1E3900E80599    	  8018: 	MOVE.b	FAC1_s,d7		* get sign
03:000050E6 13FC000000E80599	  8019: 	MOVE.b	#0,FAC1_s		* clear sign
03:000050EE 23FCC90FDAA200E8	  8020: 	MOVE.l	#$C90FDAA2,FAC2_m	* set -(pi/2)
03:000050F6 059C
                            	  8021: ;	MOVE.w	#$8180,FAC2_E	* set exponent and sign
03:000050F8 33FC818000E805A0	  8022: 	MOVE.w	#$8180,FAC2_e	* set exponent and sign
03:00005100 13FC00FF00E805A2	  8023: 	MOVE.b	#$FF,FAC_sc		* set sign compare
03:00005108 6100F3CA        	  8024: 	BSR		LAB_ADD		* perform addition, FAC2 to FAC1
03:0000510C 13C700E80599    	  8025: 	MOVE.b	d7,FAC1_s		* restore sign
03:00005112 4E75            	  8026: 	RTS
                            	  8027: 
                            	  8028: * perform BITSET
                            	  8029: 
                            	  8030: LAB_BITSET
03:00005114 6100F288        	  8031: 	BSR		LAB_GADB		* get two parameters for POKE or WAIT
                            	  8032: 						* first parameter in a0, second in d0
03:00005118 B03C0008        	  8033: 	CMP.b		#$08,d0		* only 0 to 7 are allowed
03:0000511C 6400DAA2        	  8034: 	BCC		LAB_FCER		* branch if > 7
                            	  8035: 
03:00005120 7202            	  8036: 	MOVEQ		#$02,d1		* set value
03:00005122 E201            	  8037: 	ASR.b		#1,d1			* set Xb and value
03:00005124 E131            	  8038: 	ROXL.b	d0,d1			* move set bit
03:00005126 8210            	  8039: 	OR.b		(a0),d1		* OR with byte
03:00005128 1081            	  8040: 	MOVE.b	d1,(a0)		* save byte
03:0000512A 4E75            	  8041: 	RTS
                            	  8042: 
                            	  8043: * perform BITCLR
                            	  8044: 
                            	  8045: LAB_BITCLR
03:0000512C 6100F270        	  8046: 	BSR		LAB_GADB		* get two parameters for POKE or WAIT
                            	  8047: 						* first parameter in a0, second in d0
03:00005130 B03C0008        	  8048: 	CMP.b		#$08,d0		* only 0 to 7 are allowed
03:00005134 6400DA8A        	  8049: 	BCC		LAB_FCER		* branch if > 7
                            	  8050: 
03:00005138 72FF            	  8051: 	MOVEQ		#$FF-$100,d1	* set value
03:0000513A D201            	  8052: 	ASL.b		#1,d1			* set Xb and value
03:0000513C E131            	  8053: 	ROXL.b	d0,d1			* move cleared bit
03:0000513E C210            	  8054: 	AND.b		(a0),d1		* AND with byte
03:00005140 1081            	  8055: 	MOVE.b	d1,(a0)		* save byte
03:00005142 4E75            	  8056: 	RTS
                            	  8057: 
                            	  8058: * perform BITTST()
                            	  8059: 
                            	  8060: LAB_BTST
03:00005144 6100E7A0        	  8061: 	BSR		LAB_1BFE		* scan for "(" , else do syntax error/warm start
03:00005148 6100F254        	  8062: 	BSR		LAB_GADB		* get two parameters for POKE or WAIT
                            	  8063: 						* first parameter in a0, second in d0
03:0000514C B03C0008        	  8064: 	CMP.b		#$08,d0		* only 0 to 7 are allowed
03:00005150 6400DA6E        	  8065: 	BCC		LAB_FCER		* branch if > 7
                            	  8066: 
03:00005154 2200            	  8067: 	MOVE.l	d0,d1			* copy bit # to test
03:00005156 6100E79C        	  8068: 	BSR		LAB_GBYT		* get next BASIC byte
03:0000515A B03C0029        	  8069: 	CMP.b		#')',d0		* is next character ")"
03:0000515E 6600DA6C        	  8070: 	BNE		LAB_SNER		* if not ")" go do syntax error, then warm start
                            	  8071: 
03:00005162 6100E78E        	  8072: 	BSR		LAB_IGBY		* update execute pointer (to character past ")")
03:00005166 7000            	  8073: 	MOVEQ		#0,d0			* set the result as zero
03:00005168 0310            	  8074: 	BTST		d1,(a0)		* test bit
03:0000516A 6700F814        	  8075: 	BEQ		LAB_27DB		* branch if zero (already correct)
                            	  8076: 
03:0000516E 70FF            	  8077: 	MOVEQ		#-1,d0		* set for -1 result
03:00005170 6000F80E        	  8078: 	BRA		LAB_27DB		* go do SGN tail
                            	  8079: 
                            	  8080: * perform BIN$()
                            	  8081: * # of leading 0s is in d1, the number is in Itemp
                            	  8082: 
                            	  8083: LAB_BINS
03:00005174 B23C0021        	  8084: 	CMP.b		#$21,d1		* max + 1
03:00005178 6400DA46        	  8085: 	BCC		LAB_FCER		* exit if too big ( > or = )
                            	  8086: 
03:0000517C 203900E8042E    	  8087: 	MOVE.l	Itemp,d0		* get number back
03:00005182 741F            	  8088: 	MOVEQ		#$1F,d2		* bit count-1
03:00005184 207C00E805BE    	  8089: 	MOVEA.l	#Binss,a0		* point to string
03:0000518A 7830            	  8090: 	MOVEQ		#$30,d4		* "0" character for ADDX
                            	  8091: NextB1
03:0000518C 7600            	  8092: 	MOVEQ		#0,d3			* clear byte
03:0000518E E288            	  8093: 	LSR.l		#1,d0			* shift bit into Xb
03:00005190 D704            	  8094: 	ADDX.b	d4,d3			* add carry and character to zero
03:00005192 11832000        	  8095: 	MOVE.b	d3,(a0,d2.w)	* save character to string
03:00005196 51CAFFF4        	  8096: 	DBF		d2,NextB1		* decrement and loop if not done
                            	  8097: 
                            	  8098: * this is the exit code and is also used by HEX$()
                            	  8099: 
                            	  8100: EndBHS
03:0000519A 13FC000000E805DE	  8101: 	MOVE.b	#0,BHsend		* null terminate the string
03:000051A2 4A01            	  8102: 	TST.b		d1			* test # of characters
03:000051A4 670C            	  8103: 	BEQ.s		NextB2		* go truncate string
                            	  8104: 
03:000051A6 4481            	  8105: 	NEG.l		d1			* make -ve
03:000051A8 D2BC00E805DE    	  8106: 	ADD.l		#BHsend,d1		* effectively (end-length)
03:000051AE 2041            	  8107: 	MOVEA.l	d1,a0			* move to pointer
03:000051B0 600E            	  8108: 	BRA.s		BinPr			* go print string
                            	  8109: 
                            	  8110: * truncate string to remove leading "0"s
                            	  8111: 
                            	  8112: NextB2
03:000051B2 1010            	  8113: 	MOVE.b	(a0),d0		* get byte
03:000051B4 670A            	  8114: 	BEQ.s		BinPr			* if null then end of string so add 1 and print it
                            	  8115: 
03:000051B6 B03C0030        	  8116: 	CMP.b		#'0',d0		* compare with "0"
03:000051BA 660E            	  8117: 	BNE.s		GoPr			* if not "0" then go print string from here
                            	  8118: 
03:000051BC 5248            	  8119: 	ADDQ.w	#1,a0			* else increment pointer
03:000051BE 60F2            	  8120: 	BRA.s		NextB2		* loop always
                            	  8121: 
                            	  8122: * make fixed length output string - ignore overflows!
                            	  8123: 
                            	  8124: BinPr
03:000051C0 B1FC00E805DE    	  8125: 	CMPA.l	#BHsend,a0		* are we at the string end
03:000051C6 6602            	  8126: 	BNE.s		GoPr			* branch if not
                            	  8127: 
03:000051C8 5348            	  8128: 	SUBQ.w	#1,a0			* else need at least one zero
                            	  8129: GoPr
03:000051CA 6100E726        	  8130: 	BSR		LAB_IGBY		* update execute pointer (to character past ")")
03:000051CE 584F            	  8131: 	ADDQ.w	#4,sp			* bypass type check on exit
03:000051D0 6000EE04        	  8132: 	BRA		LAB_20AE		* print " terminated string to FAC1, stack & RET
                            	  8133: 
                            	  8134: * perform HEX$()
                            	  8135: 
                            	  8136: LAB_HEXS
03:000051D4 B23C0009        	  8137: 	CMP.b		#$09,d1		* max + 1
03:000051D8 6400D9E6        	  8138: 	BCC		LAB_FCER		* exit if too big ( > or = )
                            	  8139: 
03:000051DC 203900E8042E    	  8140: 	MOVE.l	Itemp,d0		* get number back
03:000051E2 7407            	  8141: 	MOVEQ		#$07,d2		* nibble count-1
03:000051E4 207C00E805D6    	  8142: 	MOVEA.l	#Hexss,a0		* point to string
03:000051EA 7830            	  8143: 	MOVEQ		#$30,d4		* "0" character for ABCD
                            	  8144: NextH1
03:000051EC 1600            	  8145: 	MOVE.b	d0,d3			* copy lowest byte
03:000051EE E898            	  8146: 	ROR.l		#4,d0			* shift nibble into 0-3
03:000051F0 C63C000F        	  8147: 	AND.b		#$0F,d3		* just this nibble
03:000051F4 1A03            	  8148: 	MOVE.b	d3,d5			* copy it
03:000051F6 DA3C00F6        	  8149: 	ADD.b		#$F6,d5		* set extend bit
03:000051FA C704            	  8150: 	ABCD		d4,d3			* decimal add extend and character to zero
03:000051FC 11832000        	  8151: 	MOVE.b	d3,(a0,d2.w)	* save character to string
03:00005200 51CAFFEA        	  8152: 	DBF		d2,NextH1		* decrement and loop if not done
                            	  8153: 
03:00005204 6094            	  8154: 	BRA.s		EndBHS		* go process string
                            	  8155: 
                            	  8156: * ctrl-c check routine. includes limited "life" byte save for INGET routine
                            	  8157: * now also the code that checks to see if an interrupt has occurred
                            	  8158: 
                            	  8159: VEC_CC
03:00005206 4A3900E805F1    	  8160: 	TST.b		ccflag		* check [CTRL-C] check flag
03:0000520C 6628            	  8161: 	BNE.s		RTS_022		* exit if inhibited
                            	  8162: 
03:0000520E 4EB900E8040C    	  8163: 	JSR		V_INPT		* scan input device
03:00005214 6412            	  8164: 	BCC.s		LAB_FBA0		* exit if buffer empty
                            	  8165: 
03:00005216 13C000E805F2    	  8166: 	MOVE.b	d0,ccbyte		* save received byte
03:0000521C 13FC002000E805F3	  8167: 	MOVE.b	#$20,ccnull		* set "life" timer for bytes countdown
03:00005224 6000DE22        	  8168: 	BRA		LAB_1636		* return to BASIC
                            	  8169: 
                            	  8170: LAB_FBA0
03:00005228 4A3900E805F3    	  8171: 	TST.b		ccnull		* get countdown byte
03:0000522E 6706            	  8172: 	BEQ.s		RTS_022		* exit if finished
                            	  8173: 
03:00005230 533900E805F3    	  8174: 	SUBQ.b	#1,ccnull		* else decrement countdown
                            	  8175: RTS_022
03:00005236 4E75            	  8176: 	RTS
                            	  8177: 
                            	  8178: * get byte from input device, no waiting
                            	  8179: * returns with carry set if byte in A
                            	  8180: 
                            	  8181: INGET
03:00005238 4EB900E8040C    	  8182: 	JSR		V_INPT		* call scan input device
03:0000523E 650E            	  8183: 	BCS.s		LAB_FB95		* if byte go reset timer
                            	  8184: 
03:00005240 103900E805F3    	  8185: 	MOVE.b	ccnull,d0		* get countdown
03:00005246 67EE            	  8186: 	BEQ.s		RTS_022		* exit if empty
                            	  8187: 
03:00005248 103900E805F2    	  8188: 	MOVE.b	ccbyte,d0		* get last received byte
                            	  8189: LAB_FB95
03:0000524E 13FC000000E805F3	  8190: 	MOVE.b	#$00,ccnull		* clear timer because we got a byte
03:00005256 003C0001        	  8191: 	ORI.b		#1,CCR		* set carry, flag we got a byte
03:0000525A 4E75            	  8192: 	RTS
                            	  8193: 
                            	  8194: * perform MAX()
                            	  8195: 
                            	  8196: LAB_MAX
03:0000525C 6100E688        	  8197: 	BSR		LAB_1BFE		* scan for "(" , else do syntax error/warm start
03:00005260 6100E4B4        	  8198: 	BSR		LAB_EVNM		* evaluate expression & check is numeric,
                            	  8199: 						* else do type mismatch error/warm start
                            	  8200: LAB_MAXN
03:00005264 612C            	  8201: 	BSR.s		LAB_PHFA		* push FAC1, evaluate expression,
                            	  8202: 						* pull FAC2 & compare with FAC1
03:00005266 6AFC            	  8203: 	BPL.s		LAB_MAXN		* branch if no swap to do
                            	  8204: 
03:00005268 6100F6AC        	  8205: 	BSR		LAB_279B		* copy FAC2 to FAC1
03:0000526C 60F6            	  8206: 	BRA.s		LAB_MAXN		* go do next
                            	  8207: 
                            	  8208: * perform MIN()
                            	  8209: 
                            	  8210: LAB_MIN
03:0000526E 6100E676        	  8211: 	BSR		LAB_1BFE		* scan for "(" , else do syntax error/warm start
03:00005272 6100E4A2        	  8212: 	BSR		LAB_EVNM		* evaluate expression & check is numeric,
                            	  8213: 						* else do type mismatch
                            	  8214: LAB_MINN
03:00005276 611A            	  8215: 	BSR.s		LAB_PHFA		* push FAC1, evaluate expression,
                            	  8216: 						* pull FAC2 & compare with FAC1
03:00005278 6BFC            	  8217: 	BMI.s		LAB_MINN		* branch if no swap to do
                            	  8218: 
03:0000527A 67FA            	  8219: 	BEQ.s		LAB_MINN		* branch if no swap to do
                            	  8220: 
03:0000527C 6100F698        	  8221: 	BSR		LAB_279B		* copy FAC2 to FAC1
03:00005280 60F4            	  8222: 	BRA.s		LAB_MINN		* go do next (branch always)
                            	  8223: 
                            	  8224: * exit routine. don't bother returning to the loop code
                            	  8225: * check for correct exit, else so syntax error
                            	  8226: 
                            	  8227: LAB_MMEC
03:00005282 B03C0029        	  8228: 	CMP.b		#')',d0		* is it end of function?
03:00005286 6600D944        	  8229: 	BNE		LAB_SNER		* if not do MAX MIN syntax error
                            	  8230: 
03:0000528A 584F            	  8231: 	ADDQ.w	#4,sp			* dump return address
03:0000528C 6100E664        	  8232: 	BSR		LAB_IGBY		* update BASIC execute pointer (to chr past ")")
03:00005290 4E75            	  8233: 	RTS
                            	  8234: 
                            	  8235: * check for next, evaluate & return or exit
                            	  8236: * this is the routine that does most of the work
                            	  8237: 
                            	  8238: LAB_PHFA
03:00005292 6100E660        	  8239: 	BSR		LAB_GBYT		* get next BASIC byte
03:00005296 B03C002C        	  8240: 	CMP.b		#',',d0		* is there more ?
03:0000529A 66E6            	  8241: 	BNE.s		LAB_MMEC		* if not go do end check
                            	  8242: 
03:0000529C 3F3900E80598    	  8243: 	MOVE.w	FAC1_e,-(sp)	* push exponent and sign
03:000052A2 2F3900E80594    	  8244: 	MOVE.l	FAC1_m,-(sp)	* push mantissa
                            	  8245: 
03:000052A8 6100E648        	  8246: 	BSR		LAB_IGBY		* scan & get next BASIC byte (after ",")
03:000052AC 6100E468        	  8247: 	BSR		LAB_EVNM		* evaluate expression & check is numeric,
                            	  8248: 						* else do type mismatch
                            	  8249: 
                            	  8250: 						* pop FAC2 (MAX/MIN expression so far)
03:000052B0 23DF00E8059C    	  8251: 	MOVE.l	(sp)+,FAC2_m	* pop mantissa
03:000052B6 33DF00E805A0    	  8252: 	MOVE.w	(sp)+,FAC2_e	* pop exponent and sign
                            	  8253: 
03:000052BC 13F900E805A100E8	  8254: 	MOVE.b	FAC2_s,FAC_sc	* save FAC2 sign as sign compare
03:000052C4 05A2
03:000052C6 103900E80599    	  8255: 	MOVE.b	FAC1_s,d0		* get FAC1 sign
03:000052CC B13900E805A2    	  8256: 	EOR.b		d0,FAC_sc		* EOR to create sign compare
                            	  8257: 
03:000052D2 6000F6CE        	  8258: 	BRA		LAB_27FA		* compare FAC1 with FAC2 & return
                            	  8259: 						* returns d0=+1 if FAC1 > FAC2
                            	  8260: 						* returns d0= 0 if FAC1 = FAC2
                            	  8261: 						* returns d0=-1 if FAC1 < FAC2
                            	  8262: 
                            	  8263: * perform WIDTH
                            	  8264: 
                            	  8265: LAB_WDTH
03:000052D6 B03C002C        	  8266: 	CMP.b		#',',d0		* is next byte ","
03:000052DA 6732            	  8267: 	BEQ.s		LAB_TBSZ		* if so do tab size
                            	  8268: 
03:000052DC 6100F064        	  8269: 	BSR		LAB_GTBY		* get byte parameter, result in d0 and Itemp
03:000052E0 4A00            	  8270: 	TST.b		d0			* test result
03:000052E2 6716            	  8271: 	BEQ.s		LAB_NSTT		* branch if set for infinite line
                            	  8272: 
03:000052E4 B03C0010        	  8273: 	CMP.b		#$10,d0		* else make min width = 16d
03:000052E8 6500D8D6        	  8274: 	BCS		LAB_FCER		* if less do function call error & exit
                            	  8275: 
                            	  8276: * this next compare ensures that we can't exit WIDTH via an error leaving the
                            	  8277: * tab size greater than the line length.
                            	  8278: 
03:000052EC B03900E805EA    	  8279: 	CMP.b		TabSiz,d0		* compare with tab size
03:000052F2 6406            	  8280: 	BCC.s		LAB_NSTT		* branch if >= tab size
                            	  8281: 
03:000052F4 13C000E805EA    	  8282: 	MOVE.b	d0,TabSiz		* else make tab size = terminal width
                            	  8283: LAB_NSTT
03:000052FA 13C000E805EF    	  8284: 	MOVE.b	d0,TWidth		* set the terminal width
03:00005300 6100E5F2        	  8285: 	BSR		LAB_GBYT		* get BASIC byte back
03:00005304 6732            	  8286: 	BEQ.s		WExit			* exit if no following
                            	  8287: 
03:00005306 B03C002C        	  8288: 	CMP.b		#',',d0		* else is it ","
03:0000530A 6600D8C0        	  8289: 	BNE		LAB_SNER		* if not do syntax error
                            	  8290: 
                            	  8291: LAB_TBSZ
03:0000530E 6100F02E        	  8292: 	BSR		LAB_SGBY		* increment and get byte, result in d0 and Itemp
03:00005312 4A00            	  8293: 	TST.b		d0			* test TAB size
03:00005314 6B00D8AA        	  8294: 	BMI		LAB_FCER		* if >127 do function call error & exit
                            	  8295: 
03:00005318 B03C0001        	  8296: 	CMP.b		#1,d0			* compare with min-1
03:0000531C 6500D8A2        	  8297: 	BCS		LAB_FCER		* if <=1 do function call error & exit
                            	  8298: 
03:00005320 123900E805EF    	  8299: 	MOVE.b	TWidth,d1		* set flags for width
03:00005326 670A            	  8300: 	BEQ.s		LAB_SVTB		* skip check if infinite line
                            	  8301: 
03:00005328 B03900E805EF    	  8302: 	CMP.b		TWidth,d0		* compare TAB with width
03:0000532E 6E00D890        	  8303: 	BGT		LAB_FCER		* branch if too big
                            	  8304: 
                            	  8305: LAB_SVTB
03:00005332 13C000E805EA    	  8306: 	MOVE.b	d0,TabSiz		* save TAB size
                            	  8307: 
                            	  8308: * calculate tab column limit from TAB size. The Iclim is set to the last tab
                            	  8309: * position on a line that still has at least one whole tab width between it
                            	  8310: * and the end of the line.
                            	  8311: 
                            	  8312: WExit
03:00005338 103900E805EF    	  8313: 	MOVE.b	TWidth,d0		* get width
03:0000533E 670E            	  8314: 	BEQ.s		LAB_WDLP		* branch if infinite line
                            	  8315: 
03:00005340 B03900E805EA    	  8316: 	CMP.b		TabSiz,d0		* compare with tab size
03:00005346 6406            	  8317: 	BCC.s		LAB_WDLP		* branch if >= tab size
                            	  8318: 
03:00005348 13C000E805EA    	  8319: 	MOVE.b	d0,TabSiz		* else make tab size = terminal width
                            	  8320: LAB_WDLP
03:0000534E 903900E805EA    	  8321: 	SUB.b		TabSiz,d0		* subtract tab size
03:00005354 64F8            	  8322: 	BCC.s		LAB_WDLP		* loop while no borrow
                            	  8323: 
03:00005356 D03900E805EA    	  8324: 	ADD.b		TabSiz,d0		* add tab size back
03:0000535C D03900E805EA    	  8325: 	ADD.b		TabSiz,d0		* add tab size back again
                            	  8326: 
03:00005362 4400            	  8327: 	NEG.b		d0			* make -ve
03:00005364 D03900E805EF    	  8328: 	ADD.b		TWidth,d0		* subtract remainder from width
03:0000536A 13C000E805F0    	  8329: 	MOVE.b	d0,Iclim		* save tab column limit
                            	  8330: RTS_023
03:00005370 4E75            	  8331: 	RTS
                            	  8332: 
                            	  8333: * perform SQR()
                            	  8334: 
                            	  8335: * d0 is number to find the root of
                            	  8336: * d1 is the root result
                            	  8337: * d2 is the remainder
                            	  8338: * d3 is a counter
                            	  8339: * d4 is temp
                            	  8340: 
                            	  8341: LAB_SQR
03:00005372 4A3900E80599    	  8342: 	TST.b		FAC1_s		* test FAC1 sign
03:00005378 6B00D846        	  8343: 	BMI		LAB_FCER		* if -ve do function call error
                            	  8344: 
03:0000537C 4A3900E80598    	  8345: 	TST.b		FAC1_e		* test exponent
03:00005382 67EC            	  8346: 	BEQ.s		RTS_023		* exit if zero
                            	  8347: 
03:00005384 48E77800        	  8348: 	MOVEM.l	d1-d4,-(sp)		* save registers
03:00005388 203900E80594    	  8349: 	MOVE.l	FAC1_m,d0		* copy FAC1
03:0000538E 7400            	  8350: 	MOVEQ		#0,d2			* clear remainder
03:00005390 2202            	  8351: 	MOVE.l	d2,d1			* clear root
                            	  8352: 
03:00005392 761F            	  8353: 	MOVEQ		#$1F,d3		* $1F for DBF, 64 pairs of bits to
                            	  8354: 						* do for a 32 bit result
03:00005394 0839000000E80598	  8355: 	BTST		#0,FAC1_e		* test exponent odd/even
03:0000539C 6606            	  8356: 	BNE.s		LAB_SQE2		* if odd only 1 shift first time
                            	  8357: 
                            	  8358: LAB_SQE1
03:0000539E D080            	  8359: 	ADD.l		d0,d0			* shift highest bit of number ..
03:000053A0 D582            	  8360: 	ADDX.l	d2,d2			* .. into remainder .. never overflows
03:000053A2 D281            	  8361: 	ADD.l		d1,d1			* root = root * 2 .. never overflows
                            	  8362: LAB_SQE2
03:000053A4 D080            	  8363: 	ADD.l		d0,d0			* shift highest bit of number ..
03:000053A6 D582            	  8364: 	ADDX.l	d2,d2			* .. into remainder .. never overflows
                            	  8365: 
03:000053A8 2801            	  8366: 	MOVE.l	d1,d4			* copy root
03:000053AA D884            	  8367: 	ADD.l		d4,d4			* 2n
03:000053AC 5284            	  8368: 	ADDQ.l	#1,d4			* 2n+1
                            	  8369: 
03:000053AE B484            	  8370: 	CMP.l		d4,d2			* compare 2n+1 to remainder
03:000053B0 6504            	  8371: 	BCS.s		LAB_SQNS		* skip sub if remainder smaller
                            	  8372: 
03:000053B2 9484            	  8373: 	SUB.l		d4,d2			* subtract temp from remainder
03:000053B4 5281            	  8374: 	ADDQ.l	#1,d1			* increment root
                            	  8375: LAB_SQNS
03:000053B6 51CBFFE6        	  8376: 	DBF		d3,LAB_SQE1		* loop if not all done
                            	  8377: 
03:000053BA 23C100E80594    	  8378: 	MOVE.l	d1,FAC1_m		* save result mantissa
03:000053C0 103900E80598    	  8379: 	MOVE.b	FAC1_e,d0		* get exponent (d0 is clear here)
03:000053C6 907C0080        	  8380: 	SUB.w		#$80,d0		* normalise
03:000053CA E248            	  8381: 	LSR.w		#1,d0			* /2
03:000053CC 6402            	  8382: 	BCC.s		LAB_SQNA		* skip increment if carry clear
                            	  8383: 
03:000053CE 5240            	  8384: 	ADDQ.w	#1,d0			* add bit zero back in (allow for half shift)
                            	  8385: LAB_SQNA
03:000053D0 D07C0080        	  8386: 	ADD.w		#$80,d0		* re-bias to $80
03:000053D4 13C000E80598    	  8387: 	MOVE.b	d0,FAC1_e		* save it
03:000053DA 4CDF001E        	  8388: 	MOVEM.l	(sp)+,d1-d4		* restore registers
03:000053DE 6000F18E        	  8389: 	BRA		LAB_24D5		* normalise FAC1 & return
                            	  8390: 
                            	  8391: * perform VARPTR()
                            	  8392: 
                            	  8393: LAB_VARPTR
03:000053E2 6100E502        	  8394: 	BSR		LAB_1BFE		* scan for "(" , else do syntax error/warm start
03:000053E6 6100E724        	  8395: 	BSR		LAB_GVAR		* get var address
                            	  8396: 						* return pointer to variable in Cvaral and a0
03:000053EA 6100E4F6        	  8397: 	BSR		LAB_1BFB		* scan for ")" , else do syntax error/warm start
03:000053EE 203900E80472    	  8398: 	MOVE.l	Cvaral,d0		* get var address
03:000053F4 6000EA8E        	  8399: 	BRA		LAB_AYFC		* convert d0 to signed longword in FAC1 & return
                            	  8400: 
                            	  8401: * perform PI
                            	  8402: 
                            	  8403: LAB_PI
03:000053F8 13FC000000E805BD	  8404: 	MOVE.b	#$00,Dtypef		* clear data type flag, $00=float
03:00005400 23FCC90FDAA200E8	  8405: 	MOVE.l	#$C90FDAA2,FAC1_m	* pi mantissa (32 bit)
03:00005408 0594
03:0000540A 33FC820000E80598	  8406: 	MOVE.w	#$8200,FAC1_e	* pi exponent and sign
03:00005412 4E75            	  8407: 	RTS
                            	  8408: 
                            	  8409: * perform TWOPI
                            	  8410: 
                            	  8411: LAB_TWOPI
03:00005414 13FC000000E805BD	  8412: 	MOVE.b	#$00,Dtypef		* clear data type flag, $00=float
03:0000541C 23FCC90FDAA200E8	  8413: 	MOVE.l	#$C90FDAA2,FAC1_m	* 2pi mantissa (32 bit)
03:00005424 0594
03:00005426 33FC830000E80598	  8414: 	MOVE.w	#$8300,FAC1_e	* 2pi exponent and sign
03:0000542E 4E75            	  8415: 	RTS
                            	  8416: 
                            	  8417: * get ASCII string equivalent into FAC1 as integer32 or float
                            	  8418: 
                            	  8419: * entry is with a5 pointing to the first character of the string
                            	  8420: * exit with a5 pointing to the first character after the string
                            	  8421: 
                            	  8422: * d0 is character
                            	  8423: * d1 is mantissa
                            	  8424: * d2 is partial and table mantissa
                            	  8425: * d3 is mantissa exponent (decimal & binary)
                            	  8426: * d4 is decimal exponent
                            	  8427: 
                            	  8428: * get FAC1 from string
                            	  8429: * this routine now handles hex and binary values from strings
                            	  8430: * starting with "$" and "%" respectively
                            	  8431: 
                            	  8432: LAB_2887
03:00005430 48E77C00        	  8433: 	MOVEM.l	d1-d5,-(sp)		* save registers
03:00005434 7200            	  8434: 	MOVEQ		#$00,d1		* clear temp accumulator
03:00005436 2601            	  8435: 	MOVE.l	d1,d3			* set mantissa decimal exponent count
03:00005438 2801            	  8436: 	MOVE.l	d1,d4			* clear decimal exponent
03:0000543A 13C100E80599    	  8437: 	MOVE.b	d1,FAC1_s		* clear sign byte
03:00005440 13C100E805BD    	  8438: 	MOVE.b	d1,Dtypef		* set float data type
03:00005446 13C100E805B7    	  8439: 	MOVE.b	d1,expneg		* clear exponent sign
03:0000544C 6100E4A6        	  8440: 	BSR		LAB_GBYT		* get first byte back
03:00005450 653E            	  8441: 	BCS.s		LAB_28FE		* go get floating if 1st character numeric
                            	  8442: 
03:00005452 B03C002D        	  8443: 	CMP.b		#'-',d0		* or is it -ve number
03:00005456 660A            	  8444: 	BNE.s		LAB_289A		* branch if not
                            	  8445: 
03:00005458 13FC00FF00E80599	  8446: 	MOVE.b	#$FF,FAC1_s		* set sign byte
03:00005460 6006            	  8447: 	BRA.s		LAB_289C		* now go scan & check for hex/bin/int
                            	  8448: 
                            	  8449: LAB_289A
                            	  8450: 						* first character wasn't numeric or -
03:00005462 B03C002B        	  8451: 	CMP.b		#'+',d0		* compare with '+'
03:00005466 6606            	  8452: 	BNE.s		LAB_289D		* branch if not '+' (go check for '.'/hex/bin/int)
                            	  8453: 	
                            	  8454: LAB_289C
                            	  8455: 						* was "+" or "-" to start, so get next character
03:00005468 6100E488        	  8456: 	BSR		LAB_IGBY		* increment & scan memory
03:0000546C 6522            	  8457: 	BCS.s		LAB_28FE		* branch if numeric character
                            	  8458: 
                            	  8459: LAB_289D
03:0000546E B03C002E        	  8460: 	CMP.b		#'.',d0		* else compare with '.'
03:00005472 67000094        	  8461: 	BEQ		LAB_2904		* branch if '.'
                            	  8462: 
                            	  8463: 						* code here for hex/binary/integer numbers
03:00005476 B03C0024        	  8464: 	CMP.b		#'$',d0		* compare with '$'
03:0000547A 6700011E        	  8465: 	BEQ		LAB_CHEX		* branch if '$'
                            	  8466: 
03:0000547E B03C0025        	  8467: 	CMP.b		#'%',d0		* else compare with '%'
03:00005482 6700017E        	  8468: 	BEQ		LAB_CBIN		* branch if '%'
                            	  8469: 
                            	  8470: **	CMP.b		#'&',d0		* else compare with '&'
                            	  8471: **	BEQ.s		LAB_CINT		* branch if '&' go do integer get ##
                            	  8472: 
                            	  8473: * ##	BRA		LAB_SNER		* not #.$%& so do error
03:00005486 6000008E        	  8474: 	BRA		LAB_2Y01		* not #.$%& so return 0
                            	  8475: 
                            	  8476: LAB_28FD
03:0000548A 6100E466        	  8477: 	BSR		LAB_IGBY		* get next character
03:0000548E 646E            	  8478: 	BCC.s		LAB_2902		* exit loop if not a digit
                            	  8479: 
                            	  8480: LAB_28FE
03:00005490 610001C4        	  8481: 	BSR		d1x10			* multiply d1 by 10 and add character
03:00005494 64F4            	  8482: 	BCC.s		LAB_28FD		* loop for more if no overflow
                            	  8483: 
                            	  8484: LAB_28FF
                            	  8485: 						* overflowed mantissa, count 10s exponent
03:00005496 5283            	  8486: 	ADDQ.l	#1,d3			* increment mantissa decimal exponent count
03:00005498 6100E458        	  8487: 	BSR		LAB_IGBY		* get next character
03:0000549C 65F8            	  8488: 	BCS.s		LAB_28FF		* loop while numeric character
                            	  8489: 
                            	  8490: 						* done overflow, now flush fraction or do E
03:0000549E B03C002E        	  8491: 	CMP.b		#'.',d0		* else compare with '.'
03:000054A2 6606            	  8492: 	BNE.s		LAB_2901		* branch if not '.'
                            	  8493: 
                            	  8494: LAB_2900
                            	  8495: 						* flush remaining fractional digits
03:000054A4 6100E44C        	  8496: 	BSR		LAB_IGBY		* get next character
03:000054A8 65FA            	  8497: 	BCS		LAB_2900		* loop while numeric character
                            	  8498: 
                            	  8499: LAB_2901
                            	  8500: 						* done number, only (possible) exponent remains
03:000054AA B03C0045        	  8501: 	CMP.b		#'E',d0		* else compare with 'E'
03:000054AE 6666            	  8502: 	BNE.s		LAB_2Y01		* if not 'E' all done, go evaluate
                            	  8503: 
                            	  8504: 						* process exponent
03:000054B0 6100E440        	  8505: 	BSR		LAB_IGBY		* get next character
03:000054B4 652A            	  8506: 	BCS.s		LAB_2X04		* branch if digit
                            	  8507: 
03:000054B6 B03C002D        	  8508: 	CMP.b		#'-',d0		* or is it -ve number
03:000054BA 6706            	  8509: 	BEQ.s		LAB_2X01		* branch if so
                            	  8510: 
03:000054BC B03C00B2        	  8511: 	CMP.b		#TK_MINUS,d0	* or is it -ve number
03:000054C0 660A            	  8512: 	BNE.s		LAB_2X02		* branch if not
                            	  8513: 
                            	  8514: LAB_2X01
03:000054C2 13FC00FF00E805B7	  8515: 	MOVE.b	#$FF,expneg		* set exponent sign
03:000054CA 600E            	  8516: 	BRA.s		LAB_2X03		* now go scan & check exponent
                            	  8517: 
                            	  8518: LAB_2X02
03:000054CC B03C002B        	  8519: 	CMP.b		#'+',d0		* or is it +ve number
03:000054D0 6708            	  8520: 	BEQ.s		LAB_2X03		* branch if so
                            	  8521: 
03:000054D2 B03C00B1        	  8522: 	CMP.b		#TK_PLUS,d0		* or is it +ve number
03:000054D6 6600D6F4        	  8523: 	BNE		LAB_SNER		* wasn't - + TK_MINUS TK_PLUS or # so do error
                            	  8524: 
                            	  8525: LAB_2X03
03:000054DA 6100E416        	  8526: 	BSR		LAB_IGBY		* get next character
03:000054DE 6436            	  8527: 	BCC.s		LAB_2Y01		* if not digit all done, go evaluate
                            	  8528: LAB_2X04
03:000054E0 C8FC000A        	  8529: 	MULU		#10,d4		* multiply decimal exponent by 10
03:000054E4 C0BC000000FF    	  8530: 	AND.l		#$FF,d0		* mask character
03:000054EA 903C0030        	  8531: 	SUB.b		#'0',d0		* convert to value
03:000054EE D880            	  8532: 	ADD.l		d0,d4			* add to decimal exponent
03:000054F0 B83C0030        	  8533: 	CMP.b		#48,d4		* compare with decimal exponent limit+10
03:000054F4 6FE4            	  8534: 	BLE.s		LAB_2X03		* loop if no overflow/underflow
                            	  8535: 
                            	  8536: LAB_2X05
                            	  8537: 						* exponent value has overflowed
03:000054F6 6100E3FA        	  8538: 	BSR		LAB_IGBY		* get next character
03:000054FA 65FA            	  8539: 	BCS.s		LAB_2X05		* loop while numeric digit
                            	  8540: 
03:000054FC 6018            	  8541: 	BRA.s		LAB_2Y01		* all done, go evaluate
                            	  8542: 
                            	  8543: LAB_2902
03:000054FE B03C002E        	  8544: 	CMP.b		#'.',d0		* else compare with '.'
03:00005502 6704            	  8545: 	BEQ.s		LAB_2904		* branch if was '.'
                            	  8546: 
03:00005504 60A4            	  8547: 	BRA.s		LAB_2901		* branch if not '.' (go check/do 'E')
                            	  8548: 
                            	  8549: LAB_2903
03:00005506 5383            	  8550: 	SUBQ.l	#1,d3			* decrement mantissa decimal exponent
                            	  8551: LAB_2904
                            	  8552: 						* was dp so get fractional part
03:00005508 6100E3E8        	  8553: 	BSR		LAB_IGBY		* get next character
03:0000550C 649C            	  8554: 	BCC.s		LAB_2901		* exit loop if not a digit (go check/do 'E')
                            	  8555: 
03:0000550E 61000146        	  8556: 	BSR		d1x10			* multiply d1 by 10 and add character
03:00005512 64F2            	  8557: 	BCC.s		LAB_2903		* loop for more if no overflow
                            	  8558: 
03:00005514 608E            	  8559: 	BRA.s		LAB_2900		* else go flush remaining fractional part
                            	  8560: 
                            	  8561: LAB_2Y01
                            	  8562: 						* now evaluate result
03:00005516 4A3900E805B7    	  8563: 	TST.b		expneg		* test exponent sign
03:0000551C 6A02            	  8564: 	BPL.s		LAB_2Y02		* branch if sign positive
                            	  8565: 
03:0000551E 4484            	  8566: 	NEG.l		d4			* negate decimal exponent
                            	  8567: LAB_2Y02
03:00005520 D883            	  8568: 	ADD.l		d3,d4			* add mantissa decimal exponent
03:00005522 7620            	  8569: 	MOVEQ		#32,d3		* set up max binary exponent
03:00005524 4A81            	  8570: 	TST.l		d1			* test mantissa
03:00005526 675E            	  8571: 	BEQ.s		LAB_rtn0		* if mantissa=0 return 0
                            	  8572: 
03:00005528 6B08            	  8573: 	BMI.s		LAB_2Y04		* branch if already mormalised
                            	  8574: 
03:0000552A 5383            	  8575: 	SUBQ.l	#1,d3			* decrement bianry exponent for DBMI loop
                            	  8576: LAB_2Y03
03:0000552C D281            	  8577: 	ADD.l		d1,d1			* shift mantissa
03:0000552E 5BCBFFFC        	  8578: 	DBMI		d3,LAB_2Y03		* decrement & loop if not normalised
                            	  8579: 
                            	  8580: 						* ensure not too big or small
                            	  8581: LAB_2Y04
03:00005532 B8BC00000026    	  8582: 	CMP.l		#38,d4		* compare decimal exponent with max exponent
03:00005538 6E00D682        	  8583: 	BGT		LAB_OFER		* if greater do overflow error and warm start
                            	  8584: 
03:0000553C B8BCFFFFFFDA    	  8585: 	CMP.l		#-38,d4		* compare decimal exponent with min exponent
03:00005542 6D40            	  8586: 	BLT.s		LAB_ret0		* if less just return zero
                            	  8587: 
03:00005544 4484            	  8588: 	NEG.l		d4			* negate decimal exponent to go right way
03:00005546 C9FC0006        	  8589: 	MULS		#6,d4			* 6 bytes per entry
03:0000554A 2F08            	  8590: 	MOVE.l	a0,-(sp)		* save register
03:0000554C 41FA0228        	  8591: 	LEA		(LAB_P_10,PC),a0	* point to table
03:00005550 13F0400100E805A0	  8592: 	MOVE.b	1(a0,d4.w),FAC2_e	* copy exponent for multiply
03:00005558 23F0400200E8059C	  8593: 	MOVE.l	2(a0,d4.w),FAC2_m	* copy table mantissa
03:00005560 205F            	  8594: 	MOVE.l	(sp)+,a0		* restore register
                            	  8595: 
03:00005562 0A030080        	  8596: 	EORI.b	#$80,d3		* normalise input exponent
03:00005566 23C100E80594    	  8597: 	MOVE.l	d1,FAC1_m		* save input mantissa
03:0000556C 13C300E80598    	  8598: 	MOVE.b	d3,FAC1_e		* save input exponent
03:00005572 13F900E8059900E8	  8599: 	MOVE.b	FAC1_s,FAC_sc	* set sign as sign compare
03:0000557A 05A2
                            	  8600: 
03:0000557C 4CDF003E        	  8601: 	MOVEM.l	(sp)+,d1-d5		* restore registers
03:00005580 6000F14E        	  8602: 	BRA		LAB_MULTIPLY	* go multiply input by table
                            	  8603: 
                            	  8604: LAB_ret0
03:00005584 7200            	  8605: 	MOVEQ		#0,d1			* clear mantissa
                            	  8606: LAB_rtn0
03:00005586 2601            	  8607: 	MOVE.l	d1,d3			* clear exponent
03:00005588 13C300E80598    	  8608: 	MOVE.b	d3,FAC1_e		* save exponent
03:0000558E 23C100E80594    	  8609: 	MOVE.l	d1,FAC1_m		* save mantissa
03:00005594 4CDF003E        	  8610: 	MOVEM.l	(sp)+,d1-d5		* restore registers
03:00005598 4E75            	  8611: 	RTS
                            	  8612: 
                            	  8613: * $ for hex add-on
                            	  8614: 
                            	  8615: * gets here if the first character was "$" for hex
                            	  8616: * get hex number
                            	  8617: 
                            	  8618: LAB_CHEX
03:0000559A 13FC004000E805BD	  8619: 	MOVE.b	#$40,Dtypef		* set integer numeric data type
03:000055A2 7620            	  8620: 	MOVEQ		#32,d3		* set up max binary exponent
                            	  8621: LAB_CHXX
03:000055A4 6100E34C        	  8622: 	BSR		LAB_IGBY		* increment & scan memory
03:000055A8 6514            	  8623: 	BCS.s		LAB_ISHN		* branch if numeric character
                            	  8624: 
03:000055AA 803C0020        	  8625: 	OR.b		#$20,d0		* case convert, allow "A" to "F" and "a" to "f"
03:000055AE 903C0061        	  8626: 	SUB.b		#'a',d0		* subtract "a"
03:000055B2 652A            	  8627: 	BCS.s		LAB_CHX3		* exit if <"a"
                            	  8628: 
03:000055B4 B03C0006        	  8629: 	CMP.b		#$06,d0		* compare normalised with $06 (max+1)
03:000055B8 6424            	  8630: 	BCC.s		LAB_CHX3		* exit if >"f"
                            	  8631: 
03:000055BA D03C003A        	  8632: 	ADD.b		#$3A,d0		* convert to nibble+"0"
                            	  8633: LAB_ISHN
03:000055BE 6172            	  8634: 	BSR.s		d1x16			* multiply d1 by 16 and add character
03:000055C0 64E2            	  8635: 	BCC.s		LAB_CHXX		* loop for more if no overflow
                            	  8636: 
                            	  8637: 						* overflowed mantissa, count 16s exponent
                            	  8638: LAB_CHX1
03:000055C2 5883            	  8639: 	ADDQ.l	#4,d3			* increment mantissa exponent count
03:000055C4 6900D5F6        	  8640: 	BVS		LAB_OFER		* do overflow error if overflowed
                            	  8641: 
03:000055C8 6100E328        	  8642: 	BSR		LAB_IGBY		* get next character
03:000055CC 65F4            	  8643: 	BCS.s		LAB_CHX1		* loop while numeric character
                            	  8644: 
03:000055CE 803C0020        	  8645: 	OR.b		#$20,d0		* case convert, allow "A" to "F" and "a" to "f"
03:000055D2 903C0061        	  8646: 	SUB.b		#'a',d0		* subtract "a"
03:000055D6 6506            	  8647: 	BCS.s		LAB_CHX3		* exit if <"a"
                            	  8648: 
03:000055D8 B03C0006        	  8649: 	CMP.b		#$06,d0		* compare normalised with $06 (max+1)
03:000055DC 65E4            	  8650: 	BCS.s		LAB_CHX1		* loop if <="f"
                            	  8651: 
                            	  8652: 						* now return value
                            	  8653: LAB_CHX3
03:000055DE 4A81            	  8654: 	TST.l		d1			* test mantissa
03:000055E0 67A4            	  8655: 	BEQ.s		LAB_rtn0		* if mantissa=0 return 0
                            	  8656: 
03:000055E2 6B08            	  8657: 	BMI.s		LAB_exxf		* branch if already mormalised
                            	  8658: 
03:000055E4 5383            	  8659: 	SUBQ.l	#1,d3			* decrement bianry exponent for DBMI loop
                            	  8660: LAB_CHX2
03:000055E6 D281            	  8661: 	ADD.l		d1,d1			* shift mantissa
03:000055E8 5BCBFFFC        	  8662: 	DBMI		d3,LAB_CHX2		* decrement & loop if not normalised
                            	  8663: 
                            	  8664: LAB_exxf
03:000055EC 0A030080        	  8665: 	EORI.b	#$80,d3		* normalise exponent
03:000055F0 13C300E80598    	  8666: 	MOVE.b	d3,FAC1_e		* save exponent
03:000055F6 23C100E80594    	  8667: 	MOVE.l	d1,FAC1_m		* save mantissa
03:000055FC 4CDF003E        	  8668: 	MOVEM.l	(sp)+,d1-d5		* restore registers
                            	  8669: RTS_024
03:00005600 4E75            	  8670: 	RTS
                            	  8671: 
                            	  8672: * % for binary add-on
                            	  8673: 
                            	  8674: * gets here if the first character was  "%" for binary
                            	  8675: * get binary number
                            	  8676: 
                            	  8677: LAB_CBIN
03:00005602 13FC004000E805BD	  8678: 	MOVE.b	#$40,Dtypef		* set integer numeric data type
03:0000560A 7620            	  8679: 	MOVEQ		#32,d3		* set up max binary exponent
                            	  8680: LAB_CBXN
03:0000560C 6100E2E4        	  8681: 	BSR		LAB_IGBY		* increment & scan memory
03:00005610 64CC            	  8682: 	BCC.s		LAB_CHX3		* if not numeric character go return value
                            	  8683: 
03:00005612 B03C0032        	  8684: 	CMP.b		#'2',d0		* compare with "2" (max+1)
03:00005616 64C6            	  8685: 	BCC.s		LAB_CHX3		* if >="2" go return value
                            	  8686: 
03:00005618 2401            	  8687: 	MOVE.l	d1,d2			* copy value
03:0000561A 6124            	  8688: 	BSR.s		d1x02			* multiply d1 by 2 and add character
03:0000561C 64EE            	  8689: 	BCC.s		LAB_CBXN		* loop for more if no overflow
                            	  8690: 
                            	  8691: 						* overflowed mantissa, count 2s exponent
                            	  8692: LAB_CBX1
03:0000561E 5283            	  8693: 	ADDQ.l	#1,d3			* increment mantissa exponent count
03:00005620 6900D59A        	  8694: 	BVS		LAB_OFER		* do overflow error if overflowed
                            	  8695: 
03:00005624 6100E2CC        	  8696: 	BSR		LAB_IGBY		* get next character
03:00005628 64B4            	  8697: 	BCC.s		LAB_CHX3		* if not numeric character go return value
                            	  8698: 
03:0000562A B03C0032        	  8699: 	CMP.b		#'2',d0		* compare with "2" (max+1)
03:0000562E 65EE            	  8700: 	BCS.s		LAB_CBX1		* loop if <"2"
                            	  8701: 
03:00005630 60AC            	  8702: 	BRA.s		LAB_CHX3		* if not numeric character go return value
                            	  8703: 
                            	  8704: * half way decent times 16 and times 2 with overflow checks
                            	  8705: 
                            	  8706: d1x16
03:00005632 2401            	  8707: 	MOVE.l	d1,d2			* copy value
03:00005634 D482            	  8708: 	ADD.l		d2,d2			* times two
03:00005636 65C8            	  8709: 	BCS.s		RTS_024		* return if overflow
                            	  8710: 
03:00005638 D482            	  8711: 	ADD.l		d2,d2			* times four
03:0000563A 65C4            	  8712: 	BCS.s		RTS_024		* return if overflow
                            	  8713: 
03:0000563C D482            	  8714: 	ADD.l		d2,d2			* times eight
03:0000563E 65C0            	  8715: 	BCS.s		RTS_024		* return if overflow
                            	  8716: 
                            	  8717: d1x02
03:00005640 D482            	  8718: 	ADD.l		d2,d2			* times sixteen (ten/two)
03:00005642 65BC            	  8719: 	BCS.s		RTS_024		* return if overflow
                            	  8720: 
                            	  8721: * now add in new digit
                            	  8722: 
03:00005644 C0BC000000FF    	  8723: 	AND.l		#$FF,d0		* mask character
03:0000564A 903C0030        	  8724: 	SUB.b		#'0',d0		* convert to value
03:0000564E D480            	  8725: 	ADD.l		d0,d2			* add to result
03:00005650 65AE            	  8726: 	BCS.s		RTS_024		* return if overflow (should never ever do this ##)
                            	  8727: 
03:00005652 2202            	  8728: 	MOVE.l	d2,d1			* copy result
03:00005654 4E75            	  8729: 	RTS
                            	  8730: 
                            	  8731: * half way decent times 10 with overflow checks
                            	  8732: 
                            	  8733: d1x10
03:00005656 2401            	  8734: 	MOVE.l	d1,d2			* copy value
03:00005658 D482            	  8735: 	ADD.l		d2,d2			* times two
03:0000565A 6508            	  8736: 	BCS.s		RTS_025		* return if overflow
                            	  8737: 
03:0000565C D482            	  8738: 	ADD.l		d2,d2			* times four
03:0000565E 6504            	  8739: 	BCS.s		RTS_025		* return if overflow
                            	  8740: 
03:00005660 D481            	  8741: 	ADD.l		d1,d2			* times five
03:00005662 64DC            	  8742: 	BCC.s		d1x02			* do times two and add in new digit if ok
                            	  8743: 
                            	  8744: RTS_025
03:00005664 4E75            	  8745: 	RTS
                            	  8746: 
                            	  8747: *************************************************************************************
                            	  8748: 
                            	  8749: * token values needed for BASIC
                            	  8750: 
                            	  8751: TK_END		EQU $80
                            	  8752: TK_FOR		EQU TK_END+1	* $81	* FOR token
                            	  8753: TK_NEXT		EQU TK_FOR+1	* $82
                            	  8754: TK_DATA		EQU TK_NEXT+1	* $83	* DATA token
                            	  8755: TK_INPUT		EQU TK_DATA+1	* $84
                            	  8756: TK_DIM		EQU TK_INPUT+1	* $85
                            	  8757: TK_READ		EQU TK_DIM+1	* $86
                            	  8758: TK_LET		EQU TK_READ+1	* $87
                            	  8759: TK_DEC		EQU TK_LET+1	* $88
                            	  8760: TK_GOTO		EQU TK_DEC+1	* $89	* GOTO token
                            	  8761: TK_RUN		EQU TK_GOTO+1	* $8A
                            	  8762: TK_IF			EQU TK_RUN+1	* $8B
                            	  8763: TK_RESTORE		EQU TK_IF+1		* $8C
                            	  8764: TK_GOSUB		EQU TK_RESTORE+1	* $8D	* GOSUB token
                            	  8765: TK_RETURN		EQU TK_GOSUB+1	* $8E
                            	  8766: TK_REM		EQU TK_RETURN+1	* $8F	* REM token
                            	  8767: TK_STOP		EQU TK_REM+1	* $90
                            	  8768: TK_ON			EQU TK_STOP+1	* $91	* ON token
                            	  8769: TK_NULL		EQU TK_ON+1		* $92
                            	  8770: TK_INC		EQU TK_NULL+1	* $93
                            	  8771: TK_WAIT		EQU TK_INC+1	* $94
                            	  8772: TK_LOAD		EQU TK_WAIT+1	* $95
                            	  8773: TK_SAVE		EQU TK_LOAD+1	* $96
                            	  8774: TK_DEF		EQU TK_SAVE+1	* $97
                            	  8775: TK_POKE		EQU TK_DEF+1	* $98
                            	  8776: TK_DOKE		EQU TK_POKE+1	* $99
                            	  8777: TK_LOKE		EQU TK_DOKE+1	* $9A
                            	  8778: TK_CALL		EQU TK_LOKE+1	* $9B
                            	  8779: TK_DO			EQU TK_CALL+1	* $9C	* DO token
                            	  8780: TK_LOOP		EQU TK_DO+1		* $9D
                            	  8781: TK_PRINT		EQU TK_LOOP+1	* $9E	* PRINT token
                            	  8782: TK_CONT		EQU TK_PRINT+1	* $9F
                            	  8783: TK_LIST		EQU TK_CONT+1	* $A0
                            	  8784: TK_CLEAR		EQU TK_LIST+1	* $A1	* CLEAR token
                            	  8785: TK_NEW		EQU TK_CLEAR+1	* $A2
                            	  8786: TK_WIDTH		EQU TK_NEW+1	* $A3
                            	  8787: TK_GET		EQU TK_WIDTH+1	* $A4
                            	  8788: TK_SWAP		EQU TK_GET+1	* $A5
                            	  8789: TK_BITSET		EQU TK_SWAP+1	* $A6
                            	  8790: TK_BITCLR		EQU TK_BITSET+1	* $A7
                            	  8791: TK_TAB		EQU TK_BITCLR+1	* $A8	* TAB token
                            	  8792: TK_TO			EQU TK_TAB+1	* $A9	* TO token
                            	  8793: TK_FN			EQU TK_TO+1		* $AA	* FN token
                            	  8794: TK_SPC		EQU TK_FN+1		* $AB	* SPC token
                            	  8795: TK_THEN		EQU TK_SPC+1	* $AC	* THEN token
                            	  8796: TK_NOT		EQU TK_THEN+1	* $AD	* NOT token
                            	  8797: TK_STEP		EQU TK_NOT+1	* $AE	* STEP token
                            	  8798: TK_UNTIL		EQU TK_STEP+1	* $AF	* UNTIL token
                            	  8799: TK_WHILE		EQU TK_UNTIL+1	* $B0
                            	  8800: TK_PLUS		EQU TK_WHILE+1	* $B1	* + token
                            	  8801: TK_MINUS		EQU TK_PLUS+1	* $B2	* - token
                            	  8802: TK_MULT		EQU TK_MINUS+1	* $B3
                            	  8803: TK_DIV		EQU TK_MULT+1	* $B4
                            	  8804: TK_POWER		EQU TK_DIV+1	* $B5
                            	  8805: TK_AND		EQU TK_POWER+1	* $B6
                            	  8806: TK_EOR		EQU TK_AND+1	* $B7
                            	  8807: TK_OR			EQU TK_EOR+1	* $B8
                            	  8808: TK_RSHIFT		EQU TK_OR+1		* $B9
                            	  8809: TK_LSHIFT		EQU TK_RSHIFT+1	* $BA
                            	  8810: TK_GT			EQU TK_LSHIFT+1	* $BB	* > token
                            	  8811: TK_EQUAL		EQU TK_GT+1		* $BC	* = token
                            	  8812: TK_LT			EQU TK_EQUAL+1	* $BD	* < token
                            	  8813: TK_SGN		EQU TK_LT+1		* $BE	* SGN token
                            	  8814: TK_INT		EQU TK_SGN+1	* $BF
                            	  8815: TK_ABS		EQU TK_INT+1	* $C0
                            	  8816: TK_USR		EQU TK_ABS+1	* $C1
                            	  8817: TK_FRE		EQU TK_USR+1	* $C2
                            	  8818: TK_POS		EQU TK_FRE+1	* $C3
                            	  8819: TK_SQR		EQU TK_POS+1	* $C4
                            	  8820: TK_RND		EQU TK_SQR+1	* $C5
                            	  8821: TK_LOG		EQU TK_RND+1	* $C6
                            	  8822: TK_EXP		EQU TK_LOG+1	* $C7
                            	  8823: TK_COS		EQU TK_EXP+1	* $C8
                            	  8824: TK_SIN		EQU TK_COS+1	* $C9
                            	  8825: TK_TAN		EQU TK_SIN+1	* $CA
                            	  8826: TK_ATN		EQU TK_TAN+1	* $CB
                            	  8827: TK_PEEK		EQU TK_ATN+1	* $CC
                            	  8828: TK_DEEK		EQU TK_PEEK+1	* $CD
                            	  8829: TK_LEEK		EQU TK_DEEK+1	* $CE
                            	  8830: TK_SADD		EQU TK_LEEK+1	* $CF
                            	  8831: TK_LEN		EQU TK_SADD+1	* $D0
                            	  8832: TK_STRS		EQU TK_LEN+1	* $D1
                            	  8833: TK_VAL		EQU TK_STRS+1	* $D2
                            	  8834: TK_ASC		EQU TK_VAL+1	* $D3
                            	  8835: TK_UCASES		EQU TK_ASC+1	* $D4
                            	  8836: TK_LCASES		EQU TK_UCASES+1	* $D5
                            	  8837: TK_CHRS		EQU TK_LCASES+1	* $D6	* CHR$ token
                            	  8838: TK_HEXS		EQU TK_CHRS+1	* $D7
                            	  8839: TK_BINS		EQU TK_HEXS+1	* $D8	* BIN$ token
                            	  8840: TK_BITTST		EQU TK_BINS+1	* $D9
                            	  8841: TK_MAX		EQU TK_BITTST+1	* $DA
                            	  8842: TK_MIN		EQU TK_MAX+1	* $DB
                            	  8843: TK_PI			EQU TK_MIN+1	* $DC
                            	  8844: TK_TWOPI		EQU TK_PI+1		* $DD
                            	  8845: TK_VPTR		EQU TK_TWOPI+1	* $DE	* VARPTR token
                            	  8846: TK_LEFTS		EQU TK_VPTR+1	* $DF
                            	  8847: TK_RIGHTS		EQU TK_LEFTS+1	* $E0
                            	  8848: TK_MIDS		EQU TK_RIGHTS+1	* $E1
                            	  8849: 
                            	  8850: ************************************************************************************
                            	  8851: 
                            	  8852: * binary to unsigned decimal table
                            	  8853: 
                            	  8854: Bin2dec
03:00005666 3B9ACA00        	  8855: 	dc.l	$3B9ACA00			* 1000000000
03:0000566A 05F5E100        	  8856: 	dc.l	$05F5E100			* 100000000
03:0000566E 00989680        	  8857: 	dc.l	$00989680			* 10000000
03:00005672 000F4240        	  8858: 	dc.l	$000F4240			* 1000000
03:00005676 000186A0        	  8859: 	dc.l	$000186A0			* 100000
03:0000567A 00002710        	  8860: 	dc.l	$00002710			* 10000
03:0000567E 000003E8        	  8861: 	dc.l	$000003E8			* 1000
03:00005682 00000064        	  8862: 	dc.l	$00000064			* 100
03:00005686 0000000A        	  8863: 	dc.l	$0000000A			* 10
                            	  8864: LAB_1D96
03:0000568A 00000000        	  8865: 	dc.l	$00000000			* 0 end marker
                            	  8866: 
                            	  8867: LAB_RSED
03:0000568E 312E3130        	  8868: 	dc.l	$312E3130			* 825110832
                            	  8869: 
03:00005692 00FF            	  8870:  	dc.w	255				* 10**38
03:00005694 96769951        	  8871: 	dc.l	$96769951
03:00005698 00FB            	  8872:  	dc.w	251				* 10**37
03:0000569A F0BDC21B        	  8873: 	dc.l	$F0BDC21B
03:0000569E 00F8            	  8874:  	dc.w	248				* 10**36
03:000056A0 C097CE7C        	  8875: 	dc.l	$C097CE7C
03:000056A4 00F5            	  8876:  	dc.w	245				* 10**35
03:000056A6 9A130B96        	  8877: 	dc.l	$9A130B96
03:000056AA 00F1            	  8878:  	dc.w	241				* 10**34
03:000056AC F684DF57        	  8879: 	dc.l	$F684DF57
03:000056B0 00EE            	  8880:  	dc.w	238				* 10**33
03:000056B2 C5371912        	  8881: 	dc.l	$C5371912
03:000056B6 00EB            	  8882:  	dc.w	235				* 10**32
03:000056B8 9DC5ADA8        	  8883: 	dc.l	$9DC5ADA8
03:000056BC 00E7            	  8884:  	dc.w	231				* 10**31
03:000056BE FC6F7C40        	  8885: 	dc.l	$FC6F7C40
03:000056C2 00E4            	  8886:  	dc.w	228				* 10**30
03:000056C4 C9F2C9CD        	  8887: 	dc.l	$C9F2C9CD
03:000056C8 00E1            	  8888:  	dc.w	225				* 10**29
03:000056CA A18F07D7        	  8889: 	dc.l	$A18F07D7
03:000056CE 00DE            	  8890:  	dc.w	222				* 10**28
03:000056D0 813F3979        	  8891: 	dc.l	$813F3979
03:000056D4 00DA            	  8892:  	dc.w	218				* 10**27
03:000056D6 CECB8F28        	  8893: 	dc.l	$CECB8F28
03:000056DA 00D7            	  8894:  	dc.w	215				* 10**26
03:000056DC A56FA5BA        	  8895: 	dc.l	$A56FA5BA
03:000056E0 00D4            	  8896:  	dc.w	212				* 10**25
03:000056E2 84595161        	  8897: 	dc.l	$84595161
03:000056E6 00D0            	  8898:  	dc.w	208				* 10**24
03:000056E8 D3C21BCF        	  8899: 	dc.l	$D3C21BCF
03:000056EC 00CD            	  8900:  	dc.w	205				* 10**23
03:000056EE A968163F        	  8901: 	dc.l	$A968163F
03:000056F2 00CA            	  8902:  	dc.w	202				* 10**22
03:000056F4 87867832        	  8903: 	dc.l	$87867832
03:000056F8 00C6            	  8904:  	dc.w	198				* 10**21
03:000056FA D8D726B7        	  8905: 	dc.l	$D8D726B7
03:000056FE 00C3            	  8906:  	dc.w	195				* 10**20
03:00005700 AD78EBC6        	  8907: 	dc.l	$AD78EBC6
03:00005704 00C0            	  8908:  	dc.w	192				* 10**19
03:00005706 8AC72305        	  8909: 	dc.l	$8AC72305
03:0000570A 00BC            	  8910:  	dc.w	188				* 10**18
03:0000570C DE0B6B3A        	  8911: 	dc.l	$DE0B6B3A
03:00005710 00B9            	  8912:  	dc.w	185				* 10**17
03:00005712 B1A2BC2F        	  8913: 	dc.l	$B1A2BC2F
03:00005716 00B6            	  8914:  	dc.w	182				* 10**16
03:00005718 8E1BC9BF        	  8915: 	dc.l	$8E1BC9BF
03:0000571C 00B2            	  8916:  	dc.w	178				* 10**15
03:0000571E E35FA932        	  8917: 	dc.l	$E35FA932
03:00005722 00AF            	  8918:  	dc.w	175				* 10**14
03:00005724 B5E620F5        	  8919: 	dc.l	$B5E620F5
03:00005728 00AC            	  8920:  	dc.w	172				* 10**13
03:0000572A 9184E72A        	  8921: 	dc.l	$9184E72A
03:0000572E 00A8            	  8922:  	dc.w	168				* 10**12
03:00005730 E8D4A510        	  8923: 	dc.l	$E8D4A510
03:00005734 00A5            	  8924:  	dc.w	165				* 10**11
03:00005736 BA43B740        	  8925: 	dc.l	$BA43B740
03:0000573A 00A2            	  8926:  	dc.w	162				* 10**10
03:0000573C 9502F900        	  8927: 	dc.l	$9502F900
03:00005740 009E            	  8928:  	dc.w	158				* 10**9
03:00005742 EE6B2800        	  8929: 	dc.l	$EE6B2800
03:00005746 009B            	  8930:  	dc.w	155				* 10**8
03:00005748 BEBC2000        	  8931: 	dc.l	$BEBC2000
03:0000574C 0098            	  8932:  	dc.w	152				* 10**7
03:0000574E 98968000        	  8933: 	dc.l	$98968000
03:00005752 0094            	  8934:  	dc.w	148				* 10**6
03:00005754 F4240000        	  8935: 	dc.l	$F4240000
03:00005758 0091            	  8936:  	dc.w	145				* 10**5
03:0000575A C3500000        	  8937: 	dc.l	$C3500000
03:0000575E 008E            	  8938:  	dc.w	142				* 10**4
03:00005760 9C400000        	  8939: 	dc.l	$9C400000
03:00005764 008A            	  8940:  	dc.w	138				* 10**3
03:00005766 FA000000        	  8941: 	dc.l	$FA000000
03:0000576A 0087            	  8942:  	dc.w	135 				* 10**2
03:0000576C C8000000        	  8943: 	dc.l	$C8000000
03:00005770 0084            	  8944:  	dc.w	132 				* 10**1
03:00005772 A0000000        	  8945: 	dc.l	$A0000000
                            	  8946: LAB_P_10
03:00005776 0081            	  8947: 	dc.w	129 				* 10**0
03:00005778 80000000        	  8948: 	dc.l	$80000000
03:0000577C 007D            	  8949:  	dc.w	125				* 10**-1
03:0000577E CCCCCCCD        	  8950: 	dc.l	$CCCCCCCD
03:00005782 007A            	  8951:  	dc.w	122				* 10**-2
03:00005784 A3D70A3D        	  8952: 	dc.l	$A3D70A3D
03:00005788 0077            	  8953:  	dc.w	119				* 10**-3
03:0000578A 83126E98        	  8954: 	dc.l	$83126E98
03:0000578E 0073            	  8955:  	dc.w	115				* 10**-4
03:00005790 D1B71759        	  8956: 	dc.l	$D1B71759
03:00005794 0070            	  8957:  	dc.w	112				* 10**-5
03:00005796 A7C5AC47        	  8958: 	dc.l	$A7C5AC47
03:0000579A 006D            	  8959:  	dc.w	109				* 10**-6
03:0000579C 8637BD06        	  8960: 	dc.l	$8637BD06
03:000057A0 0069            	  8961:  	dc.w	105				* 10**-7
03:000057A2 D6BF94D6        	  8962: 	dc.l	$D6BF94D6
03:000057A6 0066            	  8963:  	dc.w	102				* 10**-8
03:000057A8 ABCC7712        	  8964: 	dc.l	$ABCC7712
03:000057AC 0063            	  8965:  	dc.w	99				* 10**-9
03:000057AE 89705F41        	  8966: 	dc.l	$89705F41
03:000057B2 005F            	  8967:  	dc.w	95				* 10**-10
03:000057B4 DBE6FECF        	  8968: 	dc.l	$DBE6FECF
03:000057B8 005C            	  8969:  	dc.w	92				* 10**-11
03:000057BA AFEBFF0C        	  8970: 	dc.l	$AFEBFF0C
03:000057BE 0059            	  8971:  	dc.w	89				* 10**-12
03:000057C0 8CBCCC09        	  8972: 	dc.l	$8CBCCC09
03:000057C4 0055            	  8973:  	dc.w	85				* 10**-13
03:000057C6 E12E1342        	  8974: 	dc.l	$E12E1342
03:000057CA 0052            	  8975:  	dc.w	82				* 10**-14
03:000057CC B424DC35        	  8976: 	dc.l	$B424DC35
03:000057D0 004F            	  8977:  	dc.w	79				* 10**-15
03:000057D2 901D7CF7        	  8978: 	dc.l	$901D7CF7
03:000057D6 004B            	  8979:  	dc.w	75				* 10**-16
03:000057D8 E69594BF        	  8980: 	dc.l	$E69594BF
03:000057DC 0048            	  8981:  	dc.w	72				* 10**-17
03:000057DE B877AA32        	  8982: 	dc.l	$B877AA32
03:000057E2 0045            	  8983:  	dc.w	69				* 10**-18
03:000057E4 9392EE8F        	  8984: 	dc.l	$9392EE8F
03:000057E8 0041            	  8985:  	dc.w	65				* 10**-19
03:000057EA EC1E4A7E        	  8986: 	dc.l	$EC1E4A7E
03:000057EE 003E            	  8987:  	dc.w	62				* 10**-20
03:000057F0 BCE50865        	  8988: 	dc.l	$BCE50865
03:000057F4 003B            	  8989:  	dc.w	59				* 10**-21
03:000057F6 971DA050        	  8990: 	dc.l	$971DA050
03:000057FA 0037            	  8991:  	dc.w	55				* 10**-22
03:000057FC F1C90081        	  8992: 	dc.l	$F1C90081
03:00005800 0034            	  8993:  	dc.w	52				* 10**-23
03:00005802 C16D9A01        	  8994: 	dc.l	$C16D9A01
03:00005806 0031            	  8995:  	dc.w	49				* 10**-24
03:00005808 9ABE14CD        	  8996: 	dc.l	$9ABE14CD
03:0000580C 002D            	  8997:  	dc.w	45				* 10**-25
03:0000580E F79687AE        	  8998: 	dc.l	$F79687AE
03:00005812 002A            	  8999:  	dc.w	42				* 10**-26
03:00005814 C6120625        	  9000: 	dc.l	$C6120625
03:00005818 0027            	  9001:  	dc.w	39				* 10**-27
03:0000581A 9E74D1B8        	  9002: 	dc.l	$9E74D1B8
03:0000581E 0023            	  9003:  	dc.w	35				* 10**-28
03:00005820 FD87B5F3        	  9004: 	dc.l	$FD87B5F3
03:00005824 0020            	  9005:   	dc.w	32				* 10**-29
03:00005826 CAD2F7F5        	  9006: 	dc.l	$CAD2F7F5
03:0000582A 001D            	  9007:  	dc.w	29				* 10**-30
03:0000582C A2425FF7        	  9008: 	dc.l	$A2425FF7
03:00005830 001A            	  9009:  	dc.w	26				* 10**-31
03:00005832 81CEB32C        	  9010: 	dc.l	$81CEB32C
03:00005836 0016            	  9011:  	dc.w	22				* 10**-32
03:00005838 CFB11EAD        	  9012: 	dc.l	$CFB11EAD
03:0000583C 0013            	  9013:  	dc.w	19				* 10**-33
03:0000583E A6274BBE        	  9014: 	dc.l	$A6274BBE
03:00005842 0010            	  9015:  	dc.w	16				* 10**-34
03:00005844 84EC3C98        	  9016: 	dc.l	$84EC3C98
03:00005848 000C            	  9017:  	dc.w	12				* 10**-35
03:0000584A D4AD2DC0        	  9018: 	dc.l	$D4AD2DC0
03:0000584E 0009            	  9019:  	dc.w	9				* 10**-36
03:00005850 AA242499        	  9020: 	dc.l	$AA242499
03:00005854 0006            	  9021:  	dc.w	6				* 10**-37
03:00005856 881CEA14        	  9022: 	dc.l	$881CEA14
03:0000585A 0002            	  9023:  	dc.w	2				* 10**-38
03:0000585C D9C7DCED        	  9024: 	dc.l	$D9C7DCED
                            	  9025: 
                            	  9026: * table of constants for cordic SIN/COS/TAN calculations
                            	  9027: * constants are un normalised fractions and are atn(2^-i)/2pi
                            	  9028: 
03:00005860 4DBA76D4        	  9029: 	dc.l	$4DBA76D4			* SIN/COS multiply constant
                            	  9030: TAB_SNCO
03:00005864 20000000        	  9031: 	dc.l	$20000000			* atn(2^0)/2pi
03:00005868 12E4051E        	  9032: 	dc.l	$12E4051E			* atn(2^1)/2pi
03:0000586C 09FB385C        	  9033: 	dc.l	$09FB385C			* atn(2^2)/2pi
03:00005870 051111D5        	  9034: 	dc.l	$051111D5			* atn(2^3)/2pi
03:00005874 028B0D44        	  9035: 	dc.l	$028B0D44			* atn(2^4)/2pi
03:00005878 0145D7E2        	  9036: 	dc.l	$0145D7E2			* atn(2^5)/2pi
03:0000587C 00A2F61F        	  9037: 	dc.l	$00A2F61F			* atn(2^6)/2pi
03:00005880 00517C56        	  9038: 	dc.l	$00517C56			* atn(2^7)/2pi
03:00005884 0028BE54        	  9039: 	dc.l	$0028BE54			* atn(2^8)/2pi
03:00005888 00145F2F        	  9040: 	dc.l	$00145F2F			* atn(2^9)/2pi
03:0000588C 000A2F99        	  9041: 	dc.l	$000A2F99			* atn(2^10)/2pi
03:00005890 000517CD        	  9042: 	dc.l	$000517CD			* atn(2^11)/2pi
03:00005894 00028BE7        	  9043: 	dc.l	$00028BE7			* atn(2^12)/2pi
03:00005898 000145F4        	  9044: 	dc.l	$000145F4			* atn(2^13)/2pi
03:0000589C 0000A2FA        	  9045: 	dc.l	$0000A2FA			* atn(2^14)/2pi
03:000058A0 0000517D        	  9046: 	dc.l	$0000517D			* atn(2^15)/2pi
03:000058A4 000028BF        	  9047: 	dc.l	$000028BF			* atn(2^16)/2pi
03:000058A8 00001460        	  9048: 	dc.l	$00001460			* atn(2^17)/2pi
03:000058AC 00000A30        	  9049: 	dc.l	$00000A30			* atn(2^18)/2pi
03:000058B0 00000518        	  9050: 	dc.l	$00000518			* atn(2^19)/2pi
03:000058B4 0000028C        	  9051: 	dc.l	$0000028C			* atn(2^20)/2pi
03:000058B8 00000146        	  9052: 	dc.l	$00000146			* atn(2^21)/2pi
03:000058BC 000000A3        	  9053: 	dc.l	$000000A3			* atn(2^22)/2pi
03:000058C0 00000052        	  9054: 	dc.l	$00000052			* atn(2^23)/2pi
03:000058C4 00000029        	  9055: 	dc.l	$00000029			* atn(2^24)/2pi
03:000058C8 00000015        	  9056: 	dc.l	$00000015			* atn(2^25)/2pi
03:000058CC 0000000B        	  9057: 	dc.l	$0000000B			* atn(2^26)/2pi
03:000058D0 00000006        	  9058: 	dc.l	$00000006			* atn(2^27)/2pi
03:000058D4 00000003        	  9059: 	dc.l	$00000003			* atn(2^28)/2pi
03:000058D8 00000002        	  9060: 	dc.l	$00000002			* atn(2^29)/2pi
03:000058DC 00000001        	  9061: 	dc.l	$00000001			* atn(2^30)/2pi
03:000058E0 00000001        	  9062: 	dc.l	$00000001			* atn(2^31)/2pi
                            	  9063: 
                            	  9064: * table of constants for cordic ATN calculation
                            	  9065: * constants are normalised to two integer bits and are atn(2^-i)
                            	  9066: 
                            	  9067: *	dc.l	$3243F6A9			* atn(2^0) (not used)
                            	  9068: TAB_ATNC
03:000058E4 1DAC6705        	  9069: 	dc.l	$1DAC6705			* atn(2^-1)
03:000058E8 0FADBAFD        	  9070: 	dc.l	$0FADBAFD			* atn(2^-2)
03:000058EC 07F56EA7        	  9071: 	dc.l	$07F56EA7			* atn(2^-3)
03:000058F0 03FEAB77        	  9072: 	dc.l	$03FEAB77			* atn(2^-4)
03:000058F4 01FFD55C        	  9073: 	dc.l	$01FFD55C			* atn(2^-5)
03:000058F8 00FFFAAB        	  9074: 	dc.l	$00FFFAAB			* atn(2^-6)
03:000058FC 007FFF55        	  9075: 	dc.l	$007FFF55			* atn(2^-7)
03:00005900 003FFFEB        	  9076: 	dc.l	$003FFFEB			* atn(2^-8)
03:00005904 001FFFFD        	  9077: 	dc.l	$001FFFFD			* atn(2^-9)
03:00005908 00100000        	  9078: 	dc.l	$00100000			* atn(2^-10)
03:0000590C 00080000        	  9079: 	dc.l	$00080000			* atn(2^-11)
03:00005910 00040000        	  9080: 	dc.l	$00040000			* atn(2^-12)
03:00005914 00020000        	  9081: 	dc.l	$00020000			* atn(2^-13)
03:00005918 00010000        	  9082: 	dc.l	$00010000			* atn(2^-14)
03:0000591C 00008000        	  9083: 	dc.l	$00008000			* atn(2^-15)
03:00005920 00004000        	  9084: 	dc.l	$00004000			* atn(2^-16)
03:00005924 00002000        	  9085: 	dc.l	$00002000			* atn(2^-17)
03:00005928 00001000        	  9086: 	dc.l	$00001000			* atn(2^-18)
03:0000592C 00000800        	  9087: 	dc.l	$00000800			* atn(2^-19)
03:00005930 00000400        	  9088: 	dc.l	$00000400			* atn(2^-20)
03:00005934 00000200        	  9089: 	dc.l	$00000200			* atn(2^-21)
03:00005938 00000100        	  9090: 	dc.l	$00000100			* atn(2^-22)
03:0000593C 00000080        	  9091: 	dc.l	$00000080			* atn(2^-23)
03:00005940 00000040        	  9092: 	dc.l	$00000040			* atn(2^-24)
03:00005944 00000020        	  9093: 	dc.l	$00000020			* atn(2^-25)
03:00005948 00000010        	  9094: 	dc.l	$00000010			* atn(2^-26)
03:0000594C 00000008        	  9095: 	dc.l	$00000008			* atn(2^-27)
03:00005950 00000004        	  9096: 	dc.l	$00000004			* atn(2^-28)
03:00005954 00000002        	  9097: 	dc.l	$00000002			* atn(2^-29)
03:00005958 00000001        	  9098: 	dc.l	$00000001			* atn(2^-30)
03:0000595C 00000000        	  9099: 	dc.l	$00000000			* atn(2^-31)
03:00005960 00000000        	  9100: 	dc.l	$00000000			* atn(2^-32)
                            	  9101: 
                            	  9102: * constants are normalised to n integer bits and are tanh(2^-i)
                            	  9103: n	equ	2
                            	  9104: TAB_HTHET
03:00005964 E327D4F4        	  9105: 	dc.l	$8C9F53D0>>n		* atnh(2^-1)   .549306144
03:00005968 1058AEFA        	  9106: 	dc.l	$4162BBE8>>n		* atnh(2^-2)   .255412812
03:0000596C 080AC48E        	  9107: 	dc.l	$202B1238>>n		* atnh(2^-3)
03:00005970 04015622        	  9108: 	dc.l	$10055888>>n		* atnh(2^-4)
03:00005974 02002AB0        	  9109: 	dc.l	$0800AAC0>>n		* atnh(2^-5)
03:00005978 01000554        	  9110: 	dc.l	$04001550>>n		* atnh(2^-6)
03:0000597C 008000AA        	  9111: 	dc.l	$020002A8>>n		* atnh(2^-7)
03:00005980 00400014        	  9112: 	dc.l	$01000050>>n		* atnh(2^-8)
03:00005984 00200002        	  9113: 	dc.l	$00800008>>n		* atnh(2^-9)
03:00005988 00100000        	  9114: 	dc.l	$00400000>>n		* atnh(2^-10)
03:0000598C 00080000        	  9115: 	dc.l	$00200000>>n		* atnh(2^-11)
03:00005990 00040000        	  9116: 	dc.l	$00100000>>n		* atnh(2^-12)
03:00005994 00020000        	  9117: 	dc.l	$00080000>>n		* atnh(2^-13)
03:00005998 00010000        	  9118: 	dc.l	$00040000>>n		* atnh(2^-14)
03:0000599C 00008000        	  9119: 	dc.l	$00020000>>n		* atnh(2^-15)
03:000059A0 00004000        	  9120: 	dc.l	$00010000>>n		* atnh(2^-16)
03:000059A4 00002000        	  9121: 	dc.l	$00008000>>n		* atnh(2^-17)
03:000059A8 00001000        	  9122: 	dc.l	$00004000>>n		* atnh(2^-18)
03:000059AC 00000800        	  9123: 	dc.l	$00002000>>n		* atnh(2^-19)
03:000059B0 00000400        	  9124: 	dc.l	$00001000>>n		* atnh(2^-20)
03:000059B4 00000200        	  9125: 	dc.l	$00000800>>n		* atnh(2^-21)
03:000059B8 00000100        	  9126: 	dc.l	$00000400>>n		* atnh(2^-22)
03:000059BC 00000080        	  9127: 	dc.l	$00000200>>n		* atnh(2^-23)
03:000059C0 00000040        	  9128: 	dc.l	$00000100>>n		* atnh(2^-24)
03:000059C4 00000020        	  9129: 	dc.l	$00000080>>n		* atnh(2^-25)
03:000059C8 00000010        	  9130: 	dc.l	$00000040>>n		* atnh(2^-26)
03:000059CC 00000008        	  9131: 	dc.l	$00000020>>n		* atnh(2^-27)
03:000059D0 00000004        	  9132: 	dc.l	$00000010>>n		* atnh(2^-28)
03:000059D4 00000002        	  9133: 	dc.l	$00000008>>n		* atnh(2^-29)
03:000059D8 00000001        	  9134: 	dc.l	$00000004>>n		* atnh(2^-30)
03:000059DC 00000000        	  9135: 	dc.l	$00000002>>n		* atnh(2^-31)
03:000059E0 00000000        	  9136: 	dc.l	$00000001>>n		* atnh(2^-32)
                            	  9137: 
                            	  9138: KFCTSEED	equ	$9A8F4441>>n	* $26A3D110
                            	  9139: 
                            	  9140: * command vector table
                            	  9141: 
                            	  9142: LAB_CTBL
03:000059E4 00003050        	  9143: 	dc.l	LAB_END			* END
03:000059E8 00002F6E        	  9144: 	dc.l	LAB_FOR			* FOR
03:000059EC 00003652        	  9145: 	dc.l	LAB_NEXT			* NEXT
03:000059F0 000031E6        	  9146: 	dc.l	LAB_DATA			* DATA
03:000059F4 00003522        	  9147: 	dc.l	LAB_INPUT			* INPUT
03:000059F8 00003A9C        	  9148: 	dc.l	LAB_DIM			* DIM
03:000059FC 0000354C        	  9149: 	dc.l	LAB_READ			* READ
03:00005A00 00003318        	  9150: 	dc.l	LAB_LET			* LET
03:00005A04 000032A8        	  9151: 	dc.l	LAB_DEC			* DEC	
03:00005A08 00003132        	  9152: 	dc.l	LAB_GOTO			* GOTO
03:00005A0C 000030EA        	  9153: 	dc.l	LAB_RUN			* RUN
03:00005A10 0000320E        	  9154: 	dc.l	LAB_IF			* IF
03:00005A14 00003084        	  9155: 	dc.l	LAB_RESTORE			* RESTORE
03:00005A18 00003114        	  9156: 	dc.l	LAB_GOSUB			* GOSUB
03:00005A1C 000031CC        	  9157: 	dc.l	LAB_RETURN			* RETURN
03:00005A20 0000322C        	  9158: 	dc.l	LAB_REM			* REM
03:00005A24 0000304E        	  9159: 	dc.l	LAB_STOP			* STOP
03:00005A28 00003234        	  9160: 	dc.l	LAB_ON			* ON
03:00005A2C 000030C2        	  9161: 	dc.l	LAB_NULL			* NULL
03:00005A30 000032AE        	  9162: 	dc.l	LAB_INC			* INC	
03:00005A34 00004488        	  9163: 	dc.l	LAB_WAIT			* WAIT
03:00005A38 00E80418        	  9164: 	dc.l	V_LOAD			* LOAD
03:00005A3C 00E8041E        	  9165: 	dc.l	V_SAVE			* SAVE
03:00005A40 00003EC2        	  9166: 	dc.l	LAB_DEF			* DEF
03:00005A44 000043F6        	  9167: 	dc.l	LAB_POKE			* POKE
03:00005A48 00004426        	  9168: 	dc.l	LAB_DOKE			* DOKE
03:00005A4C 0000442C        	  9169: 	dc.l	LAB_LOKE			* LOKE
03:00005A50 00004478        	  9170: 	dc.l	LAB_CALL			* CALL
03:00005A54 00003100        	  9171: 	dc.l	LAB_DO			* DO	
03:00005A58 0000316E        	  9172: 	dc.l	LAB_LOOP			* LOOP
03:00005A5C 000033C2        	  9173: 	dc.l	LAB_PRINT			* PRINT
03:00005A60 000030CE        	  9174: 	dc.l	LAB_CONT			* CONT
03:00005A64 00002EB6        	  9175: 	dc.l	LAB_LIST			* LIST
03:00005A68 00002EB2        	  9176: 	dc.l	LAB_CLEAR			* CLEAR
03:00005A6C 00002E4C        	  9177: 	dc.l	LAB_NEW			* NEW
03:00005A70 000052D6        	  9178: 	dc.l	LAB_WDTH			* WIDTH
03:00005A74 00003384        	  9179: 	dc.l	LAB_GET			* GET
03:00005A78 00004440        	  9180: 	dc.l	LAB_SWAP			* SWAP
03:00005A7C 00005114        	  9181: 	dc.l	LAB_BITSET			* BITSET
03:00005A80 0000512C        	  9182: 	dc.l	LAB_BITCLR			* BITCLR
                            	  9183: 
                            	  9184: * action addresses for functions
                            	  9185: 
                            	  9186: LAB_FTxx
                            	  9187: LAB_FTBL EQU LAB_FTxx-(TK_SGN-$80)*4	* offset for table start
                            	  9188: 
03:00005A84 0000497E        	  9189: 	dc.l	LAB_SGN			* SGN()
03:00005A88 00004A24        	  9190: 	dc.l	LAB_INT			* INT()
03:00005A8C 00004994        	  9191: 	dc.l	LAB_ABS			* ABS()
                            	  9192: ;	dc.l	UsrJMP			* USR()
03:00005A90 00E80406        	  9193: 	dc.l	Usrjmp			* USR()
03:00005A94 00003E68        	  9194: 	dc.l	LAB_FRE			* FRE()
03:00005A98 00003EA6        	  9195: 	dc.l	LAB_POS			* POS()
03:00005A9C 00005372        	  9196: 	dc.l	LAB_SQR			* SQR()
03:00005AA0 00004ECC        	  9197: 	dc.l	LAB_RND			* RND()
03:00005AA4 000045AE        	  9198: 	dc.l	LAB_LOG			* LOG()
03:00005AA8 00004D80        	  9199: 	dc.l	LAB_EXP			* EXP()
03:00005AAC 00004F48        	  9200: 	dc.l	LAB_COS			* COS()
03:00005AB0 00004F68        	  9201: 	dc.l	LAB_SIN			* SIN()
03:00005AB4 00004F16        	  9202: 	dc.l	LAB_TAN			* TAN()
03:00005AB8 00005054        	  9203: 	dc.l	LAB_ATN			* ATN()
03:00005ABC 000043EA        	  9204: 	dc.l	LAB_PEEK			* PEEK()
03:00005AC0 000043FC        	  9205: 	dc.l	LAB_DEEK			* DEEK()
03:00005AC4 00004412        	  9206: 	dc.l	LAB_LEEK			* LEEK()
03:00005AC8 00004318        	  9207: 	dc.l	LAB_SADD			* SADD()
03:00005ACC 00004322        	  9208: 	dc.l	LAB_LENS			* LEN()
03:00005AD0 00003FCC        	  9209: 	dc.l	LAB_STRS			* STR$()
03:00005AD4 0000436C        	  9210: 	dc.l	LAB_VAL			* VAL()
03:00005AD8 0000432A        	  9211: 	dc.l	LAB_ASC			* ASC()
03:00005ADC 000042F0        	  9212: 	dc.l	LAB_UCASE			* UCASE$()
03:00005AE0 000042CC        	  9213: 	dc.l	LAB_LCASE			* LCASE$()
03:00005AE4 0000422E        	  9214: 	dc.l	LAB_CHRS			* CHR$()
03:00005AE8 000051D4        	  9215: 	dc.l	LAB_HEXS			* HEX$()
03:00005AEC 00005174        	  9216: 	dc.l	LAB_BINS			* BIN$()
03:00005AF0 00005144        	  9217: 	dc.l	LAB_BTST			* BITTST()
03:00005AF4 0000525C        	  9218: 	dc.l	LAB_MAX			* MAX()
03:00005AF8 0000526E        	  9219: 	dc.l	LAB_MIN			* MIN()
03:00005AFC 000053F8        	  9220: 	dc.l	LAB_PI			* PI
03:00005B00 00005414        	  9221: 	dc.l	LAB_TWOPI			* TWOPI
03:00005B04 000053E2        	  9222: 	dc.l	LAB_VARPTR			* VARPTR()
03:00005B08 00004240        	  9223: 	dc.l	LAB_LEFT			* LEFT$()
03:00005B0C 00004252        	  9224: 	dc.l	LAB_RIGHT			* RIGHT$()
03:00005B10 0000427E        	  9225: 	dc.l	LAB_MIDS			* MID$()
                            	  9226: 
                            	  9227: * hierarchy and action addresses for operator
                            	  9228: 
                            	  9229: LAB_OPPT
03:00005B14 0079            	  9230: 	dc.w	$0079				* +
03:00005B16 000044D4        	  9231: 	dc.l	LAB_ADD
03:00005B1A 0079            	  9232: 	dc.w	$0079				* -
03:00005B1C 000044AC        	  9233: 	dc.l	LAB_SUBTRACT
03:00005B20 007B            	  9234: 	dc.w	$007B				* *
03:00005B22 000046D0        	  9235: 	dc.l	LAB_MULTIPLY
03:00005B26 007B            	  9236: 	dc.w	$007B				* /
03:00005B28 000047E4        	  9237: 	dc.l	LAB_DIVIDE
03:00005B2C 007F            	  9238: 	dc.w	$007F				* ^
03:00005B2E 00004C9A        	  9239: 	dc.l	LAB_POWER
03:00005B32 0050            	  9240: 	dc.w	$0050				* AND
03:00005B34 00003A0C        	  9241: 	dc.l	LAB_AND
03:00005B38 0046            	  9242: 	dc.w	$0046				* EOR
03:00005B3A 000039F2        	  9243: 	dc.l	LAB_EOR
03:00005B3E 0046            	  9244: 	dc.w	$0046				* OR
03:00005B40 00003A04        	  9245: 	dc.l	LAB_OR
03:00005B44 0056            	  9246: 	dc.w	$0056				* >>
03:00005B46 00003AB8        	  9247: 	dc.l	LAB_RSHIFT
03:00005B4A 0056            	  9248: 	dc.w	$0056				* <<
03:00005B4C 00003AA8        	  9249: 	dc.l	LAB_LSHIFT
03:00005B50 007D            	  9250: 	dc.w	$007D				* >
03:00005B52 00004D22        	  9251: 	dc.l	LAB_GTHAN			* used to evaluate -n
03:00005B56 005A            	  9252: 	dc.w	$005A				* =
03:00005B58 00003A24        	  9253: 	dc.l	LAB_EQUAL			* used to evaluate NOT
03:00005B5C 0064            	  9254: 	dc.w	$0064				* <
03:00005B5E 00003A2E        	  9255: 	dc.l	LAB_LTHAN
                            	  9256: 
                            	  9257: 						* numeric PRINT constants
                            	  9258: LAB_2947
03:00005B62 91434FF8        	  9259: 	dc.l	$91434FF8			* 99999.9375 (max value with at least one decimal)
                            	  9260: LAB_294B
03:00005B66 947423F7        	  9261: 	dc.l	$947423F7			* 999999.4375 (max value before sci notation)
                            	  9262: 						* misc constants
                            	  9263: 
                            	  9264: LAB_259C
03:00005B6A 81000000        	  9265: 	dc.l	$81000000			* 1.000000, used for ATN
                            	  9266: LAB_2A96
03:00005B6E 80000000        	  9267: 	dc.l	$80000000			* 0.5, used for float rounding
                            	  9268: 
                            	  9269: * This table is used in converting numbers to ASCII.
                            	  9270: * first four entries for expansion to 9.25 digits
                            	  9271: 
                            	  9272: *	dc.l	$C4653600			* -1000000000
                            	  9273: *	dc.l	$05F5E100			* 100000000
                            	  9274: *	dc.l	$FF676980			* -10000000
                            	  9275: *	dc.l	$000F4240			* 1000000
                            	  9276: LAB_2A9A
03:00005B72 FFFE7960        	  9277: 	dc.l	$FFFE7960			* -100000
03:00005B76 00002710        	  9278: 	dc.l	$00002710			* 10000
03:00005B7A FFFFFC18        	  9279: 	dc.l	$FFFFFC18			* -1000
03:00005B7E 00000064        	  9280: 	dc.l	$00000064			* 100
03:00005B82 FFFFFFF6        	  9281: 	dc.l	$FFFFFFF6			* -10
03:00005B86 00000001        	  9282: 	dc.l	$00000001			* 1
                            	  9283: 
                            	  9284: * new keyword tables
                            	  9285: 
                            	  9286: * offsets to keyword tables
                            	  9287: 
                            	  9288: TAB_CHRT
03:00005B8A 0000            	  9289: 	dc.w	TAB_STAR-TAB_STAR		* "*"	$2A
03:00005B8C 0002            	  9290: 	dc.w	TAB_PLUS-TAB_STAR		* "+"	$2B
03:00005B8E FFFF            	  9291: 	dc.w	-1				* "," $2C no keywords
03:00005B90 0004            	  9292: 	dc.w	TAB_MNUS-TAB_STAR		* "-"	$2D
03:00005B92 FFFF            	  9293: 	dc.w	-1				* "." $2E no keywords
03:00005B94 0006            	  9294: 	dc.w	TAB_SLAS-TAB_STAR		* "/"	$2F
03:00005B96 FFFF            	  9295: 	dc.w	-1				* "0" $30 no keywords
03:00005B98 FFFF            	  9296: 	dc.w	-1				* "1" $31 no keywords
03:00005B9A FFFF            	  9297: 	dc.w	-1				* "2" $32 no keywords
03:00005B9C FFFF            	  9298: 	dc.w	-1				* "3" $33 no keywords
03:00005B9E FFFF            	  9299: 	dc.w	-1				* "4" $34 no keywords
03:00005BA0 FFFF            	  9300: 	dc.w	-1				* "5" $35 no keywords
03:00005BA2 FFFF            	  9301: 	dc.w	-1				* "6" $36 no keywords
03:00005BA4 FFFF            	  9302: 	dc.w	-1				* "7" $37 no keywords
03:00005BA6 FFFF            	  9303: 	dc.w	-1				* "8" $38 no keywords
03:00005BA8 FFFF            	  9304: 	dc.w	-1				* "9" $39 no keywords
03:00005BAA FFFF            	  9305: 	dc.w	-1				* ";" $3A no keywords
03:00005BAC FFFF            	  9306: 	dc.w	-1				* ":" $3B no keywords
03:00005BAE 0008            	  9307: 	dc.w	TAB_LESS-TAB_STAR		* "<"	$3C
03:00005BB0 000C            	  9308: 	dc.w	TAB_EQUL-TAB_STAR		* "="	$3D
03:00005BB2 000E            	  9309: 	dc.w	TAB_MORE-TAB_STAR		* ">"	$3E
03:00005BB4 0012            	  9310: 	dc.w	TAB_QEST-TAB_STAR		* "?"	$3F
03:00005BB6 FFFF            	  9311: 	dc.w	-1				* "@" $40 no keywords
03:00005BB8 0014            	  9312: 	dc.w	TAB_ASCA-TAB_STAR		* "A"	$41
03:00005BBA 0021            	  9313: 	dc.w	TAB_ASCB-TAB_STAR		* "B"	$42
03:00005BBC 0038            	  9314: 	dc.w	TAB_ASCC-TAB_STAR		* "C"	$43
03:00005BBE 004D            	  9315: 	dc.w	TAB_ASCD-TAB_STAR		* "D"	$44
03:00005BC0 0065            	  9316: 	dc.w	TAB_ASCE-TAB_STAR		* "E"	$45
03:00005BC2 006F            	  9317: 	dc.w	TAB_ASCF-TAB_STAR		* "F"	$46
03:00005BC4 0078            	  9318: 	dc.w	TAB_ASCG-TAB_STAR		* "G"	$47
03:00005BC6 0085            	  9319: 	dc.w	TAB_ASCH-TAB_STAR		* "H"	$48
03:00005BC8 008A            	  9320: 	dc.w	TAB_ASCI-TAB_STAR		* "I"	$49
03:00005BCA FFFF            	  9321: 	dc.w	-1				* "J" $4A no keywords
03:00005BCC FFFF            	  9322: 	dc.w	-1				* "K" $4B no keywords
03:00005BCE 0098            	  9323: 	dc.w	TAB_ASCL-TAB_STAR		* "L"	$4C
03:00005BD0 00C1            	  9324: 	dc.w	TAB_ASCM-TAB_STAR		* "M"	$4D
03:00005BD2 00CC            	  9325: 	dc.w	TAB_ASCN-TAB_STAR		* "N"	$4E
03:00005BD4 00DB            	  9326: 	dc.w	TAB_ASCO-TAB_STAR		* "O"	$4F
03:00005BD6 00E0            	  9327: 	dc.w	TAB_ASCP-TAB_STAR		* "P"	$50
03:00005BD8 FFFF            	  9328: 	dc.w	-1				* "Q" $51 no keywords
03:00005BDA 00F3            	  9329: 	dc.w	TAB_ASCR-TAB_STAR		* "R"	$52
03:00005BDC 0114            	  9330: 	dc.w	TAB_ASCS-TAB_STAR		* "S"	$53
03:00005BDE 013A            	  9331: 	dc.w	TAB_ASCT-TAB_STAR		* "T"	$54
03:00005BE0 014D            	  9332: 	dc.w	TAB_ASCU-TAB_STAR		* "U"	$55
03:00005BE2 015C            	  9333: 	dc.w	TAB_ASCV-TAB_STAR		* "V"	$56
03:00005BE4 0166            	  9334: 	dc.w	TAB_ASCW-TAB_STAR		* "W"	$57
03:00005BE6 FFFF            	  9335: 	dc.w	-1				* "X" $58 no keywords
03:00005BE8 FFFF            	  9336: 	dc.w	-1				* "Y" $59 no keywords
03:00005BEA FFFF            	  9337: 	dc.w	-1				* "Z" $5A no keywords
03:00005BEC FFFF            	  9338: 	dc.w	-1				* "[" $5B no keywords
03:00005BEE FFFF            	  9339: 	dc.w	-1				* "\" $5C no keywords
03:00005BF0 FFFF            	  9340: 	dc.w	-1				* "]" $5D no keywords
03:00005BF2 0175            	  9341: 	dc.w	TAB_POWR-TAB_STAR		* "^"	$5E
                            	  9342: 
                            	  9343: * Table of Basic keywords for LIST command
                            	  9344: * [byte]first character,[byte]remaining length -1
                            	  9345: * [word]offset from table start
                            	  9346: 
                            	  9347: LAB_KEYT
03:00005BF4 45              	  9348: 	dc.b	'E',1
03:00005BF5 01
03:00005BF6 0065            	  9349: 	dc.w	KEY_END-TAB_STAR		* END
03:00005BF8 46              	  9350: 	dc.b	'F',1
03:00005BF9 01
03:00005BFA 006F            	  9351: 	dc.w	KEY_FOR-TAB_STAR		* FOR
03:00005BFC 4E              	  9352: 	dc.b	'N',2
03:00005BFD 02
03:00005BFE 00CF            	  9353: 	dc.w	KEY_NEXT-TAB_STAR		* NEXT
03:00005C00 44              	  9354: 	dc.b	'D',2
03:00005C01 02
03:00005C02 004D            	  9355: 	dc.w	KEY_DATA-TAB_STAR		* DATA
03:00005C04 49              	  9356: 	dc.b	'I',3
03:00005C05 03
03:00005C06 008F            	  9357: 	dc.w	KEY_INPUT-TAB_STAR	* INPUT
03:00005C08 44              	  9358: 	dc.b	'D',1
03:00005C09 01
03:00005C0A 005B            	  9359: 	dc.w	KEY_DIM-TAB_STAR		* DIM
03:00005C0C 52              	  9360: 	dc.b	'R',2
03:00005C0D 02
03:00005C0E 00F3            	  9361: 	dc.w	KEY_READ-TAB_STAR		* READ
03:00005C10 4C              	  9362: 	dc.b	'L',1
03:00005C11 01
03:00005C12 00AA            	  9363: 	dc.w	KEY_LET-TAB_STAR		* LET
03:00005C14 44              	  9364: 	dc.b	'D',1
03:00005C15 01
03:00005C16 0051            	  9365: 	dc.w	KEY_DEC-TAB_STAR		* DEC
03:00005C18 47              	  9366: 	dc.b	'G',2
03:00005C19 02
03:00005C1A 007B            	  9367: 	dc.w	KEY_GOTO-TAB_STAR		* GOTO
03:00005C1C 52              	  9368: 	dc.b	'R',1
03:00005C1D 01
03:00005C1E 0110            	  9369: 	dc.w	KEY_RUN-TAB_STAR		* RUN
03:00005C20 49              	  9370: 	dc.b	'I',0
03:00005C21 00
03:00005C22 008A            	  9371: 	dc.w	KEY_IF-TAB_STAR		* IF
03:00005C24 52              	  9372: 	dc.b	'R',5
03:00005C25 05
03:00005C26 00FA            	  9373: 	dc.w	KEY_RESTORE-TAB_STAR	* RESTORE
03:00005C28 47              	  9374: 	dc.b	'G',3
03:00005C29 03
03:00005C2A 007F            	  9375: 	dc.w	KEY_GOSUB-TAB_STAR	* GOSUB
03:00005C2C 52              	  9376: 	dc.b	'R',4
03:00005C2D 04
03:00005C2E 0101            	  9377: 	dc.w	KEY_RETURN-TAB_STAR	* RETURN
03:00005C30 52              	  9378: 	dc.b	'R',1
03:00005C31 01
03:00005C32 00F7            	  9379: 	dc.w	KEY_REM-TAB_STAR		* REM
03:00005C34 53              	  9380: 	dc.b	'S',2
03:00005C35 02
03:00005C36 012D            	  9381: 	dc.w	KEY_STOP-TAB_STAR		* STOP
03:00005C38 4F              	  9382: 	dc.b	'O',0
03:00005C39 00
03:00005C3A 00DB            	  9383: 	dc.w	KEY_ON-TAB_STAR		* ON
03:00005C3C 4E              	  9384: 	dc.b	'N',2
03:00005C3D 02
03:00005C3E 00D6            	  9385: 	dc.w	KEY_NULL-TAB_STAR		* NULL
03:00005C40 49              	  9386: 	dc.b	'I',1
03:00005C41 01
03:00005C42 008C            	  9387: 	dc.w	KEY_INC-TAB_STAR		* INC
03:00005C44 57              	  9388: 	dc.b	'W',2
03:00005C45 02
03:00005C46 0166            	  9389: 	dc.w	KEY_WAIT-TAB_STAR		* WAIT
03:00005C48 4C              	  9390: 	dc.b	'L',2
03:00005C49 02
03:00005C4A 00B1            	  9391: 	dc.w	KEY_LOAD-TAB_STAR		* LOAD
03:00005C4C 53              	  9392: 	dc.b	'S',2
03:00005C4D 02
03:00005C4E 0118            	  9393: 	dc.w	KEY_SAVE-TAB_STAR		* SAVE
03:00005C50 44              	  9394: 	dc.b	'D',1
03:00005C51 01
03:00005C52 0058            	  9395: 	dc.w	KEY_DEF-TAB_STAR		* DEF
03:00005C54 50              	  9396: 	dc.b	'P',2
03:00005C55 02
03:00005C56 00E6            	  9397: 	dc.w	KEY_POKE-TAB_STAR		* POKE
03:00005C58 44              	  9398: 	dc.b	'D',2
03:00005C59 02
03:00005C5A 005E            	  9399: 	dc.w	KEY_DOKE-TAB_STAR		* DOKE
03:00005C5C 4C              	  9400: 	dc.b	'L',2
03:00005C5D 02
03:00005C5E 00B8            	  9401: 	dc.w	KEY_LOKE-TAB_STAR		* LOKE
03:00005C60 43              	  9402: 	dc.b	'C',2
03:00005C61 02
03:00005C62 0038            	  9403: 	dc.w	KEY_CALL-TAB_STAR		* CALL
03:00005C64 44              	  9404: 	dc.b	'D',0
03:00005C65 00
03:00005C66 0062            	  9405: 	dc.w	KEY_DO-TAB_STAR		* DO
03:00005C68 4C              	  9406: 	dc.b	'L',2
03:00005C69 02
03:00005C6A 00BC            	  9407: 	dc.w	KEY_LOOP-TAB_STAR		* LOOP
03:00005C6C 50              	  9408: 	dc.b	'P',3
03:00005C6D 03
03:00005C6E 00ED            	  9409: 	dc.w	KEY_PRINT-TAB_STAR	* PRINT
03:00005C70 43              	  9410: 	dc.b	'C',2
03:00005C71 02
03:00005C72 0045            	  9411: 	dc.w	KEY_CONT-TAB_STAR		* CONT
03:00005C74 4C              	  9412: 	dc.b	'L',2
03:00005C75 02
03:00005C76 00AD            	  9413: 	dc.w	KEY_LIST-TAB_STAR		* LIST
03:00005C78 43              	  9414: 	dc.b	'C',3
03:00005C79 03
03:00005C7A 0040            	  9415: 	dc.w	KEY_CLEAR-TAB_STAR	* CLEAR
03:00005C7C 4E              	  9416: 	dc.b	'N',1
03:00005C7D 01
03:00005C7E 00CC            	  9417: 	dc.w	KEY_NEW-TAB_STAR		* NEW
03:00005C80 57              	  9418: 	dc.b	'W',3
03:00005C81 03
03:00005C82 016F            	  9419: 	dc.w	KEY_WIDTH-TAB_STAR	* WIDTH
03:00005C84 47              	  9420: 	dc.b	'G',1
03:00005C85 01
03:00005C86 0078            	  9421: 	dc.w	KEY_GET-TAB_STAR		* GET
03:00005C88 53              	  9422: 	dc.b	'S',3
03:00005C89 03
03:00005C8A 0135            	  9423: 	dc.w	KEY_SWAP-TAB_STAR		* SWAP
03:00005C8C 42              	  9424: 	dc.b	'B',4
03:00005C8D 04
03:00005C8E 002B            	  9425: 	dc.w	KEY_BITSET-TAB_STAR	* BITSET
03:00005C90 42              	  9426: 	dc.b	'B',4
03:00005C91 04
03:00005C92 0025            	  9427: 	dc.w	KEY_BITCLR-TAB_STAR	* BITCLR
03:00005C94 54              	  9428: 	dc.b	'T',2
03:00005C95 02
03:00005C96 013A            	  9429: 	dc.w	KEY_TAB-TAB_STAR		* TAB(
                            	  9430: 
03:00005C98 54              	  9431: 	dc.b	'T',0
03:00005C99 00
03:00005C9A 0145            	  9432: 	dc.w	KEY_TO-TAB_STAR		* TO
03:00005C9C 46              	  9433: 	dc.b	'F',0
03:00005C9D 00
03:00005C9E 0072            	  9434: 	dc.w	KEY_FN-TAB_STAR		* FN
03:00005CA0 53              	  9435: 	dc.b	'S',2
03:00005CA1 02
03:00005CA2 0122            	  9436: 	dc.w	KEY_SPC-TAB_STAR		* SPC(
03:00005CA4 54              	  9437: 	dc.b	'T',2
03:00005CA5 02
03:00005CA6 0141            	  9438: 	dc.w	KEY_THEN-TAB_STAR		* THEN
03:00005CA8 4E              	  9439: 	dc.b	'N',1
03:00005CA9 01
03:00005CAA 00D3            	  9440: 	dc.w	KEY_NOT-TAB_STAR		* NOT
03:00005CAC 53              	  9441: 	dc.b	'S',2
03:00005CAD 02
03:00005CAE 0129            	  9442: 	dc.w	KEY_STEP-TAB_STAR		* STEP
03:00005CB0 55              	  9443: 	dc.b	'U',3
03:00005CB1 03
03:00005CB2 0153            	  9444: 	dc.w	KEY_UNTIL-TAB_STAR	* UNTIL
03:00005CB4 57              	  9445: 	dc.b	'W',3
03:00005CB5 03
03:00005CB6 016A            	  9446: 	dc.w	KEY_WHILE-TAB_STAR	* WHILE
                            	  9447: 
03:00005CB8 2B              	  9448: 	dc.b	'+',-1
03:00005CB9 FF
03:00005CBA 0002            	  9449: 	dc.w	KEY_PLUS-TAB_STAR		* +
03:00005CBC 2D              	  9450: 	dc.b	'-',-1
03:00005CBD FF
03:00005CBE 0004            	  9451: 	dc.w	KEY_MINUS-TAB_STAR	* -
03:00005CC0 2A              	  9452: 	dc.b	'*',-1
03:00005CC1 FF
03:00005CC2 0000            	  9453: 	dc.w	KEY_MULT-TAB_STAR		* *
03:00005CC4 2F              	  9454: 	dc.b	'/',-1
03:00005CC5 FF
03:00005CC6 0006            	  9455: 	dc.w	KEY_DIV-TAB_STAR		* /
03:00005CC8 5E              	  9456: 	dc.b	'^',-1
03:00005CC9 FF
03:00005CCA 0175            	  9457: 	dc.w	KEY_POWER-TAB_STAR	* ^
03:00005CCC 41              	  9458: 	dc.b	'A',1
03:00005CCD 01
03:00005CCE 0017            	  9459: 	dc.w	KEY_AND-TAB_STAR		* AND
03:00005CD0 45              	  9460: 	dc.b	'E',1
03:00005CD1 01
03:00005CD2 0068            	  9461: 	dc.w	KEY_EOR-TAB_STAR		* EOR
03:00005CD4 4F              	  9462: 	dc.b	'O',0
03:00005CD5 00
03:00005CD6 00DD            	  9463: 	dc.w	KEY_OR-TAB_STAR		* OR
03:00005CD8 3E              	  9464: 	dc.b	'>',0
03:00005CD9 00
03:00005CDA 000E            	  9465: 	dc.w	KEY_RSHIFT-TAB_STAR	* >>
03:00005CDC 3C              	  9466: 	dc.b	'<',0
03:00005CDD 00
03:00005CDE 0008            	  9467: 	dc.w	KEY_LSHIFT-TAB_STAR	* <<
03:00005CE0 3E              	  9468: 	dc.b	'>',-1
03:00005CE1 FF
03:00005CE2 0010            	  9469: 	dc.w	KEY_GT-TAB_STAR		* >
03:00005CE4 3D              	  9470: 	dc.b	'=',-1
03:00005CE5 FF
03:00005CE6 000C            	  9471: 	dc.w	KEY_EQUAL-TAB_STAR	* =
03:00005CE8 3C              	  9472: 	dc.b	'<',-1
03:00005CE9 FF
03:00005CEA 000A            	  9473: 	dc.w	KEY_LT-TAB_STAR		* <
                            	  9474: 
03:00005CEC 53              	  9475: 	dc.b	'S',1
03:00005CED 01
03:00005CEE 011C            	  9476: 	dc.w	KEY_SGN-TAB_STAR		* SGN
03:00005CF0 49              	  9477: 	dc.b	'I',1
03:00005CF1 01
03:00005CF2 0094            	  9478: 	dc.w	KEY_INT-TAB_STAR		* INT
03:00005CF4 41              	  9479: 	dc.b	'A',1
03:00005CF5 01
03:00005CF6 0014            	  9480: 	dc.w	KEY_ABS-TAB_STAR		* ABS
03:00005CF8 55              	  9481: 	dc.b	'U',1
03:00005CF9 01
03:00005CFA 0158            	  9482: 	dc.w	KEY_USR-TAB_STAR		* USR
03:00005CFC 46              	  9483: 	dc.b	'F',1
03:00005CFD 01
03:00005CFE 0074            	  9484: 	dc.w	KEY_FRE-TAB_STAR		* FRE
03:00005D00 50              	  9485: 	dc.b	'P',1
03:00005D01 01
03:00005D02 00EA            	  9486: 	dc.w	KEY_POS-TAB_STAR		* POS
03:00005D04 53              	  9487: 	dc.b	'S',1
03:00005D05 01
03:00005D06 0126            	  9488: 	dc.w	KEY_SQR-TAB_STAR		* SQR
03:00005D08 52              	  9489: 	dc.b	'R',1
03:00005D09 01
03:00005D0A 010D            	  9490: 	dc.w	KEY_RND-TAB_STAR		* RND
03:00005D0C 4C              	  9491: 	dc.b	'L',1
03:00005D0D 01
03:00005D0E 00B5            	  9492: 	dc.w	KEY_LOG-TAB_STAR		* LOG
03:00005D10 45              	  9493: 	dc.b	'E',1
03:00005D11 01
03:00005D12 006B            	  9494: 	dc.w	KEY_EXP-TAB_STAR		* EXP
03:00005D14 43              	  9495: 	dc.b	'C',1
03:00005D15 01
03:00005D16 0049            	  9496: 	dc.w	KEY_COS-TAB_STAR		* COS
03:00005D18 53              	  9497: 	dc.b	'S',1
03:00005D19 01
03:00005D1A 011F            	  9498: 	dc.w	KEY_SIN-TAB_STAR		* SIN
03:00005D1C 54              	  9499: 	dc.b	'T',1
03:00005D1D 01
03:00005D1E 013E            	  9500: 	dc.w	KEY_TAN-TAB_STAR		* TAN
03:00005D20 41              	  9501: 	dc.b	'A',1
03:00005D21 01
03:00005D22 001D            	  9502: 	dc.w	KEY_ATN-TAB_STAR		* ATN
03:00005D24 50              	  9503: 	dc.b	'P',2
03:00005D25 02
03:00005D26 00E0            	  9504: 	dc.w	KEY_PEEK-TAB_STAR		* PEEK
03:00005D28 44              	  9505: 	dc.b	'D',2
03:00005D29 02
03:00005D2A 0054            	  9506: 	dc.w	KEY_DEEK-TAB_STAR		* DEEK
03:00005D2C 4C              	  9507: 	dc.b	'L',2
03:00005D2D 02
03:00005D2E 009E            	  9508: 	dc.w	KEY_LEEK-TAB_STAR		* LEEK
03:00005D30 53              	  9509: 	dc.b	'S',2
03:00005D31 02
03:00005D32 0114            	  9510: 	dc.w	KEY_SADD-TAB_STAR		* SADD
03:00005D34 4C              	  9511: 	dc.b	'L',1
03:00005D35 01
03:00005D36 00A7            	  9512: 	dc.w	KEY_LEN-TAB_STAR		* LEN
03:00005D38 53              	  9513: 	dc.b	'S',2
03:00005D39 02
03:00005D3A 0131            	  9514: 	dc.w	KEY_STRS-TAB_STAR		* STR$
03:00005D3C 56              	  9515: 	dc.b	'V',1
03:00005D3D 01
03:00005D3E 015C            	  9516: 	dc.w	KEY_VAL-TAB_STAR		* VAL
03:00005D40 41              	  9517: 	dc.b	'A',1
03:00005D41 01
03:00005D42 001A            	  9518: 	dc.w	KEY_ASC-TAB_STAR		* ASC
03:00005D44 55              	  9519: 	dc.b	'U',4
03:00005D45 04
03:00005D46 014D            	  9520: 	dc.w	KEY_UCASES-TAB_STAR	* UCASE$
03:00005D48 4C              	  9521: 	dc.b	'L',4
03:00005D49 04
03:00005D4A 0098            	  9522: 	dc.w	KEY_LCASES-TAB_STAR	* LCASE$
03:00005D4C 43              	  9523: 	dc.b	'C',2
03:00005D4D 02
03:00005D4E 003C            	  9524: 	dc.w	KEY_CHRS-TAB_STAR		* CHR$
03:00005D50 48              	  9525: 	dc.b	'H',2
03:00005D51 02
03:00005D52 0085            	  9526: 	dc.w	KEY_HEXS-TAB_STAR		* HEX$
03:00005D54 42              	  9527: 	dc.b	'B',2
03:00005D55 02
03:00005D56 0021            	  9528: 	dc.w	KEY_BINS-TAB_STAR		* BIN$
03:00005D58 42              	  9529: 	dc.b	'B',4
03:00005D59 04
03:00005D5A 0031            	  9530: 	dc.w	KEY_BITTST-TAB_STAR	* BITTST
03:00005D5C 4D              	  9531: 	dc.b	'M',1
03:00005D5D 01
03:00005D5E 00C1            	  9532: 	dc.w	KEY_MAX-TAB_STAR		* MAX
03:00005D60 4D              	  9533: 	dc.b	'M',1
03:00005D61 01
03:00005D62 00C8            	  9534: 	dc.w	KEY_MIN-TAB_STAR		* MIN
03:00005D64 50              	  9535: 	dc.b	'P',0
03:00005D65 00
03:00005D66 00E4            	  9536: 	dc.w	KEY_PI-TAB_STAR		* PI
03:00005D68 54              	  9537: 	dc.b	'T',3
03:00005D69 03
03:00005D6A 0147            	  9538: 	dc.w	KEY_TWOPI-TAB_STAR	* TWOPI
03:00005D6C 56              	  9539: 	dc.b	'V',4
03:00005D6D 04
03:00005D6E 015F            	  9540: 	dc.w	KEY_VPTR-TAB_STAR		* VARPTR
03:00005D70 4C              	  9541: 	dc.b	'L',3
03:00005D71 03
03:00005D72 00A2            	  9542: 	dc.w	KEY_LEFTS-TAB_STAR	* LEFT$
03:00005D74 52              	  9543: 	dc.b	'R',4
03:00005D75 04
03:00005D76 0107            	  9544: 	dc.w	KEY_RIGHTS-TAB_STAR	* RIGHT$
03:00005D78 4D              	  9545: 	dc.b	'M',2
03:00005D79 02
03:00005D7A 00C4            	  9546: 	dc.w	KEY_MIDS-TAB_STAR		* MID$
                            	  9547: 
                            	  9548: * BASIC error messages
                            	  9549: 
                            	  9550: LAB_BAER
03:00005D7C 00005DD4        	  9551: 	dc.l	LAB_NF			* $00 NEXT without FOR
03:00005D80 00005DE5        	  9552: 	dc.l	LAB_SN			* $04 syntax
03:00005D84 00005DEC        	  9553: 	dc.l	LAB_RG			* $08 RETURN without GOSUB
03:00005D88 00005E01        	  9554: 	dc.l	LAB_OD			* $0C out of data
03:00005D8C 00005E0D        	  9555: 	dc.l	LAB_FC			* $10 function call
03:00005D90 00005E1B        	  9556: 	dc.l	LAB_OV			* $14 overflow
03:00005D94 00005E24        	  9557: 	dc.l	LAB_OM			* $18 out of memory
03:00005D98 00005E32        	  9558: 	dc.l	LAB_US			* $1C undefined statement
03:00005D9C 00005E46        	  9559: 	dc.l	LAB_BS			* $20 array bounds
03:00005DA0 00005E53        	  9560: 	dc.l	LAB_DD			* $24 double dimension array
03:00005DA4 00005E64        	  9561: 	dc.l	LAB_D0			* $28 divide by 0
03:00005DA8 00005E73        	  9562: 	dc.l	LAB_ID			* $2C illegal direct
03:00005DAC 00005E82        	  9563: 	dc.l	LAB_TM			* $30 type mismatch
03:00005DB0 00005E90        	  9564: 	dc.l	LAB_LS			* $34 long string
03:00005DB4 00005EA0        	  9565: 	dc.l	LAB_ST			* $38 string too complex
03:00005DB8 00005EB3        	  9566: 	dc.l	LAB_CN			* $3C continue error
03:00005DBC 00005EC2        	  9567: 	dc.l	LAB_UF			* $40 undefined function
03:00005DC0 00005ED5        	  9568: 	dc.l	LAB_LD			* $44 LOOP without DO
03:00005DC4 00005EE5        	  9569: 	dc.l	LAB_UV			* $48 undefined variable
03:00005DC8 00005EF8        	  9570: 	dc.l	LAB_UA			* $4C undimensioned array
03:00005DCC 00005F0C        	  9571: 	dc.l	LAB_WD			* $50 wrong dimensions
03:00005DD0 00005F1D        	  9572: 	dc.l	LAB_AD			* $54 address
                            	  9573: *	dc.l	LAB_IT			* $58 internal
                            	  9574: 
03:00005DD4 4E45585420776974	  9575: LAB_NF	dc.b	'NEXT without FOR',$00
03:00005DDC 686F757420464F52
03:00005DE4 00
03:00005DE5 53796E746178    	  9576: LAB_SN	dc.b	'Syntax',$00
03:00005DEB 00
03:00005DEC 52455455524E2077	  9577: LAB_RG	dc.b	'RETURN without GOSUB',$00
03:00005DF4 6974686F75742047
03:00005DFC 4F535542
03:00005E00 00
03:00005E01 4F7574206F662044	  9578: LAB_OD	dc.b	'Out of DATA',$00
03:00005E09 415441
03:00005E0C 00
03:00005E0D 46756E6374696F6E	  9579: LAB_FC	dc.b	'Function call',$00
03:00005E15 2063616C6C
03:00005E1A 00
03:00005E1B 4F766572666C6F77	  9580: LAB_OV	dc.b	'Overflow',$00
03:00005E23 00
03:00005E24 4F7574206F66206D	  9581: LAB_OM	dc.b	'Out of memory',$00
03:00005E2C 656D6F7279
03:00005E31 00
03:00005E32 556E646566696E65	  9582: LAB_US	dc.b	'Undefined statement',$00
03:00005E3A 642073746174656D
03:00005E42 656E74
03:00005E45 00
03:00005E46 417272617920626F	  9583: LAB_BS	dc.b	'Array bounds',$00
03:00005E4E 756E6473
03:00005E52 00
03:00005E53 446F75626C652064	  9584: LAB_DD	dc.b	'Double dimension',$00
03:00005E5B 696D656E73696F6E
03:00005E63 00
03:00005E64 4469766964652062	  9585: LAB_D0	dc.b	'Divide by zero',$00
03:00005E6C 79207A65726F
03:00005E72 00
03:00005E73 496C6C6567616C20	  9586: LAB_ID	dc.b	'Illegal direct',$00
03:00005E7B 646972656374
03:00005E81 00
03:00005E82 54797065206D6973	  9587: LAB_TM	dc.b	'Type mismatch',$00
03:00005E8A 6D61746368
03:00005E8F 00
03:00005E90 537472696E672074	  9588: LAB_LS	dc.b	'String too long',$00
03:00005E98 6F6F206C6F6E67
03:00005E9F 00
03:00005EA0 537472696E672074	  9589: LAB_ST	dc.b	'String too complex',$00
03:00005EA8 6F6F20636F6D706C
03:00005EB0 6578
03:00005EB2 00
03:00005EB3 43616E277420636F	  9590: LAB_CN	dc.b	'Can''t continue',$00
03:00005EBB 6E74696E7565
03:00005EC1 00
03:00005EC2 556E646566696E65	  9591: LAB_UF	dc.b	'Undefined function',$00
03:00005ECA 642066756E637469
03:00005ED2 6F6E
03:00005ED4 00
03:00005ED5 4C4F4F5020776974	  9592: LAB_LD	dc.b	'LOOP without DO',$00
03:00005EDD 686F757420444F
03:00005EE4 00
03:00005EE5 556E646566696E65	  9593: LAB_UV	dc.b	'Undefined variable',$00
03:00005EED 6420766172696162
03:00005EF5 6C65
03:00005EF7 00
03:00005EF8 556E64696D656E73	  9594: LAB_UA	dc.b	'Undimensioned array',$00
03:00005F00 696F6E6564206172
03:00005F08 726179
03:00005F0B 00
03:00005F0C 57726F6E67206469	  9595: LAB_WD	dc.b	'Wrong dimensions',$00
03:00005F14 6D656E73696F6E73
03:00005F1C 00
03:00005F1D 41646472657373  	  9596: LAB_AD	dc.b	'Address',$00
03:00005F24 00
                            	  9597: *LAB_IT	dc.b	'Internal',$00
                            	  9598: 
                            	  9599: * keyword table for line (un)crunching
                            	  9600: 
                            	  9601: * [keyword,token
                            	  9602: * [keyword,token]]
                            	  9603: * end marker (#$00)
                            	  9604: 
                            	  9605: TAB_STAR
                            	  9606: KEY_MULT
03:00005F25 B3              	  9607: 	dc.b TK_MULT,$00			* *
03:00005F26 00
                            	  9608: TAB_PLUS
                            	  9609: KEY_PLUS
03:00005F27 B1              	  9610: 	dc.b TK_PLUS,$00			* +
03:00005F28 00
                            	  9611: TAB_MNUS
                            	  9612: KEY_MINUS
03:00005F29 B2              	  9613: 	dc.b TK_MINUS,$00			* -
03:00005F2A 00
                            	  9614: TAB_SLAS
                            	  9615: KEY_DIV
03:00005F2B B4              	  9616: 	dc.b TK_DIV,$00			* /
03:00005F2C 00
                            	  9617: TAB_LESS
                            	  9618: KEY_LSHIFT
03:00005F2D 3C              	  9619: 	dc.b	'<',TK_LSHIFT		* <<
03:00005F2E BA
                            	  9620: KEY_LT
03:00005F2F BD              	  9621: 	dc.b TK_LT				* <
03:00005F30 00              	  9622: 	dc.b	$00
                            	  9623: TAB_EQUL
                            	  9624: KEY_EQUAL
03:00005F31 BC              	  9625: 	dc.b TK_EQUAL,$00			* =
03:00005F32 00
                            	  9626: TAB_MORE
                            	  9627: KEY_RSHIFT
03:00005F33 3E              	  9628: 	dc.b	'>',TK_RSHIFT		* >>
03:00005F34 B9
                            	  9629: KEY_GT
03:00005F35 BB              	  9630: 	dc.b TK_GT				* >
03:00005F36 00              	  9631: 	dc.b	$00
                            	  9632: TAB_QEST
03:00005F37 9E              	  9633: 	dc.b TK_PRINT,$00			* ?
03:00005F38 00
                            	  9634: TAB_ASCA
                            	  9635: KEY_ABS
03:00005F39 4253            	  9636: 	dc.b	'BS',TK_ABS			* ABS
03:00005F3B C0
                            	  9637: KEY_AND
03:00005F3C 4E44            	  9638: 	dc.b	'ND',TK_AND			* AND
03:00005F3E B6
                            	  9639: KEY_ASC
03:00005F3F 5343            	  9640: 	dc.b	'SC',TK_ASC			* ASC
03:00005F41 D3
                            	  9641: KEY_ATN
03:00005F42 544E            	  9642: 	dc.b	'TN',TK_ATN			* ATN
03:00005F44 CB
03:00005F45 00              	  9643: 	dc.b	$00
                            	  9644: TAB_ASCB
                            	  9645: KEY_BINS
03:00005F46 494E24          	  9646: 	dc.b	'IN$',TK_BINS		* BIN$IN$
03:00005F49 D8
                            	  9647: KEY_BITCLR
03:00005F4A 4954434C52      	  9648: 	dc.b	'ITCLR',TK_BITCLR		* BITCLR
03:00005F4F A7
                            	  9649: KEY_BITSET
03:00005F50 4954534554      	  9650: 	dc.b	'ITSET',TK_BITSET		* BITSET
03:00005F55 A6
                            	  9651: KEY_BITTST
03:00005F56 4954545354      	  9652: 	dc.b	'ITTST',TK_BITTST		* BITTST
03:00005F5B D9
03:00005F5C 00              	  9653: 	dc.b	$00
                            	  9654: TAB_ASCC
                            	  9655: KEY_CALL
03:00005F5D 414C4C          	  9656: 	dc.b	'ALL',TK_CALL		* CALL
03:00005F60 9B
                            	  9657: KEY_CHRS
03:00005F61 485224          	  9658: 	dc.b	'HR$',TK_CHRS		* CHR$
03:00005F64 D6
                            	  9659: KEY_CLEAR
03:00005F65 4C454152        	  9660: 	dc.b	'LEAR',TK_CLEAR		* CLEAR
03:00005F69 A1
                            	  9661: KEY_CONT
03:00005F6A 4F4E54          	  9662: 	dc.b	'ONT',TK_CONT		* CONT
03:00005F6D 9F
                            	  9663: KEY_COS
03:00005F6E 4F53            	  9664: 	dc.b	'OS',TK_COS			* COS
03:00005F70 C8
03:00005F71 00              	  9665: 	dc.b	$00
                            	  9666: TAB_ASCD
                            	  9667: KEY_DATA
03:00005F72 415441          	  9668: 	dc.b	'ATA',TK_DATA		* DATA
03:00005F75 83
                            	  9669: KEY_DEC
03:00005F76 4543            	  9670: 	dc.b	'EC',TK_DEC			* DEC
03:00005F78 88
                            	  9671: KEY_DEEK
03:00005F79 45454B          	  9672: 	dc.b	'EEK',TK_DEEK		* DEEK
03:00005F7C CD
                            	  9673: KEY_DEF
03:00005F7D 4546            	  9674: 	dc.b	'EF',TK_DEF			* DEF
03:00005F7F 97
                            	  9675: KEY_DIM
03:00005F80 494D            	  9676: 	dc.b	'IM',TK_DIM			* DIM
03:00005F82 85
                            	  9677: KEY_DOKE
03:00005F83 4F4B45          	  9678: 	dc.b	'OKE',TK_DOKE		* DOKE
03:00005F86 99
                            	  9679: KEY_DO
03:00005F87 4F              	  9680: 	dc.b	'O',TK_DO			* DO
03:00005F88 9C
03:00005F89 00              	  9681: 	dc.b	$00
                            	  9682: TAB_ASCE
                            	  9683: KEY_END
03:00005F8A 4E44            	  9684: 	dc.b	'ND',TK_END			* END
03:00005F8C 80
                            	  9685: KEY_EOR
03:00005F8D 4F52            	  9686: 	dc.b	'OR',TK_EOR			* EOR
03:00005F8F B7
                            	  9687: KEY_EXP
03:00005F90 5850            	  9688: 	dc.b	'XP',TK_EXP			* EXP
03:00005F92 C7
03:00005F93 00              	  9689: 	dc.b	$00
                            	  9690: TAB_ASCF
                            	  9691: KEY_FOR
03:00005F94 4F52            	  9692: 	dc.b	'OR',TK_FOR			* FOR
03:00005F96 81
                            	  9693: KEY_FN
03:00005F97 4E              	  9694: 	dc.b	'N',TK_FN			* FN
03:00005F98 AA
                            	  9695: KEY_FRE
03:00005F99 5245            	  9696: 	dc.b	'RE',TK_FRE			* FRE
03:00005F9B C2
03:00005F9C 00              	  9697: 	dc.b	$00
                            	  9698: TAB_ASCG
                            	  9699: KEY_GET
03:00005F9D 4554            	  9700: 	dc.b	'ET',TK_GET			* GET
03:00005F9F A4
                            	  9701: KEY_GOTO
03:00005FA0 4F544F          	  9702: 	dc.b	'OTO',TK_GOTO		* GOTO
03:00005FA3 89
                            	  9703: KEY_GOSUB
03:00005FA4 4F535542        	  9704: 	dc.b	'OSUB',TK_GOSUB		* GOSUB
03:00005FA8 8D
03:00005FA9 00              	  9705: 	dc.b	$00
                            	  9706: TAB_ASCH
                            	  9707: KEY_HEXS
03:00005FAA 455824          	  9708: 	dc.b	'EX$',TK_HEXS,$00		* HEX$
03:00005FAD D7
03:00005FAE 00
                            	  9709: TAB_ASCI
                            	  9710: KEY_IF
03:00005FAF 46              	  9711: 	dc.b	'F',TK_IF			* IF
03:00005FB0 8B
                            	  9712: KEY_INC
03:00005FB1 4E43            	  9713: 	dc.b	'NC',TK_INC			* INC
03:00005FB3 93
                            	  9714: KEY_INPUT
03:00005FB4 4E505554        	  9715: 	dc.b	'NPUT',TK_INPUT		* INPUT
03:00005FB8 84
                            	  9716: KEY_INT
03:00005FB9 4E54            	  9717: 	dc.b	'NT',TK_INT			* INT
03:00005FBB BF
03:00005FBC 00              	  9718: 	dc.b	$00
                            	  9719: TAB_ASCL
                            	  9720: KEY_LCASES
03:00005FBD 4341534524      	  9721: 	dc.b	'CASE$',TK_LCASES		* LCASE$
03:00005FC2 D5
                            	  9722: KEY_LEEK
03:00005FC3 45454B          	  9723: 	dc.b	'EEK',TK_LEEK		* LEEK
03:00005FC6 CE
                            	  9724: KEY_LEFTS
03:00005FC7 45465424        	  9725: 	dc.b	'EFT$',TK_LEFTS		* LEFT$
03:00005FCB DF
                            	  9726: KEY_LEN
03:00005FCC 454E            	  9727: 	dc.b	'EN',TK_LEN			* LEN
03:00005FCE D0
                            	  9728: KEY_LET
03:00005FCF 4554            	  9729: 	dc.b	'ET',TK_LET			* LET
03:00005FD1 87
                            	  9730: KEY_LIST
03:00005FD2 495354          	  9731: 	dc.b	'IST',TK_LIST		* LIST
03:00005FD5 A0
                            	  9732: KEY_LOAD
03:00005FD6 4F4144          	  9733: 	dc.b	'OAD',TK_LOAD		* LOAD
03:00005FD9 95
                            	  9734: KEY_LOG
03:00005FDA 4F47            	  9735: 	dc.b	'OG',TK_LOG			* LOG
03:00005FDC C6
                            	  9736: KEY_LOKE
03:00005FDD 4F4B45          	  9737: 	dc.b	'OKE',TK_LOKE		* LOKE
03:00005FE0 9A
                            	  9738: KEY_LOOP
03:00005FE1 4F4F50          	  9739: 	dc.b	'OOP',TK_LOOP		* LOOP
03:00005FE4 9D
03:00005FE5 00              	  9740: 	dc.b	$00
                            	  9741: TAB_ASCM
                            	  9742: KEY_MAX
03:00005FE6 4158            	  9743: 	dc.b	'AX',TK_MAX			* MAX
03:00005FE8 DA
                            	  9744: KEY_MIDS
03:00005FE9 494424          	  9745: 	dc.b	'ID$',TK_MIDS		* MID$
03:00005FEC E1
                            	  9746: KEY_MIN
03:00005FED 494E            	  9747: 	dc.b	'IN',TK_MIN			* MIN
03:00005FEF DB
03:00005FF0 00              	  9748: 	dc.b	$00
                            	  9749: TAB_ASCN
                            	  9750: KEY_NEW
03:00005FF1 4557            	  9751: 	dc.b	'EW',TK_NEW			* NEW
03:00005FF3 A2
                            	  9752: KEY_NEXT
03:00005FF4 455854          	  9753: 	dc.b	'EXT',TK_NEXT		* NEXT
03:00005FF7 82
                            	  9754: KEY_NOT
03:00005FF8 4F54            	  9755: 	dc.b	'OT',TK_NOT			* NUT
03:00005FFA AD
                            	  9756: KEY_NULL
03:00005FFB 554C4C          	  9757: 	dc.b	'ULL',TK_NULL		* NULL
03:00005FFE 92
03:00005FFF 00              	  9758: 	dc.b	$00
                            	  9759: TAB_ASCO
                            	  9760: KEY_ON
03:00006000 4E              	  9761: 	dc.b	'N',TK_ON			* ON
03:00006001 91
                            	  9762: KEY_OR
03:00006002 52              	  9763: 	dc.b	'R',TK_OR			* OR
03:00006003 B8
03:00006004 00              	  9764: 	dc.b	$00
                            	  9765: TAB_ASCP
                            	  9766: KEY_PEEK
03:00006005 45454B          	  9767: 	dc.b	'EEK',TK_PEEK		* PEEK
03:00006008 CC
                            	  9768: KEY_PI
03:00006009 49              	  9769: 	dc.b	'I',TK_PI			* PI
03:0000600A DC
                            	  9770: KEY_POKE
03:0000600B 4F4B45          	  9771: 	dc.b	'OKE',TK_POKE		* POKE
03:0000600E 98
                            	  9772: KEY_POS
03:0000600F 4F53            	  9773: 	dc.b	'OS',TK_POS			* POS
03:00006011 C3
                            	  9774: KEY_PRINT
03:00006012 52494E54        	  9775: 	dc.b	'RINT',TK_PRINT		* PRINT
03:00006016 9E
03:00006017 00              	  9776: 	dc.b	$00
                            	  9777: TAB_ASCR
                            	  9778: KEY_READ
03:00006018 454144          	  9779: 	dc.b	'EAD',TK_READ		* READ
03:0000601B 86
                            	  9780: KEY_REM
03:0000601C 454D            	  9781: 	dc.b	'EM',TK_REM			* REM
03:0000601E 8F
                            	  9782: KEY_RESTORE
03:0000601F 4553544F5245    	  9783: 	dc.b	'ESTORE',TK_RESTORE	* RESTORE
03:00006025 8C
                            	  9784: KEY_RETURN
03:00006026 455455524E      	  9785: 	dc.b	'ETURN',TK_RETURN		* RETURN
03:0000602B 8E
                            	  9786: KEY_RIGHTS
03:0000602C 4947485424      	  9787: 	dc.b	'IGHT$',TK_RIGHTS		* RIGHT$
03:00006031 E0
                            	  9788: KEY_RND
03:00006032 4E44            	  9789: 	dc.b	'ND',TK_RND			* RND
03:00006034 C5
                            	  9790: KEY_RUN
03:00006035 554E            	  9791: 	dc.b	'UN',TK_RUN			* RUN
03:00006037 8A
03:00006038 00              	  9792: 	dc.b	$00
                            	  9793: TAB_ASCS
                            	  9794: KEY_SADD
03:00006039 414444          	  9795: 	dc.b	'ADD',TK_SADD		* SADD
03:0000603C CF
                            	  9796: KEY_SAVE
03:0000603D 415645          	  9797: 	dc.b	'AVE',TK_SAVE		* SAVE
03:00006040 96
                            	  9798: KEY_SGN
03:00006041 474E            	  9799: 	dc.b	'GN',TK_SGN			* SGN
03:00006043 BE
                            	  9800: KEY_SIN
03:00006044 494E            	  9801: 	dc.b	'IN',TK_SIN			* SIN
03:00006046 C9
                            	  9802: KEY_SPC
03:00006047 504328          	  9803: 	dc.b	'PC(',TK_SPC		* SPC(
03:0000604A AB
                            	  9804: KEY_SQR
03:0000604B 5152            	  9805: 	dc.b	'QR',TK_SQR			* SQR
03:0000604D C4
                            	  9806: KEY_STEP
03:0000604E 544550          	  9807: 	dc.b	'TEP',TK_STEP		* STEP
03:00006051 AE
                            	  9808: KEY_STOP
03:00006052 544F50          	  9809: 	dc.b	'TOP',TK_STOP		* STOP
03:00006055 90
                            	  9810: KEY_STRS
03:00006056 545224          	  9811: 	dc.b	'TR$',TK_STRS		* STR$
03:00006059 D1
                            	  9812: KEY_SWAP
03:0000605A 574150          	  9813: 	dc.b	'WAP',TK_SWAP		* SWAP
03:0000605D A5
03:0000605E 00              	  9814: 	dc.b	$00
                            	  9815: TAB_ASCT
                            	  9816: KEY_TAB
03:0000605F 414228          	  9817: 	dc.b	'AB(',TK_TAB		* TAB(
03:00006062 A8
                            	  9818: KEY_TAN
03:00006063 414E            	  9819: 	dc.b	'AN',TK_TAN			* TAN
03:00006065 CA
                            	  9820: KEY_THEN
03:00006066 48454E          	  9821: 	dc.b	'HEN',TK_THEN		* THEN
03:00006069 AC
                            	  9822: KEY_TO
03:0000606A 4F              	  9823: 	dc.b	'O',TK_TO			* TO
03:0000606B A9
                            	  9824: KEY_TWOPI
03:0000606C 574F5049        	  9825: 	dc.b	'WOPI',TK_TWOPI		* TWOPI
03:00006070 DD
03:00006071 00              	  9826: 	dc.b	$00
                            	  9827: TAB_ASCU
                            	  9828: KEY_UCASES
03:00006072 4341534524      	  9829: 	dc.b	'CASE$',TK_UCASES		* UCASE$
03:00006077 D4
                            	  9830: KEY_UNTIL
03:00006078 4E54494C        	  9831: 	dc.b	'NTIL',TK_UNTIL		* UNTIL
03:0000607C AF
                            	  9832: KEY_USR
03:0000607D 5352            	  9833: 	dc.b	'SR',TK_USR			* USR
03:0000607F C1
03:00006080 00              	  9834: 	dc.b	$00
                            	  9835: TAB_ASCV
                            	  9836: KEY_VAL
03:00006081 414C            	  9837: 	dc.b	'AL',TK_VAL			* VAL
03:00006083 D2
                            	  9838: KEY_VPTR
03:00006084 4152505452      	  9839: 	dc.b	'ARPTR',TK_VPTR		* VARPTR
03:00006089 DE
03:0000608A 00              	  9840: 	dc.b	$00
                            	  9841: TAB_ASCW
                            	  9842: KEY_WAIT
03:0000608B 414954          	  9843: 	dc.b	'AIT',TK_WAIT		* WAIT
03:0000608E 94
                            	  9844: KEY_WHILE
03:0000608F 48494C45        	  9845: 	dc.b	'HILE',TK_WHILE		* WHILE
03:00006093 B0
                            	  9846: KEY_WIDTH
03:00006094 49445448        	  9847: 	dc.b	'IDTH',TK_WIDTH		* WIDTH
03:00006098 A3
03:00006099 00              	  9848: 	dc.b	$00
                            	  9849: TAB_POWR
                            	  9850: KEY_POWER
03:0000609A B5              	  9851: 	dc.b	TK_POWER,$00		* ^
03:0000609B 00
                            	  9852: 
                            	  9853: * just messages
                            	  9854: 
                            	  9855: LAB_BMSG
03:0000609C 0D              	  9856: 	dc.b	$0D,$0A,'Break',$00
03:0000609D 0A
03:0000609E 427265616B
03:000060A3 00
                            	  9857: LAB_EMSG
03:000060A4 204572726F72    	  9858: 	dc.b	' Error',$00
03:000060AA 00
                            	  9859: LAB_LMSG
03:000060AB 20696E206C696E65	  9860: 	dc.b	' in line ',$00
03:000060B3 20
03:000060B4 00
                            	  9861: LAB_IMSG
03:000060B5 4578747261206967	  9862: 	dc.b	'Extra ignored',$0D,$0A,$00
03:000060BD 6E6F726564
03:000060C2 0D
03:000060C3 0A
03:000060C4 00
                            	  9863: LAB_REDO
03:000060C5 5265646F2066726F	  9864: 	dc.b	'Redo from start',$0D,$0A,$00
03:000060CD 6D207374617274
03:000060D4 0D
03:000060D5 0A
03:000060D6 00
                            	  9865: LAB_RMSG
03:000060D7 0D              	  9866: 	dc.b	$0D,$0A,'Ready',$0D,$0A,$00
03:000060D8 0A
03:000060D9 5265616479
03:000060DE 0D
03:000060DF 0A
03:000060E0 00
                            	  9867: 
                            	  9868: LAB_MSZM
03:000060E1 0D              	  9869: 	dc.b	$0D,$0A,'Memory size ',$00
03:000060E2 0A
03:000060E3 4D656D6F72792073
03:000060EB 697A6520
03:000060EF 00
                            	  9870: 
                            	  9871: LAB_SMSG
03:000060F0 2042797465732066	  9872: 	dc.b	' Bytes free',$0D,$0A,$0A
03:000060F8 726565
03:000060FB 0D
03:000060FC 0A
03:000060FD 0A
03:000060FE 456E68616E636564	  9873: 	dc.b	'Enhanced 68k BASIC Version 1.10',$0D,$0A,$00
03:00006106 2036386B20424153
03:0000610E 4943205665727369
03:00006116 6F6E20312E3130
03:0000611D 0D
03:0000611E 0A
03:0000611F 00
                            	  9874: 
                            	  9875: *************************************************************************************
                            	  9876: * EhBASIC keywords quick reference list								*
                            	  9877: *************************************************************************************
                            	  9878: 
                            	  9879: * glossary
                            	  9880: 
                            	  9881: 	* <.>		  required
                            	  9882: 	* {.|.}	  one of required
                            	  9883: 	* [.]		  optional
                            	  9884: 	* ...		  may repeat as last
                            	  9885: 
                            	  9886: 	* any		= anything
                            	  9887: 	* num		= number
                            	  9888: 	* state	= statement
                            	  9889: 	* pint	= positive integer
                            	  9890: 	* str		= string
                            	  9891: 	* var		= variable
                            	  9892: 	* nvar	= numeric variable
                            	  9893: 	* svar	= string variable
                            	  9894: 	* expr	= expression
                            	  9895: 	* nexpr	= numeric expression
                            	  9896: 	* sexpr	= string expression
                            	  9897: 
                            	  9898: * statement separator
                            	  9899: 
                            	  9900: * :		. [state] : [state]						* done
                            	  9901: 
                            	  9902: * number bases
                            	  9903: 
                            	  9904: * %		. %<binary num>							* done
                            	  9905: * $		. $<hex num>							* done
                            	  9906: 
                            	  9907: * commands
                            	  9908: 
                            	  9909: * END		. END									* done
                            	  9910: * FOR		. FOR <nvar>=<nexpr> TO <nexpr> [STEP <nexpr>]		* done
                            	  9911: * NEXT	. NEXT [<nvar>[,<nvar>]...]					* done
                            	  9912: * DATA	. DATA [{num|["]str["]}[,{num|["]str["]}]...]		* done
                            	  9913: * INPUT	. INPUT [<">str<">;] <var>[,<var>[,<var>]...]		* done
                            	  9914: * DIM		. DIM <var>(<nexpr>[,<nexpr>[,<nexpr>]])			* done
                            	  9915: * READ	. READ <var>[,<var>[,<var>]...]				* done
                            	  9916: * LET		. [LET] <var>=<expr>						* done
                            	  9917: * DEC		. DEC <nvar>[,<nvar>[,<nvar>]...]				* done
                            	  9918: * GOTO	. GOTO <pint>							* done
                            	  9919: * RUN		. RUN [pint]							* done
                            	  9920: * IF		. IF <nexpr> {THEN {pint|state}|GOTO <pint>}		* done
                            	  9921: * RESTORE	. RESTORE [pint]							* done
                            	  9922: * GOSUB	. GOSUB <pint>							* done
                            	  9923: * REM		. REM [any]								* done
                            	  9924: * STOP	. STOP								* done
                            	  9925: * ON		. ON <nexpr> {GOTO|GOSUB} <pint>[,<pint>[,<pint>]...]	* done
                            	  9926: * NULL	. NULL <nexpr>							* done
                            	  9927: * INC		. INC <nvar>[,<nvar>[,<nvar>]...]				* done
                            	  9928: * WAIT	. WAIT <nexpr>,<nexpr>[,<nexpr>]				* done
                            	  9929: * LOAD	. LOAD <sexpr>							* done for simulator
                            	  9930: * SAVE	. SAVE <sexpr>							* done for simulator
                            	  9931: * DEF		. DEF FN<var>(<var>)=<expr>					* done
                            	  9932: * POKE	. POKE <nexpr>,<nexpr>						* done
                            	  9933: * DOKE	. DOKE <nexpr>,<nexpr>					 	* done
                            	  9934: * LOKE	. LOKE <nexpr>,<nexpr>					 	* done
                            	  9935: * CALL	. CALL <nexpr>							* done
                            	  9936: * DO		. DO									* done
                            	  9937: * LOOP	. LOOP [{WHILE|UNTIL}<nexpr>]					* done
                            	  9938: * PRINT	. PRINT [{;|,}][expr][{;|,}[expr][{;|,}[expr]]...]	* done
                            	  9939: * CONT	. CONT								* done
                            	  9940: * LIST	. LIST [pint][-pint]						* done
                            	  9941: * CLEAR	. CLEAR								* done
                            	  9942: * NEW		. NEW									* done
                            	  9943: * WIDTH	. WIDTH [<pint>][,<pint>]					* done
                            	  9944: * GET		. GET <var>								* done
                            	  9945: * SWAP	. SWAP <var>,<var>						* done
                            	  9946: * BITSET	. BITSET <nexpr>,<nexpr>					* done
                            	  9947: * BITCLR	. BITCLR <nexpr>,<nexpr>					* done
                            	  9948: 
                            	  9949: * sub commands (may not start a statement)
                            	  9950: 
                            	  9951: * TAB		. TAB(<nexpr>)							* done
                            	  9952: * TO		. FOR <nvar>=<nexpr> TO <nexpr> [STEP <nexpr>]		* done
                            	  9953: * FN		. FN<var>(<expr>)							* done
                            	  9954: * SPC		. SPC(<nexpr>)							* done
                            	  9955: * THEN	. IF <nexpr> {THEN {pint|comm}|GOTO <pint>}		* done
                            	  9956: * NOT		. NOT <nexpr>							* done
                            	  9957: * STEP	. FOR <nvar>=<nexpr> TO <nexpr> [STEP <nexpr>]		* done
                            	  9958: * UNTIL	. LOOP [{WHILE|UNTIL}<nexpr>]					* done
                            	  9959: * WHILE	. LOOP [{WHILE|UNTIL}<nexpr>]					* done
                            	  9960: 
                            	  9961: * operators
                            	  9962: 
                            	  9963: * +		. [expr] + <expr>							* done
                            	  9964: * -		. [nexpr] - <nexpr>						* done
                            	  9965: * *		. <nexpr> * <nexpr>						* done fast hardware
                            	  9966: * /		. <nexpr> / <nexpr>						* done fast hardware
                            	  9967: * ^		. <nexpr> ^ <nexpr>						* done
                            	  9968: * AND		. <nexpr> AND <nexpr>						* done
                            	  9969: * EOR		. <nexpr> EOR <nexpr>						* done
                            	  9970: * OR		. <nexpr> OR <nexpr>						* done
                            	  9971: * >>		. <nexpr> >> <nexpr>						* done
                            	  9972: * <<		. <nexpr> << <nexpr>						* done
                            	  9973: 
                            	  9974: * compare functions
                            	  9975: 
                            	  9976: * <		. <expr> < <expr>							* done
                            	  9977: * =		. <expr> = <expr>							* done
                            	  9978: * >		. <expr> > <expr>							* done
                            	  9979: 
                            	  9980: * functions
                            	  9981: 
                            	  9982: * SGN		. SGN(<nexpr>)							* done
                            	  9983: * INT		. INT(<nexpr>)							* done
                            	  9984: * ABS		. ABS(<nexpr>)							* done
                            	  9985: * USR		. USR(<expr>)							* done
                            	  9986: * FRE		. FRE(<expr>)							* done
                            	  9987: * POS		. POS(<expr>)							* done
                            	  9988: * SQR		. SQR(<nexpr>)							* done fast shift/sub
                            	  9989: * RND		. RND(<nexpr>)							* done 31 bit PRNG
                            	  9990: * LOG		. LOG(<nexpr>)							* done fast cordic
                            	  9991: * EXP		. EXP(<nexpr>)							* done fast cordic
                            	  9992: * COS		. COS(<nexpr>)							* done fast cordic
                            	  9993: * SIN		. SIN(<nexpr>)							* done fast cordic
                            	  9994: * TAN		. TAN(<nexpr>)							* done fast cordic
                            	  9995: * ATN		. ATN(<nexpr>)							* done fast cordic
                            	  9996: * PEEK	. PEEK(<nexpr>)							* done
                            	  9997: * DEEK	. DEEK(<nexpr>)							* done
                            	  9998: * LEEK	. LEEK(<nexpr>)							* done
                            	  9999: * SADD	. SADD(<sexpr>)							* done
                            	 10000: * LEN		. LEN(<sexpr>)							* done
                            	 10001: * STR$	. STR$(<nexpr>)							* done
                            	 10002: * VAL		. VAL(<sexpr>)							* done
                            	 10003: * ASC		. ASC(<sexpr>)							* done
                            	 10004: * UCASE$	. UCASE$(<sexpr>)							* done
                            	 10005: * LCASE$	. LCASE$(<sexpr>)							* done
                            	 10006: * CHR$	. CHR$(<nexpr>)							* done
                            	 10007: * HEX$	. HEX$(<nexpr>)							* done
                            	 10008: * BIN$	. BIN$(<nexpr>)							* done
                            	 10009: * BTST	. BTST(<nexpr>,<nexpr>)						* done
                            	 10010: * MAX		. MAX(<nexpr>[,<nexpr>[,<nexpr>]...])			* done
                            	 10011: * MIN		. MIN(<nexpr>[,<nexpr>[,<nexpr>]...])			* done
                            	 10012: * PI		. PI									* done
                            	 10013: * TWOPI	. TWOPI								* done
                            	 10014: * VARPTR	. VARPTR(<var>)							* done
                            	 10015: * LEFT$	. LEFT$(<sexpr>,<nexpr>)					* done
                            	 10016: * RIGHT$	. RIGHT$(<sexpr>,<nexpr>)					* done
                            	 10017: * MID$	. MID$(<sexpr>,<nexpr>[,<nexpr>])				* done
                            	 10018: 
                            	 10019: ;   * This lot is in RAM
                            	 10020: ;   
                            	 10021: ;   	ORG	$40000
                            	 10022: ;   ram_strt
                            	 10023: ;   						* I'll allow 1K for the stack
                            	 10024: ;   
                            	 10025: ;   	ORG	$40400
                            	 10026: ;   ram_base
                            	 10027: ;   LAB_WARM	ds.w	1			* BASIC warm start entry point
                            	 10028: ;   Wrmjpv	ds.l	1			* BASIC warm start jump vector
                            	 10029: ;   
                            	 10030: ;   Usrjmp	ds.w	1			* USR function JMP address
                            	 10031: ;   Usrjpv	ds.l	1			* USR function JMP vector
                            	 10032: ;   
                            	 10033: ;   * system dependant i/o vectors
                            	 10034: ;   * these are in RAM and are set at start-up
                            	 10035: ;   
                            	 10036: ;   V_INPT	ds.w	1			* non halting scan input device entry point
                            	 10037: ;   V_INPTv	ds.l	1			* non halting scan input device jump vector
                            	 10038: ;   
                            	 10039: ;   V_OUTP	ds.w	1			* send byte to output device entry point
                            	 10040: ;   V_OUTPv	ds.l	1			* send byte to output device jump vector
                            	 10041: ;   
                            	 10042: ;   V_LOAD	ds.w	1			* load BASIC program entry point
                            	 10043: ;   V_LOADv	ds.l	1			* load BASIC program jump vector
                            	 10044: ;   
                            	 10045: ;   V_SAVE	ds.w	1			* save BASIC program entry point
                            	 10046: ;   V_SAVEv	ds.l	1			* save BASIC program jump vector
                            	 10047: ;   
                            	 10048: ;   V_CTLC	ds.w	1			* save CTRL-C check entry point
                            	 10049: ;   V_CTLCv	ds.l	1			* save CTRL-C check jump vector
                            	 10050: ;   
                            	 10051: ;   entry_sp	ds.l	1			* stack value on entry to basic
                            	 10052: ;   
                            	 10053: ;   Itemp		ds.l	1			* temporary integer (for GOTO etc)
                            	 10054: ;   
                            	 10055: ;   Smeml		ds.l	1			* start of memory	(start of program)
                            	 10056: ;   Sfncl		ds.l	1			* start of functions	(end of Program)
                            	 10057: ;   Svarl		ds.l	1			* start of variables	(end of functions)
                            	 10058: ;   Sstrl		ds.l	1			* start of strings	(end of variables)
                            	 10059: ;   Sarryl	ds.l	1			* start of arrays		(end of strings)
                            	 10060: ;   Earryl	ds.l	1			* end of arrays		(start of free mem)
                            	 10061: ;   Sstorl	ds.l	1			* string storage		(moving down)
                            	 10062: ;   Ememl		ds.l	1			* end of memory		(upper bound of RAM)
                            	 10063: ;   Sutill	ds.l	1			* string utility ptr
                            	 10064: ;   Clinel	ds.l	1			* current line		(Basic line number)
                            	 10065: ;   Blinel	ds.l	1			* break line		(Basic line number)
                            	 10066: ;   
                            	 10067: ;   Cpntrl	ds.l	1			* continue pointer
                            	 10068: ;   Dlinel	ds.l	1			* current DATA line
                            	 10069: ;   Dptrl		ds.l	1			* DATA pointer
                            	 10070: ;   Rdptrl	ds.l	1			* read pointer
                            	 10071: ;   Varname	ds.l	1			* current var name
                            	 10072: ;   Cvaral	ds.l	1			* current var address
                            	 10073: ;   Frnxtl	ds.l	1			* var pointer for FOR/NEXT
                            	 10074: ;   Lvarpl	EQU	Frnxtl		* let var pointer low byte
                            	 10075: ;   
                            	 10076: ;   des_sk_e	ds.l	6			* descriptor stack end
                            	 10077: ;   des_sk
                            	 10078: ;   						* descriptor stack start address
                            	 10079: ;   						* use a4 for the descriptor pointer
                            	 10080: ;   
                            	 10081: ;   * Ibuffs can now be anywhere in RAM just make sure the byte before it is <> $00
                            	 10082: ;   
                            	 10083: ;   		ds.w	1			
                            	 10084: ;   Ibuffs	ds.l	$40			* start of input buffer
                            	 10085: ;   Ibuffe
                            	 10086: ;   						* end of input buffer
                            	 10087: ;   
                            	 10088: ;   FAC1_m	ds.l	1			* FAC1 mantissa1
                            	 10089: ;   FAC1_e	ds.w	1			* FAC1 exponent
                            	 10090: ;   FAC1_s	EQU	FAC1_e+1		* FAC1 sign (b7)
                            	 10091: ;   		ds.w	1			
                            	 10092: ;   
                            	 10093: ;   FAC2_m	ds.l	1			* FAC2 mantissa1
                            	 10094: ;   FAC2_e	ds.l	1			* FAC2 exponent
                            	 10095: ;   FAC2_s	EQU	FAC2_e+1		* FAC2 sign (b7)
                            	 10096: ;   FAC_sc	EQU	FAC2_e+2		* FAC sign comparison, Acc#1 vs #2
                            	 10097: ;   flag		EQU	FAC2_e+3		* flag byte for divide routine
                            	 10098: ;   
                            	 10099: ;   PRNlword	ds.l	1			* PRNG seed long word
                            	 10100: ;   
                            	 10101: ;   ut1_pl	ds.l	1			* utility pointer 1
                            	 10102: ;   
                            	 10103: ;   Asptl		ds.l	1			* array size/pointer
                            	 10104: ;   Adatal	ds.l	1			* array data pointer
                            	 10105: ;   
                            	 10106: ;   Astrtl	ds.l	1			* array start pointer low byte
                            	 10107: ;   
                            	 10108: ;   numexp	EQU	Astrtl		* string to float number exponent count
                            	 10109: ;   expcnt	EQU	Astrtl+1		* string to float exponent count
                            	 10110: ;   
                            	 10111: ;   expneg	EQU	Astrtl+3		* string to float eval exponent -ve flag
                            	 10112: ;   
                            	 10113: ;   func_l	ds.l	1			* function pointer
                            	 10114: ;   
                            	 10115: ;   
                            	 10116: ;   						* these two need to be a word aligned pair !
                            	 10117: ;   Defdim	ds.w	1			* default DIM flag
                            	 10118: ;   cosout	EQU	Defdim		* flag which CORDIC output (re-use byte)
                            	 10119: ;   Dtypef	EQU	Defdim+1		* data type flag, $80=string, $40=integer, $00=float
                            	 10120: ;   
                            	 10121: ;   
                            	 10122: ;   Binss		ds.l	4			* number to bin string start (32 chrs)
                            	 10123: ;   
                            	 10124: ;   Decss		ds.l	1			* number to decimal string start (16 chrs)
                            	 10125: ;   		ds.w	1			*
                            	 10126: ;   Usdss		ds.w	1			* unsigned decimal string start (10 chrs)
                            	 10127: ;   
                            	 10128: ;   Hexss		ds.l	2			* number to hex string start (8 chrs)
                            	 10129: ;   
                            	 10130: ;   BHsend	ds.w	1			* bin/decimal/hex string end
                            	 10131: ;   
                            	 10132: ;   
                            	 10133: ;   prstk		ds.b	1			* stacked function index
                            	 10134: ;   
                            	 10135: ;   Srchc		ds.b	1			* search character
                            	 10136: ;   tpower	EQU	Srchc			* remember CORDIC power (re-use byte)
                            	 10137: ;   
                            	 10138: ;   Asrch		ds.b	1			* scan-between-quotes flag, alt search character
                            	 10139: ;   
                            	 10140: ;   Dimcnt	ds.b	1			* # of dimensions
                            	 10141: ;   
                            	 10142: ;   Breakf	ds.b	1			* break flag, $00=END else=break
                            	 10143: ;   Oquote	ds.b	1			* open quote flag (Flag: DATA; LIST; memory)
                            	 10144: ;   Gclctd	ds.b	1			* garbage collected flag
                            	 10145: ;   Sufnxf	ds.b	1			* subscript/FNX flag, 1xxx xxx = FN(0xxx xxx)
                            	 10146: ;   Imode		ds.b	1			* input mode flag, $00=INPUT, $98=READ
                            	 10147: ;   
                            	 10148: ;   Cflag		ds.b	1			* comparison evaluation flag
                            	 10149: ;   
                            	 10150: ;   TabSiz	ds.b	1			* TAB step size
                            	 10151: ;   
                            	 10152: ;   TempB		ds.b	1			* temp byte
                            	 10153: ;   
                            	 10154: ;   comp_f	ds.b	1			* compare function flag, bits 0,1 and 2 used
                            	 10155: ;   						* bit 2 set if >
                            	 10156: ;   						* bit 1 set if =
                            	 10157: ;   						* bit 0 set if <
                            	 10158: ;   
                            	 10159: ;   Nullct	ds.b	1			* nulls output after each line
                            	 10160: ;   TPos		ds.b	1			* BASIC terminal position byte
                            	 10161: ;   TWidth	ds.b	1			* BASIC terminal width byte
                            	 10162: ;   Iclim		ds.b	1			* input column limit
                            	 10163: ;   ccflag	ds.b	1			* CTRL-C check flag
                            	 10164: ;   ccbyte	ds.b	1			* CTRL-C last received byte
                            	 10165: ;   ccnull	ds.b	1			* CTRL-C last received byte 'life' timer
                            	 10166: ;   
                            	 10167: ;   * these variables for simulator load/save routines
                            	 10168: ;   
                            	 10169: ;   file_byte	ds.b	1			* load/save data byte
                            	 10170: ;   file_id	ds.l	1			* load/save file ID
                            	 10171: ;   
                            	 10172: ;   		dc.w	0			* dummy even value and zero pad byte
                            	 10173: ;   
                            	 10174: ;   prg_strt
                            	 10175: ;   ram_top	EQU	$48000		* last RAM byte + 1
                            	 10176: ;
                            	 10177: ;	END	code_start
                            	 10178: ; EhBasic ----------------------------------------
                            	 10179: 
                            	 10180: 
                            	 10181: 
                            	 10182: 
                            	 10183: 
                            	 10184: 
                            	 10185: 
                            	 10186: ; pad out the ROM image
                            	 10187:         printt  "Total ROM size:"
                            	 10188:         printv  *
03:00006120 FF              	 10189:                 dcb.b   ROMSIZE-20-*,$FF
03:00006121 *
                            	 10190: 
                            	 10191: ; ROM image ends with system info and ROM and version number
                            	 10192: sysinfo:
03:0000FFEC 00B71B00        	 10193: clockspeed:     dc.l    F_CPU
03:0000FFF0 00100000        	 10194: ramsize:        dc.l    RAMSIZE
03:0000FFF4 00010000        	 10195: romsize:        dc.l    ROMSIZE
03:0000FFF8 2020            	 10196: rom_date:       dc.w    ROM_DATE_YEAR
03:0000FFFA 07              	 10197:                 dc.b    ROM_DATE_MONTH
03:0000FFFB 11              	 10198:                 dc.b    ROM_DATE_DAY
03:0000FFFC 0000            	 10199: rom_version:    dc.w    ROM_VER_MAJ
03:0000FFFE 9910            	 10200:                 dc.w    ROM_VER_MIN
                            	 10201: 
                            	 10202: 
                            	 10203: ; EoF
                            	 10204: 


Symbols by name:
AC1gtAC2                         A:0000482C
APPMEMSTART                      E:00E00100
Adatal                           A:00E805B0
Asptl                            A:00E805AC
Asrch                            A:00E805E2
Astrtl                           A:00E805B4
BAUD                             E:0000E100
BAUD_DIV                         E:0000000D
BAUD_DIV_L                       E:0000000D
BAUD_DIV_U                       E:00000000
BHsend                           A:00E805DE
BPBSECTOR                        E:00E00014
Bin2dec                          A:00005666
BinPr                            A:000051C0
Binss                            A:00E805BE
Blinel                           A:00E8045A
Breakf                           A:00E805E4
CFCARD                           E:00900000
CFCMD_RDSECTOR                   E:00000020
CF_COMMAND                       E:0000000F
CF_COUNT                         E:00000005
CF_CYLH                          E:0000000B
CF_CYLL                          E:00000009
CF_DATA                          E:00000000
CF_DRIVEHEAD                     E:0000000D
CF_ERROR                         E:00000003
CF_FEATURE                       E:00000003
CF_LBA0                          E:00000007
CF_LBA1                          E:00000009
CF_LBA2                          E:0000000B
CF_LBA3                          E:0000000D
CF_SECTOR                        E:00000007
CF_STATUS                        E:0000000F
CLUSTERSIZE                      E:00E00020
Cflag                            A:00E805E9
Clinel                           A:00E80456
Cpntrl                           A:00E8045E
Cvaral                           A:00E80472
DATASTART                        E:00E0002A
DATE_SEP                         E:00E0000C
DIRBUFSIZE                       E:00000208
DIRENTLEN                        E:00000020
DLL                              E:00000000
DLM                              E:00000002
Decss                            A:00E805CE
Defdim                           A:00E805BC
Dimcnt                           A:00E805E3
Dlinel                           A:00E80462
DoAgain                          A:0000310C
DoCmp                            A:000031AC
DoRest                           A:00003190
Dptrl                            A:00E80466
Dtypef                           E:00E805BD
Earryl                           A:00E80446
Ememl                            A:00E8044E
EndBHS                           A:0000519A
FAC1_e                           A:00E80598
FAC1_m                           A:00E80594
FAC1_s                           E:00E80599
FAC2_e                           A:00E805A0
FAC2_m                           A:00E8059C
FAC2_s                           E:00E805A1
FAC_sc                           E:00E805A2
FATCOPIES                        E:00E0001C
FATSECTOR                        E:00E00026
FATSIZE                          E:00E00018
FATTRS                           E:0000000B
FCLUSTER                         E:0000001A
FCR                              E:00000004
FMT_BASE                         E:000000E0
FMT_BUF                          E:000000F5
FMT_DATE                         E:000000F2
FMT_ERR                          E:000000F7
FMT_FAULTFLAGS                   E:000000F1
FMT_FNAME                        E:000000F6
FMT_H16                          E:000000E4
FMT_H32                          E:000000E5
FMT_HEXDUMP                      E:000000F4
FMT_S                            E:000000E6
FMT_SRFLAGS                      E:000000F0
FMT_TIME                         E:000000F3
FMT_U16                          E:000000E8
FMT_U32                          E:000000E9
FNAME                            E:00000000
FNAMELEN                         E:0000000B
FSERR_BADSECTOR                  E:00000026
FSERR_BPS                        E:00000022
FSERR_INVCLSTR                   E:00000025
FSERR_INVNAME                    E:00000027
FSERR_ISDIR                      E:00000028
FSERR_NMOUNTED                   E:00000023
FSERR_NOTFOUND                   E:00000024
FSERR_TIMEOUT                    E:00000020
FSERR_WRONGTYPE                  E:00000021
FSIZE                            E:0000001C
FSVARLEN                         E:0000002A
FSVARSTART                       E:00E00010
F_CPU                            E:00B71B00
Frnxtl                           A:00E80476
Gclctd                           A:00E805E6
GetDateTime                      E:0000000B
GetFirst                         A:00003A14
GetPair                          A:00003AD8
GetSysInfo                       E:0000000D
GoPr                             A:000051CA
HEXDIGITS                        E:00E00008
Hexss                            A:00E805D6
IER                              E:00000002
INCH_VEC                         E:00E00004
INGET                            A:00005238
INITIAL_SP                       E:00F00000
INPUTBUF                         E:00E0003A
INPUTBUFLEN                      E:00000040
ISR                              E:00000004
Ibuffe                           A:00E80594
Ibuffs                           A:00E80494
Iclim                            A:00E805F0
Imode                            A:00E805E8
Itemp                            A:00E8042E
KEY_ABS                          A:00005F39
KEY_AND                          A:00005F3C
KEY_ASC                          A:00005F3F
KEY_ATN                          A:00005F42
KEY_BINS                         A:00005F46
KEY_BITCLR                       A:00005F4A
KEY_BITSET                       A:00005F50
KEY_BITTST                       A:00005F56
KEY_CALL                         A:00005F5D
KEY_CHRS                         A:00005F61
KEY_CLEAR                        A:00005F65
KEY_CONT                         A:00005F6A
KEY_COS                          A:00005F6E
KEY_DATA                         A:00005F72
KEY_DEC                          A:00005F76
KEY_DEEK                         A:00005F79
KEY_DEF                          A:00005F7D
KEY_DIM                          A:00005F80
KEY_DIV                          A:00005F2B
KEY_DO                           A:00005F87
KEY_DOKE                         A:00005F83
KEY_END                          A:00005F8A
KEY_EOR                          A:00005F8D
KEY_EQUAL                        A:00005F31
KEY_EXP                          A:00005F90
KEY_FN                           A:00005F97
KEY_FOR                          A:00005F94
KEY_FRE                          A:00005F99
KEY_GET                          A:00005F9D
KEY_GOSUB                        A:00005FA4
KEY_GOTO                         A:00005FA0
KEY_GT                           A:00005F35
KEY_HEXS                         A:00005FAA
KEY_IF                           A:00005FAF
KEY_INC                          A:00005FB1
KEY_INPUT                        A:00005FB4
KEY_INT                          A:00005FB9
KEY_LCASES                       A:00005FBD
KEY_LEEK                         A:00005FC3
KEY_LEFTS                        A:00005FC7
KEY_LEN                          A:00005FCC
KEY_LET                          A:00005FCF
KEY_LIST                         A:00005FD2
KEY_LOAD                         A:00005FD6
KEY_LOG                          A:00005FDA
KEY_LOKE                         A:00005FDD
KEY_LOOP                         A:00005FE1
KEY_LSHIFT                       A:00005F2D
KEY_LT                           A:00005F2F
KEY_MAX                          A:00005FE6
KEY_MIDS                         A:00005FE9
KEY_MIN                          A:00005FED
KEY_MINUS                        A:00005F29
KEY_MULT                         A:00005F25
KEY_NEW                          A:00005FF1
KEY_NEXT                         A:00005FF4
KEY_NOT                          A:00005FF8
KEY_NULL                         A:00005FFB
KEY_ON                           A:00006000
KEY_OR                           A:00006002
KEY_PEEK                         A:00006005
KEY_PI                           A:00006009
KEY_PLUS                         A:00005F27
KEY_POKE                         A:0000600B
KEY_POS                          A:0000600F
KEY_POWER                        A:0000609A
KEY_PRINT                        A:00006012
KEY_READ                         A:00006018
KEY_REM                          A:0000601C
KEY_RESTORE                      A:0000601F
KEY_RETURN                       A:00006026
KEY_RIGHTS                       A:0000602C
KEY_RND                          A:00006032
KEY_RSHIFT                       A:00005F33
KEY_RUN                          A:00006035
KEY_SADD                         A:00006039
KEY_SAVE                         A:0000603D
KEY_SGN                          A:00006041
KEY_SIN                          A:00006044
KEY_SPC                          A:00006047
KEY_SQR                          A:0000604B
KEY_STEP                         A:0000604E
KEY_STOP                         A:00006052
KEY_STRS                         A:00006056
KEY_SWAP                         A:0000605A
KEY_TAB                          A:0000605F
KEY_TAN                          A:00006063
KEY_THEN                         A:00006066
KEY_TO                           A:0000606A
KEY_TWOPI                        A:0000606C
KEY_UCASES                       A:00006072
KEY_UNTIL                        A:00006078
KEY_USR                          A:0000607D
KEY_VAL                          A:00006081
KEY_VPTR                         A:00006084
KEY_WAIT                         A:0000608B
KEY_WHILE                        A:0000608F
KEY_WIDTH                        A:00006094
KFCTSEED                         E:E6A3D110
LAB_11A1                         A:00002B2E
LAB_11A6                         A:00002B32
LAB_11BB                         A:00002B54
LAB_121F                         A:00002B66
LAB_1269                         A:00002BEC
LAB_1274                         A:00002BFC
LAB_127D                         A:00002C04
LAB_127E                         A:00002C18
LAB_1295                         A:00002C2E
LAB_12B0                         A:00002C4C
LAB_12E6                         A:00002C70
LAB_1301                         A:00002CB4
LAB_1303                         A:00002CD0
LAB_1325                         A:00002CE8
LAB_132E                         A:00002CD8
LAB_1330                         A:00002CDA
LAB_134B                         A:00002CF6
LAB_1357                         A:00002D08
LAB_1359                         A:00002D10
LAB_1374                         A:00002D32
LAB_1378                         A:00002D38
LAB_137F                         A:00002D44
LAB_138E                         A:00002D4A
LAB_13A6                         A:00002D4E
LAB_13AC                         A:00002D58
LAB_13CC                         A:00002D84
LAB_13D6                         A:00002DA8
LAB_13D8                         A:00002DAE
LAB_13EA                         A:00002DBA
LAB_13EC                         A:00002DBC
LAB_13FF                         A:00002DD4
LAB_1401                         A:00002DDA
LAB_1408                         A:00002DE8
LAB_1410                         A:00002DF6
LAB_1417                         A:00002E00
LAB_141B                         A:00002E02
LAB_141F                         A:00002E12
LAB_142A                         A:00002E18
LAB_142C                         A:00002E24
LAB_145E                         A:00002E46
LAB_145F                         A:00002E38
LAB_1463                         A:00002E4E
LAB_1477                         A:00002E5E
LAB_147A                         A:00002E66
LAB_1491                         A:00002E92
LAB_14BD                         A:00002EBE
LAB_14D4                         A:00002EE4
LAB_14E2                         A:00002F08
LAB_150C                         A:00002F16
LAB_1519                         A:00002F26
LAB_152E                         A:00002F32
LAB_1540                         A:00002F62
LAB_1567                         A:00002F7C
LAB_15B3                         A:00002FCE
LAB_15C2                         A:00003000
LAB_15D1                         A:00003010
LAB_15DC                         A:00002FE6
LAB_15F6                         A:00002FFA
LAB_15FF                         A:0000301E
LAB_1602                         A:00003020
LAB_161A                         A:00003086
LAB_1624                         A:0000308C
LAB_1629                         A:00003042
LAB_1636                         A:00003048
LAB_163B                         A:00003058
LAB_1647                         A:00003066
LAB_164F                         A:00003070
LAB_16B0                         A:00003120
LAB_16D0                         A:00003154
LAB_16D4                         A:0000315A
LAB_1723                         A:00003204
LAB_1725                         A:00003208
LAB_172C                         A:000031F2
LAB_172D                         A:000031FC
LAB_174B                         A:00003222
LAB_1754                         A:0000312A
LAB_176C                         A:0000324E
LAB_1773                         A:00003258
LAB_1785                         A:00003274
LAB_1786                         A:000032A0
LAB_17B7                         A:000032B2
LAB_17B8                         A:00003304
LAB_17D5                         A:00003348
LAB_17D6                         A:0000334E
LAB_1810                         A:00003366
LAB_1811                         A:00003378
LAB_1813                         A:0000337E
LAB_1829                         A:000033BA
LAB_182C                         A:000033BE
LAB_1831                         A:000033C4
LAB_185E                         A:0000340C
LAB_1866                         A:00003410
LAB_1880                         A:000034E6
LAB_1886                         A:000034F2
LAB_188A                         A:000034F8
LAB_188B                         A:0000341E
LAB_1898                         A:00003430
LAB_18A2                         A:0000343C
LAB_18B7                         A:00003462
LAB_18B8                         A:0000346A
LAB_18BD                         A:00003470
LAB_18C3                         A:00003478
LAB_18C6                         A:0000347C
LAB_18CD                         A:00003486
LAB_18E3                         A:00003490
LAB_18F0                         A:000034B8
LAB_18F7                         A:000034C8
LAB_18F9                         A:000034CE
LAB_1904                         A:000034FC
LAB_1913                         A:00003512
LAB_1934                         A:0000353A
LAB_1953                         A:00003554
LAB_195B                         A:00003560
LAB_1984                         A:00003594
LAB_1985                         A:00003598
LAB_1986                         A:0000359C
LAB_1999                         A:000035B2
LAB_19B0                         A:000035C4
LAB_19B6                         A:000035D8
LAB_19C2                         A:000035E8
LAB_19DD                         A:000035FE
LAB_19F6                         A:00003620
LAB_1A03                         A:0000362E
LAB_1A0E                         A:00003644
LAB_1A1B                         A:0000364A
LAB_1A46                         A:00003658
LAB_1A49                         A:0000365C
LAB_1A90                         A:000036EC
LAB_1A9B                         A:000036FC
LAB_1ABA                         A:00003730
LAB_1ACC                         A:0000373C
LAB_1ACD                         A:0000373E
LAB_1ADB                         A:0000374C
LAB_1ADE                         A:00003750
LAB_1AE0                         A:00003768
LAB_1AFA                         A:0000378E
LAB_1B0B                         A:000037AA
LAB_1B13                         A:000037B2
LAB_1B1C                         A:000037C4
LAB_1B1D                         A:000037C6
LAB_1B2A                         A:000037DA
LAB_1B3C                         A:000037FE
LAB_1B43                         A:0000380A
LAB_1B56                         A:0000381E
LAB_1B78                         A:00003848
LAB_1B7B                         A:0000384C
LAB_1B7D                         A:0000384E
LAB_1B84                         A:00003858
LAB_1B86                         A:0000385E
LAB_1B9D                         A:00003890
LAB_1BA4                         A:000038A0
LAB_1BC1                         A:000038CA
LAB_1BD0                         A:00003934
LAB_1BE7                         A:0000394E
LAB_1BF3                         A:000038D6
LAB_1BF7                         A:000038DE
LAB_1BFB                         A:000038E2
LAB_1BFE                         A:000038E6
LAB_1C01                         A:000038EA
LAB_1C11                         A:0000390C
LAB_1C13                         A:00003910
LAB_1C18                         A:00003916
LAB_1C19                         A:0000391A
LAB_1C1A                         A:0000392E
LAB_1C27                         A:0000395E
LAB_1C51                         A:000039DA
LAB_1C54                         A:000039E2
LAB_1C56                         A:000039E4
LAB_1CAE                         A:00003A3A
LAB_1CB5                         A:00003A5C
LAB_1CD4                         A:00003A66
LAB_1CD5                         A:00003A6C
LAB_1CD6                         A:00003A6E
LAB_1CDB                         A:00003A7E
LAB_1CE6                         A:00003A70
LAB_1CF2                         A:00003A80
LAB_1CFE                         A:00003A98
LAB_1D10                         A:00003B12
LAB_1D12                         A:00003B18
LAB_1D2D                         A:00003B2E
LAB_1D2E                         A:00003B3A
LAB_1D44                         A:00003B58
LAB_1D45                         A:00003B6A
LAB_1D48                         A:00003B84
LAB_1D49                         A:00003B8C
LAB_1D4A                         A:00003B92
LAB_1D4B                         A:00003BA4
LAB_1D5D                         A:00003BAC
LAB_1D5E                         A:00003BB2
LAB_1D82                         A:00003AF0
LAB_1D83                         A:00003B02
LAB_1D8A                         A:00003AF8
LAB_1D96                         A:0000568A
LAB_1D98                         A:00003BCC
LAB_1DAE                         A:00003BE8
LAB_1DAF                         A:00003BEE
LAB_1DB0                         A:00003BFE
LAB_1DB1                         A:00003C04
LAB_1DB2                         A:00003C0A
LAB_1DD7                         A:00003C24
LAB_1DD8                         A:00003C3C
LAB_1DD9                         A:00003C4A
LAB_1DE6                         A:00003C5A
LAB_1E17                         A:00003CB2
LAB_1E1F                         A:00003CBA
LAB_1E5C                         A:00003CF8
LAB_1E8D                         A:00003D1C
LAB_1EA1                         A:00003D3C
LAB_1EC0                         A:00003D76
LAB_1ED8                         A:00003DAE
LAB_1EDF                         A:00003D5C
LAB_1F07                         A:00003DC0
LAB_1F28                         A:00003DE2
LAB_1F2C                         A:00003DEA
LAB_1F5A                         A:00003DF8
LAB_1F6A                         A:00003E2A
LAB_1F6B                         A:00003E3A
LAB_1F7C                         A:00003E46
LAB_1FB4                         A:00003E74
LAB_1FD0                         A:00003EAC
LAB_201E                         A:00003F1E
LAB_2043                         A:00003F70
LAB_2044                         A:00003FB2
LAB_2045                         A:00003FBC
LAB_204S                         A:00003F72
LAB_204T                         A:00003FB0
LAB_20AE                         A:00003FD6
LAB_20B4                         A:00003FDA
LAB_20BE                         A:00003FE0
LAB_20C9                         A:0000400A
LAB_20CB                         A:00003FF0
LAB_20D0                         A:00003FF8
LAB_20D8                         A:00004014
LAB_20E0                         A:0000401E
LAB_2115                         A:00004042
LAB_2117                         A:0000405C
LAB_2128                         A:0000407E
LAB_2137                         A:00004082
LAB_214B                         A:000040A6
LAB_2161                         A:000040BE
LAB_2176                         A:000040C6
LAB_217E                         A:000040D2
LAB_2183                         A:000040EC
LAB_218B                         A:000040F4
LAB_218F                         A:000040F6
LAB_21C2                         A:00004104
LAB_21C4                         A:00004108
LAB_21D1                         A:00004140
LAB_2206                         A:00004146
LAB_2212                         A:00004172
LAB_2216                         A:0000412E
LAB_2240                         A:00004136
LAB_224D                         A:0000417A
LAB_229C                         A:000041D0
LAB_229E                         A:000041D6
LAB_22A0                         A:000041E4
LAB_22B6                         A:000041F8
LAB_22BA                         A:000041FE
LAB_22BD                         A:00004208
LAB_22E6                         A:00004226
LAB_2316                         A:00004260
LAB_231C                         A:00004266
LAB_2358                         A:00004296
LAB_2368                         A:000042B2
LAB_236F                         A:000042BA
LAB_2441                         A:0000449E
LAB_2445                         A:000044A2
LAB_244E                         A:000044CC
LAB_2467                         A:00004512
LAB_2468                         A:00004516
LAB_246C                         A:000044D0
LAB_249C                         A:00004504
LAB_24A8                         A:0000451A
LAB_24B4                         A:00004550
LAB_24D0                         A:00004560
LAB_24D5                         A:0000456E
LAB_24D6                         A:0000458E
LAB_24D7                         A:0000459C
LAB_24D8                         A:000045A4
LAB_24D9                         A:00004580
LAB_24DA                         A:000045AC
LAB_24F7                         A:0000453C
LAB_24F8                         A:00004544
LAB_259C                         A:00005B6A
LAB_264D                         A:00004778
LAB_269E                         A:000047A4
LAB_26CA                         A:000047E2
LAB_2778                         A:000048EA
LAB_277C                         A:000048EC
LAB_279B                         A:00004916
LAB_27BA                         A:0000492C
LAB_27C3                         A:0000494E
LAB_27C4                         A:0000495A
LAB_27CA                         A:00004962
LAB_27CE                         A:0000496C
LAB_27D0                         A:00004972
LAB_27DB                         A:00004980
LAB_27F8                         A:0000499E
LAB_27FA                         A:000049A2
LAB_2828                         A:000049CE
LAB_282E                         A:000049D4
LAB_282F                         A:000049D6
LAB_2831                         A:000049DA
LAB_2844                         A:00004A04
LAB_2845                         A:00004A08
LAB_2846                         A:00004A16
LAB_287F                         A:00004A20
LAB_2887                         A:00005430
LAB_289A                         A:00005462
LAB_289C                         A:00005468
LAB_289D                         A:0000546E
LAB_28FD                         A:0000548A
LAB_28FE                         A:00005490
LAB_28FF                         A:00005496
LAB_2900                         A:000054A4
LAB_2901                         A:000054AA
LAB_2902                         A:000054FE
LAB_2903                         A:00005506
LAB_2904                         A:00005508
LAB_2947                         A:00005B62
LAB_294B                         A:00005B66
LAB_2953                         A:00004A52
LAB_295E                         A:00004A60
LAB_2966                         A:00004A66
LAB_2967                         A:00004A74
LAB_2968                         A:00004A7C
LAB_2969                         A:00004A8E
LAB_296A                         A:00004A98
LAB_2970                         A:00004AAA
LAB_2978                         A:00004AC6
LAB_2989                         A:00004AD6
LAB_299C                         A:00004B0C
LAB_29A7                         A:00004B18
LAB_29B2                         A:00004B24
LAB_29B9                         A:00004B30
LAB_29C0                         A:00004B6C
LAB_29C3                         A:00004B70
LAB_29D9                         A:00004B8C
LAB_29E4                         A:00004BA2
LAB_29F7                         A:00004BB6
LAB_29FB                         A:00004BBA
LAB_29FD                         A:00004BC2
LAB_2A18                         A:00004BD4
LAB_2A1A                         A:00004BD6
LAB_2A21                         A:00004BDE
LAB_2A3B                         A:00004C00
LAB_2A4B                         A:00004C0E
LAB_2A58                         A:00004C22
LAB_2A68                         A:00004C3E
LAB_2A74                         A:00004C4C
LAB_2A89                         A:00004C68
LAB_2A8C                         A:00004C6C
LAB_2A91                         A:00004C72
LAB_2A96                         A:00005B6E
LAB_2A9A                         A:00005B72
LAB_2D93                         A:00002A82
LAB_2DAA                         A:00002A96
LAB_2DAB                         A:00002AC2
LAB_2DAD                         A:00002AC6
LAB_2DB6                         A:00002ACC
LAB_2X01                         A:000054C2
LAB_2X02                         A:000054CC
LAB_2X03                         A:000054DA
LAB_2X04                         A:000054E0
LAB_2X05                         A:000054F6
LAB_2Y01                         A:00005516
LAB_2Y02                         A:00005520
LAB_2Y03                         A:0000552C
LAB_2Y04                         A:00005532
LAB_3216                         A:0000487C
LAB_32_16                        A:0000487A
LAB_ABER                         A:00002BB0
LAB_ABS                          A:00004994
LAB_AD                           A:00005F1D
LAB_ADD                          A:000044D4
LAB_ADER                         A:00002B7C
LAB_AND                          A:00003A0C
LAB_ASC                          A:0000432A
LAB_ATCD                         A:000050AE
LAB_ATLO                         A:00005078
LAB_ATN                          A:00005054
LAB_ATNP                         A:000050A8
LAB_AYFC                         A:00003E84
LAB_BAER                         A:00005D7C
LAB_BHSS                         A:000039A2
LAB_BINS                         A:00005174
LAB_BITCLR                       A:0000512C
LAB_BITSET                       A:00005114
LAB_BMSG                         A:0000609C
LAB_BS                           A:00005E46
LAB_BTST                         A:00005144
LAB_CALL                         A:00004478
LAB_CASC                         A:00003AEA
LAB_CATN                         A:000050B4
LAB_CBIN                         A:00005602
LAB_CBX1                         A:0000561E
LAB_CBXN                         A:0000560C
LAB_CCER                         A:00002B94
LAB_CHEX                         A:0000559A
LAB_CHRS                         A:0000422E
LAB_CHX1                         A:000055C2
LAB_CHX2                         A:000055E6
LAB_CHX3                         A:000055DE
LAB_CHXX                         A:000055A4
LAB_CKRN                         A:00003EB4
LAB_CKTM                         A:00003720
LAB_CLEAR                        A:00002EB2
LAB_CN                           A:00005EB3
LAB_COLD                         A:000029D2
LAB_CONT                         A:000030CE
LAB_CORD                         A:00004FD0
LAB_COS                          A:00004F48
LAB_CRLF                         A:00003416
LAB_CTBL                         A:000059E4
LAB_CTNM                         A:00003718
LAB_CTST                         A:0000371C
LAB_D0                           A:00005E64
LAB_DATA                         A:000031E6
LAB_DD                           A:00005E53
LAB_DDER                         A:00002BAC
LAB_DEC                          A:000032A8
LAB_DECI                         A:00003314
LAB_DEEK                         A:000043FC
LAB_DEF                          A:00003EC2
LAB_DEFV                         A:00003EFA
LAB_DIM                          A:00003A9C
LAB_DIV0                         A:00004874
LAB_DIVIDE                       A:000047E4
LAB_DIVX                         A:00004846
LAB_DO                           A:00003100
LAB_DOKE                         A:00004426
LAB_DZER                         A:00002BA8
LAB_EMSG                         A:000060A4
LAB_END                          A:00003050
LAB_EOR                          A:000039F2
LAB_EQUAL                        A:00003A24
LAB_ESML                         A:00004E22
LAB_EVBY                         A:00004346
LAB_EVEX                         A:00003736
LAB_EVIN                         A:00003C70
LAB_EVIR                         A:00003C82
LAB_EVIX                         A:00003CAA
LAB_EVNM                         A:00003716
LAB_EVPI                         A:00003C78
LAB_EVST                         A:000041F4
LAB_EX1                          A:00004D34
LAB_EXAD                         A:00004EC0
LAB_EXCC                         A:00004EA6
LAB_EXCM                         A:00004DAC
LAB_EXNN                         A:00004E8C
LAB_EXOF                         A:00004D62
LAB_EXOU                         A:00004D48
LAB_EXP                          A:00004D80
LAB_EXPL                         A:00004E86
LAB_EXPS                         A:00004DC4
LAB_EXRN                         A:00004E92
LAB_FB95                         A:0000524E
LAB_FBA0                         A:00005228
LAB_FC                           A:00005E0D
LAB_FCER                         A:00002BC0
LAB_FOR                          A:00002F6E
LAB_FRE                          A:00003E68
LAB_FTBL                         E:0000598C
LAB_FTxx                         A:00005A84
LAB_GADB                         A:0000439E
LAB_GADW                         A:000043B2
LAB_GARB                         A:00004098
LAB_GBYT                         A:000038F4
LAB_GEAD                         A:000043D2
LAB_GET                          A:00003384
LAB_GETS                         A:000033A2
LAB_GFPN                         A:00003268
LAB_GMEM                         A:00002A18
LAB_GOSUB                        A:00003114
LAB_GOTO                         A:00003132
LAB_GOTs                         A:00003138
LAB_GSCH                         A:000030B8
LAB_GTBY                         A:00004342
LAB_GTHAN                        A:00004D22
LAB_GTWO                         A:00004358
LAB_GVAL                         A:00003898
LAB_GVAR                         A:00003B0C
LAB_HEXS                         A:000051D4
LAB_ID                           A:00005E73
LAB_IDER                         A:00002BA4
LAB_IF                           A:0000320E
LAB_IGBY                         A:000038F2
LAB_IMSG                         A:000060B5
LAB_INC                          A:000032AE
LAB_INCI                         A:0000330A
LAB_INCT                         A:000032F6
LAB_INLN                         A:00002CFE
LAB_INPUT                        A:00003522
LAB_INT                          A:00004A24
LAB_ISHN                         A:000055BE
LAB_KEYT                         A:00005BF4
LAB_LAAD                         A:00004640
LAB_LCASE                        A:000042CC
LAB_LD                           A:00005ED5
LAB_LDER                         A:00002B8C
LAB_LEEK                         A:00004412
LAB_LEFT                         A:00004240
LAB_LENS                         A:00004322
LAB_LET                          A:00003318
LAB_LIST                         A:00002EB6
LAB_LMSG                         A:000060AB
LAB_LOCC                         A:00004646
LAB_LOCX                         A:00004662
LAB_LOG                          A:000045AE
LAB_LOKE                         A:0000442C
LAB_LOLP                         A:00004650
LAB_LONE                         A:00004680
LAB_LONN                         A:00004666
LAB_LOOP                         A:0000316E
LAB_LOWZ                         A:000046CE
LAB_LOXO                         A:00004686
LAB_LOXP                         A:00004674
LAB_LS                           A:00005E90
LAB_LSHIFT                       A:00003AA8
LAB_LTHAN                        A:00003A2E
LAB_LTPF                         A:00004FE4
LAB_LTPT                         A:00004FF4
LAB_LT_1                         A:00004888
LAB_MADD                         A:0000470A
LAB_MAN1                         A:0000486E
LAB_MAX                          A:0000525C
LAB_MAXN                         A:00005264
LAB_MIDS                         A:0000427E
LAB_MIN                          A:0000526E
LAB_MINN                         A:00005276
LAB_MMEC                         A:00005282
LAB_MNOC                         A:00004704
LAB_MSZM                         A:000060E1
LAB_MUEX                         A:00004762
LAB_MUF1                         A:0000473A
LAB_MUF2                         A:00004744
LAB_MUF3                         A:0000475C
LAB_MULTIPLY                     A:000046D0
LAB_MUUF                         A:00004768
LAB_NEW                          A:00002E4C
LAB_NEXT                         A:00003652
LAB_NF                           A:00005DD4
LAB_NFER                         A:00002BD0
LAB_NSCH                         A:000030B2
LAB_NSTT                         A:000052FA
LAB_NULL                         A:000030C2
LAB_NoByte                       A:000033AC
LAB_NoSt                         A:000033B4
LAB_OD                           A:00005E01
LAB_ODER                         A:00002BC4
LAB_OFER                         A:00002BBC
LAB_OM                           A:00005E24
LAB_OMER                         A:00002BB8
LAB_ON                           A:00003234
LAB_OPPT                         A:00005B14
LAB_OR                           A:00003A04
LAB_OV                           A:00005E1B
LAB_PEEK                         A:000043EA
LAB_PFAC                         A:000048CE
LAB_PHFA                         A:00005292
LAB_PI                           A:000053F8
LAB_POKE                         A:000043F6
LAB_POON                         A:00004C76
LAB_POS                          A:00003EA6
LAB_POWER                        A:00004C9A
LAB_POWP                         A:00004CD8
LAB_POZE                         A:00004C8A
LAB_PRINT                        A:000033C2
LAB_PRNA                         A:00003492
LAB_P_10                         A:00005776
LAB_READ                         A:0000354C
LAB_REDO                         A:000060C5
LAB_REM                          A:0000322C
LAB_REMM                         A:000048A0
LAB_RESTORE                      A:00003084
LAB_RESn                         A:00003096
LAB_RESs                         A:000030A4
LAB_RETURN                       A:000031CC
LAB_RG                           A:00005DEC
LAB_RGER                         A:00002BC8
LAB_RIGHT                        A:00004252
LAB_RMSG                         A:000060D7
LAB_RND                          A:00004ECC
LAB_RSED                         A:0000568E
LAB_RSHIFT                       A:00003AB8
LAB_RTST                         A:00004024
LAB_RUN                          A:000030EA
LAB_RUNn                         A:000030FA
LAB_SADD                         A:00004318
LAB_SCCA                         A:000038EC
LAB_SCCC                         A:00004F6E
LAB_SCER                         A:00002B98
LAB_SCGB                         A:00004338
LAB_SCL0                         A:00004FC6
LAB_SCLN                         A:00002E3A
LAB_SCZE                         A:00005046
LAB_SET1                         A:0000484E
LAB_SGBY                         A:0000433E
LAB_SGN                          A:0000497E
LAB_SHLN                         A:00002E30
LAB_SIN                          A:00004F68
LAB_SLER                         A:00002B9C
LAB_SMSG                         A:000060F0
LAB_SN                           A:00005DE5
LAB_SNBS                         A:000031EC
LAB_SNER                         A:00002BCC
LAB_SQE1                         A:0000539E
LAB_SQE2                         A:000053A4
LAB_SQNA                         A:000053D0
LAB_SQNS                         A:000053B6
LAB_SQR                          A:00005372
LAB_SSLN                         A:00002E2A
LAB_ST                           A:00005EA0
LAB_STOP                         A:0000304E
LAB_STRS                         A:00003FCC
LAB_SUBTRACT                     A:000044AC
LAB_SVTB                         A:00005332
LAB_SWAP                         A:00004440
LAB_TAN                          A:00004F16
LAB_TBSZ                         A:0000530E
LAB_TBYT                         A:000038FC
LAB_TM                           A:00005E82
LAB_TMER                         A:00002BA0
LAB_TWOPI                        A:00005414
LAB_UA                           A:00005EF8
LAB_UCASE                        A:000042F0
LAB_UDER                         A:00002B84
LAB_UF                           A:00005EC2
LAB_UFAC                         A:000048AE
LAB_UFER                         A:00002B90
LAB_US                           A:00005E32
LAB_USER                         A:00002BB4
LAB_UV                           A:00005EE5
LAB_UVER                         A:00002B88
LAB_VAL                          A:0000436C
LAB_VALZ                         A:00004396
LAB_VARPTR                       A:000053E2
LAB_WAIT                         A:00004488
LAB_WARM                         A:00E80400
LAB_WD                           A:00005F0C
LAB_WDER                         A:00002B80
LAB_WDLP                         A:0000534E
LAB_WDTH                         A:000052D6
LAB_XDIV                         A:0000485E
LAB_XERR                         A:00002BD2
LAB_XGADW                        A:000043CC
LAB_exxf                         A:000055EC
LAB_ret0                         A:00005584
LAB_rtn0                         A:00005586
LCR                              E:00000006
LC_loop                          A:000042D8
LOAD_ascii                       A:000028AE
LOAD_close                       A:0000289E
LOAD_eof                         A:000028E6
LOAD_exit                        A:000028A2
LOAD_in                          A:000028C0
LSR                              E:0000000A
L_DDIV                           A:000048A8
L_DIVRND                         A:00004852
ListDirectory                    E:00000008
LoopAlways                       A:000031B4
LoopDone                         A:000031C6
Lvarpl                           E:00E80476
MAXRDIRENTS                      E:00E0001A
MCR                              E:00000008
MCR_CLK                          E:00000002
MCR_COPI                         E:00000000
MCR_LED                          E:00000001
MCR_nSS                          E:00000003
MSR                              E:0000000C
MSR_BTN1                         E:00000006
NextB1                           A:0000518C
NextB2                           A:000051B2
NextH1                           A:000051EC
NextPRN                          A:00004EDE
Ninc0                            A:00004EE6
Ninc1                            A:00004EEE
Ninc2                            A:00004EF4
NoLcase                          A:0000430E
NoShift                          A:00003AB4
NoString                         A:00004312
NoUcase                          A:000042EA
Not2Big                          A:00003ACC
Nullct                           A:00E805ED
OUTCH_VEC                        E:00E00000
Oquote                           A:00E805E5
OutChar                          E:00000002
OutFmt                           E:00000004
OutStr                           E:00000003
PARTSIZE                         E:00E00010
PRNlword                         A:00E805A4
PRbNOCTRLCHARS                   E:00000009
PRbNOECHO                        E:00000008
PromptStr                        E:00000006
RAM                              E:00E00000
RAMEND                           E:00F00000
RAMSIZE                          E:00100000
RDIRSECTOR                       E:00E00022
RESET                            A:000000C0
RETCHR                           A:00002834
RHR                              E:00000000
ROM                              E:00000000
ROMSIZE                          E:00010000
ROM_DATE_DAY                     E:00000011
ROM_DATE_MONTH                   E:00000007
ROM_DATE_YEAR                    E:00002020
ROM_VER_MAJ                      E:00000000
ROM_VER_MIN                      E:00009910
RSVDSECTORS                      E:00E0001E
RTS_001                          A:0000390A
RTS_002                          A:00002B52
RTS_003                          A:00002B64
RTS_004                          A:00002B7A
RTS_005                          A:00002EB0
RTS_006                          A:00003094
RTS_007                          A:000031EA
RTS_007a                         A:00003200
RTS_008                          A:00003382
RTS_009                          A:0000348E
RTS_011                          A:00003E44
RTS_012                          A:00004144
RTS_013                          A:000041F2
RTS_015                          A:0000443E
RTS_016                          A:00004542
RTS_017                          A:00004960
RTS_018                          A:000049D8
RTS_019                          A:00004AA8
RTS_020                          A:00004D32
RTS_021                          A:00005044
RTS_022                          A:00005236
RTS_023                          A:00005370
RTS_024                          A:00005600
RTS_025                          A:00005664
Rdptrl                           A:00E8046A
ReadFile                         E:0000000A
ReadSector                       E:00000007
SAVE_OUT                         A:000029AE
SAVE_bas                         A:0000296E
SAVE_close                       A:0000299E
SAVE_exit                        A:000029A2
SCR                              E:0000000E
SECTORSIZE                       E:00000200
SEPARATORS                       E:00E0000C
SPR                              E:0000000E
SR_C                             E:00000000
SR_N                             E:00000003
SR_V                             E:00000001
SR_X                             E:00000004
SR_Z                             E:00000002
SYSMEMSIZE                       E:00000100
SYSMEMSTART                      E:00E00000
SYS_Exit                         A:00000404
SYS_FindFile                     A:00000AD8
SYS_GetDateTime                  A:00000AE4
SYS_GetSysInfo                   A:00000BD6
SYS_InChar                       A:000009E0
SYS_ListDirectory                A:00000AC8
SYS_OutChar                      A:00000426
SYS_OutFmt                       A:0000044A
SYS_OutStr                       A:00000430
SYS_PromptStr                    A:000009EA
SYS_ReadFile                     A:00000ADE
SYS_ReadSector                   A:00000A68
SYS_SetDateTime                  A:00000B6A
SYS_WaitBtn                      A:00000408
Sarryl                           A:00E80442
SetDateTime                      E:0000000C
Sfncl                            A:00E80436
Smeml                            A:00E80432
Srchc                            A:00E805E1
Sstorl                           A:00E8044A
Sstrl                            A:00E8043E
Sufnxf                           A:00E805E7
Sutill                           A:00E80452
Svarl                            A:00E8043A
TAB_ASCA                         A:00005F39
TAB_ASCB                         A:00005F46
TAB_ASCC                         A:00005F5D
TAB_ASCD                         A:00005F72
TAB_ASCE                         A:00005F8A
TAB_ASCF                         A:00005F94
TAB_ASCG                         A:00005F9D
TAB_ASCH                         A:00005FAA
TAB_ASCI                         A:00005FAF
TAB_ASCL                         A:00005FBD
TAB_ASCM                         A:00005FE6
TAB_ASCN                         A:00005FF1
TAB_ASCO                         A:00006000
TAB_ASCP                         A:00006005
TAB_ASCR                         A:00006018
TAB_ASCS                         A:00006039
TAB_ASCT                         A:0000605F
TAB_ASCU                         A:00006072
TAB_ASCV                         A:00006081
TAB_ASCW                         A:0000608B
TAB_ATNC                         A:000058E4
TAB_CHRT                         A:00005B8A
TAB_EQUL                         A:00005F31
TAB_HTHET                        A:00005964
TAB_LESS                         A:00005F2D
TAB_MNUS                         A:00005F29
TAB_MORE                         A:00005F33
TAB_PLUS                         A:00005F27
TAB_POWR                         A:0000609A
TAB_QEST                         A:00005F37
TAB_SLAS                         A:00005F2B
TAB_SNCO                         A:00005864
TAB_STAR                         A:00005F25
THOUSANDS_SEP                    E:00E0000E
THR                              E:00000000
TIME_SEP                         E:00E0000D
TK_ABS                           E:000000C0
TK_AND                           E:000000B6
TK_ASC                           E:000000D3
TK_ATN                           E:000000CB
TK_BINS                          E:000000D8
TK_BITCLR                        E:000000A7
TK_BITSET                        E:000000A6
TK_BITTST                        E:000000D9
TK_CALL                          E:0000009B
TK_CHRS                          E:000000D6
TK_CLEAR                         E:000000A1
TK_CONT                          E:0000009F
TK_COS                           E:000000C8
TK_DATA                          E:00000083
TK_DEC                           E:00000088
TK_DEEK                          E:000000CD
TK_DEF                           E:00000097
TK_DIM                           E:00000085
TK_DIV                           E:000000B4
TK_DO                            E:0000009C
TK_DOKE                          E:00000099
TK_END                           E:00000080
TK_EOR                           E:000000B7
TK_EQUAL                         E:000000BC
TK_EXP                           E:000000C7
TK_FN                            E:000000AA
TK_FOR                           E:00000081
TK_FRE                           E:000000C2
TK_GET                           E:000000A4
TK_GOSUB                         E:0000008D
TK_GOTO                          E:00000089
TK_GT                            E:000000BB
TK_HEXS                          E:000000D7
TK_IF                            E:0000008B
TK_INC                           E:00000093
TK_INPUT                         E:00000084
TK_INT                           E:000000BF
TK_LCASES                        E:000000D5
TK_LEEK                          E:000000CE
TK_LEFTS                         E:000000DF
TK_LEN                           E:000000D0
TK_LET                           E:00000087
TK_LIST                          E:000000A0
TK_LOAD                          E:00000095
TK_LOG                           E:000000C6
TK_LOKE                          E:0000009A
TK_LOOP                          E:0000009D
TK_LSHIFT                        E:000000BA
TK_LT                            E:000000BD
TK_MAX                           E:000000DA
TK_MIDS                          E:000000E1
TK_MIN                           E:000000DB
TK_MINUS                         E:000000B2
TK_MULT                          E:000000B3
TK_NEW                           E:000000A2
TK_NEXT                          E:00000082
TK_NOT                           E:000000AD
TK_NULL                          E:00000092
TK_ON                            E:00000091
TK_OR                            E:000000B8
TK_PEEK                          E:000000CC
TK_PI                            E:000000DC
TK_PLUS                          E:000000B1
TK_POKE                          E:00000098
TK_POS                           E:000000C3
TK_POWER                         E:000000B5
TK_PRINT                         E:0000009E
TK_READ                          E:00000086
TK_REM                           E:0000008F
TK_RESTORE                       E:0000008C
TK_RETURN                        E:0000008E
TK_RIGHTS                        E:000000E0
TK_RND                           E:000000C5
TK_RSHIFT                        E:000000B9
TK_RUN                           E:0000008A
TK_SADD                          E:000000CF
TK_SAVE                          E:00000096
TK_SGN                           E:000000BE
TK_SIN                           E:000000C9
TK_SPC                           E:000000AB
TK_SQR                           E:000000C4
TK_STEP                          E:000000AE
TK_STOP                          E:00000090
TK_STRS                          E:000000D1
TK_SWAP                          E:000000A5
TK_TAB                           E:000000A8
TK_TAN                           E:000000CA
TK_THEN                          E:000000AC
TK_TO                            E:000000A9
TK_TWOPI                         E:000000DD
TK_UCASES                        E:000000D4
TK_UNTIL                         E:000000AF
TK_USR                           E:000000C1
TK_VAL                           E:000000D2
TK_VPTR                          E:000000DE
TK_WAIT                          E:00000094
TK_WHILE                         E:000000B0
TK_WIDTH                         E:000000A3
TPos                             A:00E805EE
TWidth                           A:00E805EF
TabSiz                           A:00E805EA
TempB                            A:00E805EB
TooBig                           A:00003AD2
UART                             E:00A00000
UC_loop                          A:000042FC
Usdss                            A:00E805D4
Usrjmp                           A:00E80406
Usrjpv                           A:00E80408
VEC_ADRERROR                     A:0000124C
VEC_AUTOVEC1                     A:000011AA
VEC_AUTOVEC2                     A:000013B2
VEC_AUTOVEC3                     A:000013CE
VEC_AUTOVEC4                     A:000013EA
VEC_AUTOVEC5                     A:00001404
VEC_AUTOVEC6                     A:0000141E
VEC_AUTOVEC7                     A:00001438
VEC_BREAKPT                      A:00001452
VEC_BUSFAULT                     A:00001234
VEC_CC                           A:00005206
VEC_CHK                          A:000012A4
VEC_DIVBY0                       A:0000128A
VEC_ILLINSTR                     A:00001268
VEC_IN                           A:00002804
VEC_IN1                          A:00002804
VEC_IN2                          A:0000281A
VEC_LD                           A:00002844
VEC_LINE1010                     A:00001300
VEC_LINE1111                     A:00001322
VEC_OUT                          A:00002800
VEC_PRIVVIOL                     A:000012CA
VEC_RESERVED                     A:00001344
VEC_SPURIOUS                     A:00001390
VEC_SV                           A:00002902
VEC_TRACE                        A:000012EC
VEC_TRAPV                        A:000012B6
VEC_UNINIVEC                     A:00001362
VOLNAME                          E:00E0002E
V_CTLC                           A:00E80424
V_CTLCv                          A:00E80426
V_INPT                           A:00E8040C
V_INPTv                          A:00E8040E
V_LOAD                           A:00E80418
V_LOADv                          A:00E8041A
V_OUTP                           A:00E80412
V_OUTPv                          A:00E80414
V_SAVE                           A:00E8041E
V_SAVEv                          A:00E80420
Varname                          A:00E8046E
WExit                            A:00005338
Wrmjpv                           A:00E80402
_cfcard_sendcmd                  A:00000C08
_cfcard_waitfordata              A:00000C50
_lsb                             A:000009B4
_printhexl                       A:0000027E
_printstr                        A:000002AC
cardinfo                         A:00001E60
ccbyte                           A:00E805F2
ccflag                           A:00E805F1
ccnull                           A:00E805F3
cfcard_init                      A:00000BDE
cfcard_sendcmd                   A:00000C02
cfcard_waitfordata               A:00000C4A
clockspeed                       A:0000FFEC
code_start                       A:000029CC
commands                         A:00001D42
comp_f                           A:00E805EC
cosout                           E:00E805BC
crash                            A:0000146A
d1x02                            A:00005640
d1x10                            A:00005656
d1x16                            A:00005632
debug                            A:00001D3C
debugprompt                      A:0000150E
des_sk                           A:00E80492
des_sk_e                         A:00E8047A
dumpregs                         A:0000147C
ehbasic                          A:000029D2
entry_sp                         A:00E8042A
error                            A:00001D28
expcnt                           E:00E805B5
expneg                           E:00E805B7
file_byte                        A:00E805F4
file_id                          A:00E805F5
flag                             E:00E805A3
fmt_cardinfo                     A:0000203F
fmt_date                         A:0000165A
fmt_grp0regs                     A:000015A1
fmt_hexdump                      A:00001EF8
fmt_jumptable                    A:0000046E
fmt_printfile                    A:00001EFC
fmt_regs                         A:0000152B
fmt_sysinfo                      A:00001634
fmt_usp                          A:0000162D
fmtchar                          A:00000460
fname_decode                     A:000010C8
fname_encode                     A:00000F66
fs_dirnext                       A:00000DAC
fs_errorstr                      A:00000D7E
fs_findfile                      A:00000E1E
fs_loadcluster                   A:00000E70
fs_loadfile                      A:00000F16
fs_loadfileat                    A:00000EB8
fs_mount                         A:00000C7E
fs_nextcluster                   A:00000ED8
fs_rdirlist                      A:00000D8E
fserr_abrt                       A:000016C6
fserr_amnf                       A:000016A2
fserr_badsectr                   A:000017E8
fserr_bbk                        A:0000172A
fserr_idnf                       A:000016E2
fserr_invclstr                   A:000017D0
fserr_invname                    A:000017F4
fserr_isdir                      A:00001806
fserr_nmounted                   A:000017AE
fserr_nocard                     A:0000174A
fserr_noerror                    A:00001698
fserr_not512                     A:0000177C
fserr_notfat16                   A:0000175C
fserr_notfound                   A:000017C0
fserr_other                      A:00001816
fserr_unc                        A:00001700
fserrtable                       A:00001828
func_l                           A:00E805B8
grp0_crash                       A:00001474
help                             A:00001E56
helpstr                          A:00001EFF
hexdigits                        A:0000029C
hexdigits_lc                     A:000014FE
hexdigits_uc                     A:000014EE
hexdumpfile                      A:00001D22
idle                             A:00000400
launchapp                        A:00001200
listfiles                        A:00001D4E
loadaddr                         E:00E00100
loadlen                          E:000FFE00
lockup                           A:00000204
mainloop                         A:0000500C
n                                E:00000002
nexta                            A:0000501E
numexp                           E:00E805B4
outloop                          A:0000502C
prg_strt                         E:00E10000
printfile                        A:00001CFE
printfile_                       A:00001D02
printflag                        A:000009A0
printhexbyte                     A:000009AC
printhexword                     A:000009C6
printtime                        A:00001160
prompt                           A:0000148A
prstk                            A:00E805E0
ram_base                         A:00E80400
ram_strt                         A:00E80200
ram_top                          E:00E80000
ramsize                          A:0000FFF0
ready                            A:000002BE
resume                           A:000014E6
resume_traceon                   A:000014DE
rom_date                         A:0000FFF8
rom_version                      A:0000FFFC
romsize                          A:0000FFF4
runfile                          A:00001CD2
shell                            A:00001C4A
showtime                         A:00001DF2
skipehb                          A:00001C7A
spi_endxfer                      A:00001120
spi_shiftbyte                    A:0000112C
spi_startxfer                    A:00001110
startshell                       A:00001C28
str_credits                      A:00000232
str_noclock                      A:00001667
str_ramtest                      A:0000025A
str_startup                      A:00000218
str_testfail                     A:00000272
str_testpass                     A:0000026A
str_timenotset                   A:00001684
subexit                          A:00005038
subloop                          A:00005004
sysinfo                          A:0000FFEC
testfail                         A:000001EC
testpass                         A:000001DC
time                             A:00001DBC
tpower                           E:00E805E1
uart_inchar                      A:00001198
uart_outchar                     A:00001186
ut1_pl                           A:00E805A8
validchartable                   A:00000FC8
x10exit                          A:000047E0
x10exp                           A:000047CE
x10nornd                         A:000047BA

Symbols by value:
E6A3D110 KFCTSEED
00000000 THR
00000000 FNAME
00000000 ROM_VER_MAJ
00000000 ROM
00000000 CF_DATA
00000000 RHR
00000000 SR_C
00000000 MCR_COPI
00000000 BAUD_DIV_U
00000000 DLL
00000001 MCR_LED
00000001 SR_V
00000002 SR_Z
00000002 DLM
00000002 IER
00000002 OutChar
00000002 MCR_CLK
00000002 n
00000003 CF_FEATURE
00000003 CF_ERROR
00000003 OutStr
00000003 SR_N
00000003 MCR_nSS
00000004 FCR
00000004 ISR
00000004 OutFmt
00000004 SR_X
00000005 CF_COUNT
00000006 PromptStr
00000006 MSR_BTN1
00000006 LCR
00000007 CF_LBA0
00000007 ReadSector
00000007 CF_SECTOR
00000007 ROM_DATE_MONTH
00000008 ListDirectory
00000008 MCR
00000008 PRbNOECHO
00000009 CF_LBA1
00000009 PRbNOCTRLCHARS
00000009 CF_CYLL
0000000A ReadFile
0000000A LSR
0000000B CF_LBA2
0000000B GetDateTime
0000000B FNAMELEN
0000000B CF_CYLH
0000000B FATTRS
0000000C MSR
0000000C SetDateTime
0000000D CF_LBA3
0000000D GetSysInfo
0000000D BAUD_DIV_L
0000000D CF_DRIVEHEAD
0000000D BAUD_DIV
0000000E SCR
0000000E SPR
0000000F CF_STATUS
0000000F CF_COMMAND
00000011 ROM_DATE_DAY
0000001A FCLUSTER
0000001C FSIZE
00000020 FSERR_TIMEOUT
00000020 CFCMD_RDSECTOR
00000020 DIRENTLEN
00000021 FSERR_WRONGTYPE
00000022 FSERR_BPS
00000023 FSERR_NMOUNTED
00000024 FSERR_NOTFOUND
00000025 FSERR_INVCLSTR
00000026 FSERR_BADSECTOR
00000027 FSERR_INVNAME
00000028 FSERR_ISDIR
0000002A FSVARLEN
00000040 INPUTBUFLEN
00000080 TK_END
00000081 TK_FOR
00000082 TK_NEXT
00000083 TK_DATA
00000084 TK_INPUT
00000085 TK_DIM
00000086 TK_READ
00000087 TK_LET
00000088 TK_DEC
00000089 TK_GOTO
0000008A TK_RUN
0000008B TK_IF
0000008C TK_RESTORE
0000008D TK_GOSUB
0000008E TK_RETURN
0000008F TK_REM
00000090 TK_STOP
00000091 TK_ON
00000092 TK_NULL
00000093 TK_INC
00000094 TK_WAIT
00000095 TK_LOAD
00000096 TK_SAVE
00000097 TK_DEF
00000098 TK_POKE
00000099 TK_DOKE
0000009A TK_LOKE
0000009B TK_CALL
0000009C TK_DO
0000009D TK_LOOP
0000009E TK_PRINT
0000009F TK_CONT
000000A0 TK_LIST
000000A1 TK_CLEAR
000000A2 TK_NEW
000000A3 TK_WIDTH
000000A4 TK_GET
000000A5 TK_SWAP
000000A6 TK_BITSET
000000A7 TK_BITCLR
000000A8 TK_TAB
000000A9 TK_TO
000000AA TK_FN
000000AB TK_SPC
000000AC TK_THEN
000000AD TK_NOT
000000AE TK_STEP
000000AF TK_UNTIL
000000B0 TK_WHILE
000000B1 TK_PLUS
000000B2 TK_MINUS
000000B3 TK_MULT
000000B4 TK_DIV
000000B5 TK_POWER
000000B6 TK_AND
000000B7 TK_EOR
000000B8 TK_OR
000000B9 TK_RSHIFT
000000BA TK_LSHIFT
000000BB TK_GT
000000BC TK_EQUAL
000000BD TK_LT
000000BE TK_SGN
000000BF TK_INT
000000C0 RESET
000000C0 TK_ABS
000000C1 TK_USR
000000C2 TK_FRE
000000C3 TK_POS
000000C4 TK_SQR
000000C5 TK_RND
000000C6 TK_LOG
000000C7 TK_EXP
000000C8 TK_COS
000000C9 TK_SIN
000000CA TK_TAN
000000CB TK_ATN
000000CC TK_PEEK
000000CD TK_DEEK
000000CE TK_LEEK
000000CF TK_SADD
000000D0 TK_LEN
000000D1 TK_STRS
000000D2 TK_VAL
000000D3 TK_ASC
000000D4 TK_UCASES
000000D5 TK_LCASES
000000D6 TK_CHRS
000000D7 TK_HEXS
000000D8 TK_BINS
000000D9 TK_BITTST
000000DA TK_MAX
000000DB TK_MIN
000000DC TK_PI
000000DD TK_TWOPI
000000DE TK_VPTR
000000DF TK_LEFTS
000000E0 TK_RIGHTS
000000E0 FMT_BASE
000000E1 TK_MIDS
000000E4 FMT_H16
000000E5 FMT_H32
000000E6 FMT_S
000000E8 FMT_U16
000000E9 FMT_U32
000000F0 FMT_SRFLAGS
000000F1 FMT_FAULTFLAGS
000000F2 FMT_DATE
000000F3 FMT_TIME
000000F4 FMT_HEXDUMP
000000F5 FMT_BUF
000000F6 FMT_FNAME
000000F7 FMT_ERR
00000100 SYSMEMSIZE
000001DC testpass
000001EC testfail
00000200 SECTORSIZE
00000204 lockup
00000208 DIRBUFSIZE
00000218 str_startup
00000232 str_credits
0000025A str_ramtest
0000026A str_testpass
00000272 str_testfail
0000027E _printhexl
0000029C hexdigits
000002AC _printstr
000002BE ready
00000400 idle
00000404 SYS_Exit
00000408 SYS_WaitBtn
00000426 SYS_OutChar
00000430 SYS_OutStr
0000044A SYS_OutFmt
00000460 fmtchar
0000046E fmt_jumptable
000009A0 printflag
000009AC printhexbyte
000009B4 _lsb
000009C6 printhexword
000009E0 SYS_InChar
000009EA SYS_PromptStr
00000A68 SYS_ReadSector
00000AC8 SYS_ListDirectory
00000AD8 SYS_FindFile
00000ADE SYS_ReadFile
00000AE4 SYS_GetDateTime
00000B6A SYS_SetDateTime
00000BD6 SYS_GetSysInfo
00000BDE cfcard_init
00000C02 cfcard_sendcmd
00000C08 _cfcard_sendcmd
00000C4A cfcard_waitfordata
00000C50 _cfcard_waitfordata
00000C7E fs_mount
00000D7E fs_errorstr
00000D8E fs_rdirlist
00000DAC fs_dirnext
00000E1E fs_findfile
00000E70 fs_loadcluster
00000EB8 fs_loadfileat
00000ED8 fs_nextcluster
00000F16 fs_loadfile
00000F66 fname_encode
00000FC8 validchartable
000010C8 fname_decode
00001110 spi_startxfer
00001120 spi_endxfer
0000112C spi_shiftbyte
00001160 printtime
00001186 uart_outchar
00001198 uart_inchar
000011AA VEC_AUTOVEC1
00001200 launchapp
00001234 VEC_BUSFAULT
0000124C VEC_ADRERROR
00001268 VEC_ILLINSTR
0000128A VEC_DIVBY0
000012A4 VEC_CHK
000012B6 VEC_TRAPV
000012CA VEC_PRIVVIOL
000012EC VEC_TRACE
00001300 VEC_LINE1010
00001322 VEC_LINE1111
00001344 VEC_RESERVED
00001362 VEC_UNINIVEC
00001390 VEC_SPURIOUS
000013B2 VEC_AUTOVEC2
000013CE VEC_AUTOVEC3
000013EA VEC_AUTOVEC4
00001404 VEC_AUTOVEC5
0000141E VEC_AUTOVEC6
00001438 VEC_AUTOVEC7
00001452 VEC_BREAKPT
0000146A crash
00001474 grp0_crash
0000147C dumpregs
0000148A prompt
000014DE resume_traceon
000014E6 resume
000014EE hexdigits_uc
000014FE hexdigits_lc
0000150E debugprompt
0000152B fmt_regs
000015A1 fmt_grp0regs
0000162D fmt_usp
00001634 fmt_sysinfo
0000165A fmt_date
00001667 str_noclock
00001684 str_timenotset
00001698 fserr_noerror
000016A2 fserr_amnf
000016C6 fserr_abrt
000016E2 fserr_idnf
00001700 fserr_unc
0000172A fserr_bbk
0000174A fserr_nocard
0000175C fserr_notfat16
0000177C fserr_not512
000017AE fserr_nmounted
000017C0 fserr_notfound
000017D0 fserr_invclstr
000017E8 fserr_badsectr
000017F4 fserr_invname
00001806 fserr_isdir
00001816 fserr_other
00001828 fserrtable
00001C28 startshell
00001C4A shell
00001C7A skipehb
00001CD2 runfile
00001CFE printfile
00001D02 printfile_
00001D22 hexdumpfile
00001D28 error
00001D3C debug
00001D42 commands
00001D4E listfiles
00001DBC time
00001DF2 showtime
00001E56 help
00001E60 cardinfo
00001EF8 fmt_hexdump
00001EFC fmt_printfile
00001EFF helpstr
00002020 ROM_DATE_YEAR
0000203F fmt_cardinfo
00002800 VEC_OUT
00002804 VEC_IN
00002804 VEC_IN1
0000281A VEC_IN2
00002834 RETCHR
00002844 VEC_LD
0000289E LOAD_close
000028A2 LOAD_exit
000028AE LOAD_ascii
000028C0 LOAD_in
000028E6 LOAD_eof
00002902 VEC_SV
0000296E SAVE_bas
0000299E SAVE_close
000029A2 SAVE_exit
000029AE SAVE_OUT
000029CC code_start
000029D2 ehbasic
000029D2 LAB_COLD
00002A18 LAB_GMEM
00002A82 LAB_2D93
00002A96 LAB_2DAA
00002AC2 LAB_2DAB
00002AC6 LAB_2DAD
00002ACC LAB_2DB6
00002B2E LAB_11A1
00002B32 LAB_11A6
00002B52 RTS_002
00002B54 LAB_11BB
00002B64 RTS_003
00002B66 LAB_121F
00002B7A RTS_004
00002B7C LAB_ADER
00002B80 LAB_WDER
00002B84 LAB_UDER
00002B88 LAB_UVER
00002B8C LAB_LDER
00002B90 LAB_UFER
00002B94 LAB_CCER
00002B98 LAB_SCER
00002B9C LAB_SLER
00002BA0 LAB_TMER
00002BA4 LAB_IDER
00002BA8 LAB_DZER
00002BAC LAB_DDER
00002BB0 LAB_ABER
00002BB4 LAB_USER
00002BB8 LAB_OMER
00002BBC LAB_OFER
00002BC0 LAB_FCER
00002BC4 LAB_ODER
00002BC8 LAB_RGER
00002BCC LAB_SNER
00002BD0 LAB_NFER
00002BD2 LAB_XERR
00002BEC LAB_1269
00002BFC LAB_1274
00002C04 LAB_127D
00002C18 LAB_127E
00002C2E LAB_1295
00002C4C LAB_12B0
00002C70 LAB_12E6
00002CB4 LAB_1301
00002CD0 LAB_1303
00002CD8 LAB_132E
00002CDA LAB_1330
00002CE8 LAB_1325
00002CF6 LAB_134B
00002CFE LAB_INLN
00002D08 LAB_1357
00002D10 LAB_1359
00002D32 LAB_1374
00002D38 LAB_1378
00002D44 LAB_137F
00002D4A LAB_138E
00002D4E LAB_13A6
00002D58 LAB_13AC
00002D84 LAB_13CC
00002DA8 LAB_13D6
00002DAE LAB_13D8
00002DBA LAB_13EA
00002DBC LAB_13EC
00002DD4 LAB_13FF
00002DDA LAB_1401
00002DE8 LAB_1408
00002DF6 LAB_1410
00002E00 LAB_1417
00002E02 LAB_141B
00002E12 LAB_141F
00002E18 LAB_142A
00002E24 LAB_142C
00002E2A LAB_SSLN
00002E30 LAB_SHLN
00002E38 LAB_145F
00002E3A LAB_SCLN
00002E46 LAB_145E
00002E4C LAB_NEW
00002E4E LAB_1463
00002E5E LAB_1477
00002E66 LAB_147A
00002E92 LAB_1491
00002EB0 RTS_005
00002EB2 LAB_CLEAR
00002EB6 LAB_LIST
00002EBE LAB_14BD
00002EE4 LAB_14D4
00002F08 LAB_14E2
00002F16 LAB_150C
00002F26 LAB_1519
00002F32 LAB_152E
00002F62 LAB_1540
00002F6E LAB_FOR
00002F7C LAB_1567
00002FCE LAB_15B3
00002FE6 LAB_15DC
00002FFA LAB_15F6
00003000 LAB_15C2
00003010 LAB_15D1
0000301E LAB_15FF
00003020 LAB_1602
00003042 LAB_1629
00003048 LAB_1636
0000304E LAB_STOP
00003050 LAB_END
00003058 LAB_163B
00003066 LAB_1647
00003070 LAB_164F
00003084 LAB_RESTORE
00003086 LAB_161A
0000308C LAB_1624
00003094 RTS_006
00003096 LAB_RESn
000030A4 LAB_RESs
000030B2 LAB_NSCH
000030B8 LAB_GSCH
000030C2 LAB_NULL
000030CE LAB_CONT
000030EA LAB_RUN
000030FA LAB_RUNn
00003100 LAB_DO
0000310C DoAgain
00003114 LAB_GOSUB
00003120 LAB_16B0
0000312A LAB_1754
00003132 LAB_GOTO
00003138 LAB_GOTs
00003154 LAB_16D0
0000315A LAB_16D4
0000316E LAB_LOOP
00003190 DoRest
000031AC DoCmp
000031B4 LoopAlways
000031C6 LoopDone
000031CC LAB_RETURN
000031E6 LAB_DATA
000031EA RTS_007
000031EC LAB_SNBS
000031F2 LAB_172C
000031FC LAB_172D
00003200 RTS_007a
00003204 LAB_1723
00003208 LAB_1725
0000320E LAB_IF
00003222 LAB_174B
0000322C LAB_REM
00003234 LAB_ON
0000324E LAB_176C
00003258 LAB_1773
00003268 LAB_GFPN
00003274 LAB_1785
000032A0 LAB_1786
000032A8 LAB_DEC
000032AE LAB_INC
000032B2 LAB_17B7
000032F6 LAB_INCT
00003304 LAB_17B8
0000330A LAB_INCI
00003314 LAB_DECI
00003318 LAB_LET
00003348 LAB_17D5
0000334E LAB_17D6
00003366 LAB_1810
00003378 LAB_1811
0000337E LAB_1813
00003382 RTS_008
00003384 LAB_GET
000033A2 LAB_GETS
000033AC LAB_NoByte
000033B4 LAB_NoSt
000033BA LAB_1829
000033BE LAB_182C
000033C2 LAB_PRINT
000033C4 LAB_1831
0000340C LAB_185E
00003410 LAB_1866
00003416 LAB_CRLF
0000341E LAB_188B
00003430 LAB_1898
0000343C LAB_18A2
00003462 LAB_18B7
0000346A LAB_18B8
00003470 LAB_18BD
00003478 LAB_18C3
0000347C LAB_18C6
00003486 LAB_18CD
0000348E RTS_009
00003490 LAB_18E3
00003492 LAB_PRNA
000034B8 LAB_18F0
000034C8 LAB_18F7
000034CE LAB_18F9
000034E6 LAB_1880
000034F2 LAB_1886
000034F8 LAB_188A
000034FC LAB_1904
00003512 LAB_1913
00003522 LAB_INPUT
0000353A LAB_1934
0000354C LAB_READ
00003554 LAB_1953
00003560 LAB_195B
00003594 LAB_1984
00003598 LAB_1985
0000359C LAB_1986
000035B2 LAB_1999
000035C4 LAB_19B0
000035D8 LAB_19B6
000035E8 LAB_19C2
000035FE LAB_19DD
00003620 LAB_19F6
0000362E LAB_1A03
00003644 LAB_1A0E
0000364A LAB_1A1B
00003652 LAB_NEXT
00003658 LAB_1A46
0000365C LAB_1A49
000036EC LAB_1A90
000036FC LAB_1A9B
00003716 LAB_EVNM
00003718 LAB_CTNM
0000371C LAB_CTST
00003720 LAB_CKTM
00003730 LAB_1ABA
00003736 LAB_EVEX
0000373C LAB_1ACC
0000373E LAB_1ACD
0000374C LAB_1ADB
00003750 LAB_1ADE
00003768 LAB_1AE0
0000378E LAB_1AFA
000037AA LAB_1B0B
000037B2 LAB_1B13
000037C4 LAB_1B1C
000037C6 LAB_1B1D
000037DA LAB_1B2A
000037FE LAB_1B3C
0000380A LAB_1B43
0000381E LAB_1B56
00003848 LAB_1B78
0000384C LAB_1B7B
0000384E LAB_1B7D
00003858 LAB_1B84
0000385E LAB_1B86
00003890 LAB_1B9D
00003898 LAB_GVAL
000038A0 LAB_1BA4
000038CA LAB_1BC1
000038D6 LAB_1BF3
000038DE LAB_1BF7
000038E2 LAB_1BFB
000038E6 LAB_1BFE
000038EA LAB_1C01
000038EC LAB_SCCA
000038F2 LAB_IGBY
000038F4 LAB_GBYT
000038FC LAB_TBYT
0000390A RTS_001
0000390C LAB_1C11
00003910 LAB_1C13
00003916 LAB_1C18
0000391A LAB_1C19
0000392E LAB_1C1A
00003934 LAB_1BD0
0000394E LAB_1BE7
0000395E LAB_1C27
000039A2 LAB_BHSS
000039DA LAB_1C51
000039E2 LAB_1C54
000039E4 LAB_1C56
000039F2 LAB_EOR
00003A04 LAB_OR
00003A0C LAB_AND
00003A14 GetFirst
00003A24 LAB_EQUAL
00003A2E LAB_LTHAN
00003A3A LAB_1CAE
00003A5C LAB_1CB5
00003A66 LAB_1CD4
00003A6C LAB_1CD5
00003A6E LAB_1CD6
00003A70 LAB_1CE6
00003A7E LAB_1CDB
00003A80 LAB_1CF2
00003A98 LAB_1CFE
00003A9C LAB_DIM
00003AA8 LAB_LSHIFT
00003AB4 NoShift
00003AB8 LAB_RSHIFT
00003ACC Not2Big
00003AD2 TooBig
00003AD8 GetPair
00003AEA LAB_CASC
00003AF0 LAB_1D82
00003AF8 LAB_1D8A
00003B02 LAB_1D83
00003B0C LAB_GVAR
00003B12 LAB_1D10
00003B18 LAB_1D12
00003B2E LAB_1D2D
00003B3A LAB_1D2E
00003B58 LAB_1D44
00003B6A LAB_1D45
00003B84 LAB_1D48
00003B8C LAB_1D49
00003B92 LAB_1D4A
00003BA4 LAB_1D4B
00003BAC LAB_1D5D
00003BB2 LAB_1D5E
00003BCC LAB_1D98
00003BE8 LAB_1DAE
00003BEE LAB_1DAF
00003BFE LAB_1DB0
00003C04 LAB_1DB1
00003C0A LAB_1DB2
00003C24 LAB_1DD7
00003C3C LAB_1DD8
00003C4A LAB_1DD9
00003C5A LAB_1DE6
00003C70 LAB_EVIN
00003C78 LAB_EVPI
00003C82 LAB_EVIR
00003CAA LAB_EVIX
00003CB2 LAB_1E17
00003CBA LAB_1E1F
00003CF8 LAB_1E5C
00003D1C LAB_1E8D
00003D3C LAB_1EA1
00003D5C LAB_1EDF
00003D76 LAB_1EC0
00003DAE LAB_1ED8
00003DC0 LAB_1F07
00003DE2 LAB_1F28
00003DEA LAB_1F2C
00003DF8 LAB_1F5A
00003E2A LAB_1F6A
00003E3A LAB_1F6B
00003E44 RTS_011
00003E46 LAB_1F7C
00003E68 LAB_FRE
00003E74 LAB_1FB4
00003E84 LAB_AYFC
00003EA6 LAB_POS
00003EAC LAB_1FD0
00003EB4 LAB_CKRN
00003EC2 LAB_DEF
00003EFA LAB_DEFV
00003F1E LAB_201E
00003F70 LAB_2043
00003F72 LAB_204S
00003FB0 LAB_204T
00003FB2 LAB_2044
00003FBC LAB_2045
00003FCC LAB_STRS
00003FD6 LAB_20AE
00003FDA LAB_20B4
00003FE0 LAB_20BE
00003FF0 LAB_20CB
00003FF8 LAB_20D0
0000400A LAB_20C9
00004014 LAB_20D8
0000401E LAB_20E0
00004024 LAB_RTST
00004042 LAB_2115
0000405C LAB_2117
0000407E LAB_2128
00004082 LAB_2137
00004098 LAB_GARB
000040A6 LAB_214B
000040BE LAB_2161
000040C6 LAB_2176
000040D2 LAB_217E
000040EC LAB_2183
000040F4 LAB_218B
000040F6 LAB_218F
00004104 LAB_21C2
00004108 LAB_21C4
0000412E LAB_2216
00004136 LAB_2240
00004140 LAB_21D1
00004144 RTS_012
00004146 LAB_2206
00004172 LAB_2212
0000417A LAB_224D
000041D0 LAB_229C
000041D6 LAB_229E
000041E4 LAB_22A0
000041F2 RTS_013
000041F4 LAB_EVST
000041F8 LAB_22B6
000041FE LAB_22BA
00004208 LAB_22BD
00004226 LAB_22E6
0000422E LAB_CHRS
00004240 LAB_LEFT
00004252 LAB_RIGHT
00004260 LAB_2316
00004266 LAB_231C
0000427E LAB_MIDS
00004296 LAB_2358
000042B2 LAB_2368
000042BA LAB_236F
000042CC LAB_LCASE
000042D8 LC_loop
000042EA NoUcase
000042F0 LAB_UCASE
000042FC UC_loop
0000430E NoLcase
00004312 NoString
00004318 LAB_SADD
00004322 LAB_LENS
0000432A LAB_ASC
00004338 LAB_SCGB
0000433E LAB_SGBY
00004342 LAB_GTBY
00004346 LAB_EVBY
00004358 LAB_GTWO
0000436C LAB_VAL
00004396 LAB_VALZ
0000439E LAB_GADB
000043B2 LAB_GADW
000043CC LAB_XGADW
000043D2 LAB_GEAD
000043EA LAB_PEEK
000043F6 LAB_POKE
000043FC LAB_DEEK
00004412 LAB_LEEK
00004426 LAB_DOKE
0000442C LAB_LOKE
0000443E RTS_015
00004440 LAB_SWAP
00004478 LAB_CALL
00004488 LAB_WAIT
0000449E LAB_2441
000044A2 LAB_2445
000044AC LAB_SUBTRACT
000044CC LAB_244E
000044D0 LAB_246C
000044D4 LAB_ADD
00004504 LAB_249C
00004512 LAB_2467
00004516 LAB_2468
0000451A LAB_24A8
0000453C LAB_24F7
00004542 RTS_016
00004544 LAB_24F8
00004550 LAB_24B4
00004560 LAB_24D0
0000456E LAB_24D5
00004580 LAB_24D9
0000458E LAB_24D6
0000459C LAB_24D7
000045A4 LAB_24D8
000045AC LAB_24DA
000045AE LAB_LOG
00004640 LAB_LAAD
00004646 LAB_LOCC
00004650 LAB_LOLP
00004662 LAB_LOCX
00004666 LAB_LONN
00004674 LAB_LOXP
00004680 LAB_LONE
00004686 LAB_LOXO
000046CE LAB_LOWZ
000046D0 LAB_MULTIPLY
00004704 LAB_MNOC
0000470A LAB_MADD
0000473A LAB_MUF1
00004744 LAB_MUF2
0000475C LAB_MUF3
00004762 LAB_MUEX
00004768 LAB_MUUF
00004778 LAB_264D
000047A4 LAB_269E
000047BA x10nornd
000047CE x10exp
000047E0 x10exit
000047E2 LAB_26CA
000047E4 LAB_DIVIDE
0000482C AC1gtAC2
00004846 LAB_DIVX
0000484E LAB_SET1
00004852 L_DIVRND
0000485E LAB_XDIV
0000486E LAB_MAN1
00004874 LAB_DIV0
0000487A LAB_32_16
0000487C LAB_3216
00004888 LAB_LT_1
000048A0 LAB_REMM
000048A8 L_DDIV
000048AE LAB_UFAC
000048CE LAB_PFAC
000048EA LAB_2778
000048EC LAB_277C
00004916 LAB_279B
0000492C LAB_27BA
0000494E LAB_27C3
0000495A LAB_27C4
00004960 RTS_017
00004962 LAB_27CA
0000496C LAB_27CE
00004972 LAB_27D0
0000497E LAB_SGN
00004980 LAB_27DB
00004994 LAB_ABS
0000499E LAB_27F8
000049A2 LAB_27FA
000049CE LAB_2828
000049D4 LAB_282E
000049D6 LAB_282F
000049D8 RTS_018
000049DA LAB_2831
00004A04 LAB_2844
00004A08 LAB_2845
00004A16 LAB_2846
00004A20 LAB_287F
00004A24 LAB_INT
00004A52 LAB_2953
00004A60 LAB_295E
00004A66 LAB_2966
00004A74 LAB_2967
00004A7C LAB_2968
00004A8E LAB_2969
00004A98 LAB_296A
00004AA8 RTS_019
00004AAA LAB_2970
00004AC6 LAB_2978
00004AD6 LAB_2989
00004B0C LAB_299C
00004B18 LAB_29A7
00004B24 LAB_29B2
00004B30 LAB_29B9
00004B6C LAB_29C0
00004B70 LAB_29C3
00004B8C LAB_29D9
00004BA2 LAB_29E4
00004BB6 LAB_29F7
00004BBA LAB_29FB
00004BC2 LAB_29FD
00004BD4 LAB_2A18
00004BD6 LAB_2A1A
00004BDE LAB_2A21
00004C00 LAB_2A3B
00004C0E LAB_2A4B
00004C22 LAB_2A58
00004C3E LAB_2A68
00004C4C LAB_2A74
00004C68 LAB_2A89
00004C6C LAB_2A8C
00004C72 LAB_2A91
00004C76 LAB_POON
00004C8A LAB_POZE
00004C9A LAB_POWER
00004CD8 LAB_POWP
00004D22 LAB_GTHAN
00004D32 RTS_020
00004D34 LAB_EX1
00004D48 LAB_EXOU
00004D62 LAB_EXOF
00004D80 LAB_EXP
00004DAC LAB_EXCM
00004DC4 LAB_EXPS
00004E22 LAB_ESML
00004E86 LAB_EXPL
00004E8C LAB_EXNN
00004E92 LAB_EXRN
00004EA6 LAB_EXCC
00004EC0 LAB_EXAD
00004ECC LAB_RND
00004EDE NextPRN
00004EE6 Ninc0
00004EEE Ninc1
00004EF4 Ninc2
00004F16 LAB_TAN
00004F48 LAB_COS
00004F68 LAB_SIN
00004F6E LAB_SCCC
00004FC6 LAB_SCL0
00004FD0 LAB_CORD
00004FE4 LAB_LTPF
00004FF4 LAB_LTPT
00005004 subloop
0000500C mainloop
0000501E nexta
0000502C outloop
00005038 subexit
00005044 RTS_021
00005046 LAB_SCZE
00005054 LAB_ATN
00005078 LAB_ATLO
000050A8 LAB_ATNP
000050AE LAB_ATCD
000050B4 LAB_CATN
00005114 LAB_BITSET
0000512C LAB_BITCLR
00005144 LAB_BTST
00005174 LAB_BINS
0000518C NextB1
0000519A EndBHS
000051B2 NextB2
000051C0 BinPr
000051CA GoPr
000051D4 LAB_HEXS
000051EC NextH1
00005206 VEC_CC
00005228 LAB_FBA0
00005236 RTS_022
00005238 INGET
0000524E LAB_FB95
0000525C LAB_MAX
00005264 LAB_MAXN
0000526E LAB_MIN
00005276 LAB_MINN
00005282 LAB_MMEC
00005292 LAB_PHFA
000052D6 LAB_WDTH
000052FA LAB_NSTT
0000530E LAB_TBSZ
00005332 LAB_SVTB
00005338 WExit
0000534E LAB_WDLP
00005370 RTS_023
00005372 LAB_SQR
0000539E LAB_SQE1
000053A4 LAB_SQE2
000053B6 LAB_SQNS
000053D0 LAB_SQNA
000053E2 LAB_VARPTR
000053F8 LAB_PI
00005414 LAB_TWOPI
00005430 LAB_2887
00005462 LAB_289A
00005468 LAB_289C
0000546E LAB_289D
0000548A LAB_28FD
00005490 LAB_28FE
00005496 LAB_28FF
000054A4 LAB_2900
000054AA LAB_2901
000054C2 LAB_2X01
000054CC LAB_2X02
000054DA LAB_2X03
000054E0 LAB_2X04
000054F6 LAB_2X05
000054FE LAB_2902
00005506 LAB_2903
00005508 LAB_2904
00005516 LAB_2Y01
00005520 LAB_2Y02
0000552C LAB_2Y03
00005532 LAB_2Y04
00005584 LAB_ret0
00005586 LAB_rtn0
0000559A LAB_CHEX
000055A4 LAB_CHXX
000055BE LAB_ISHN
000055C2 LAB_CHX1
000055DE LAB_CHX3
000055E6 LAB_CHX2
000055EC LAB_exxf
00005600 RTS_024
00005602 LAB_CBIN
0000560C LAB_CBXN
0000561E LAB_CBX1
00005632 d1x16
00005640 d1x02
00005656 d1x10
00005664 RTS_025
00005666 Bin2dec
0000568A LAB_1D96
0000568E LAB_RSED
00005776 LAB_P_10
00005864 TAB_SNCO
000058E4 TAB_ATNC
00005964 TAB_HTHET
0000598C LAB_FTBL
000059E4 LAB_CTBL
00005A84 LAB_FTxx
00005B14 LAB_OPPT
00005B62 LAB_2947
00005B66 LAB_294B
00005B6A LAB_259C
00005B6E LAB_2A96
00005B72 LAB_2A9A
00005B8A TAB_CHRT
00005BF4 LAB_KEYT
00005D7C LAB_BAER
00005DD4 LAB_NF
00005DE5 LAB_SN
00005DEC LAB_RG
00005E01 LAB_OD
00005E0D LAB_FC
00005E1B LAB_OV
00005E24 LAB_OM
00005E32 LAB_US
00005E46 LAB_BS
00005E53 LAB_DD
00005E64 LAB_D0
00005E73 LAB_ID
00005E82 LAB_TM
00005E90 LAB_LS
00005EA0 LAB_ST
00005EB3 LAB_CN
00005EC2 LAB_UF
00005ED5 LAB_LD
00005EE5 LAB_UV
00005EF8 LAB_UA
00005F0C LAB_WD
00005F1D LAB_AD
00005F25 TAB_STAR
00005F25 KEY_MULT
00005F27 TAB_PLUS
00005F27 KEY_PLUS
00005F29 TAB_MNUS
00005F29 KEY_MINUS
00005F2B TAB_SLAS
00005F2B KEY_DIV
00005F2D KEY_LSHIFT
00005F2D TAB_LESS
00005F2F KEY_LT
00005F31 KEY_EQUAL
00005F31 TAB_EQUL
00005F33 KEY_RSHIFT
00005F33 TAB_MORE
00005F35 KEY_GT
00005F37 TAB_QEST
00005F39 KEY_ABS
00005F39 TAB_ASCA
00005F3C KEY_AND
00005F3F KEY_ASC
00005F42 KEY_ATN
00005F46 KEY_BINS
00005F46 TAB_ASCB
00005F4A KEY_BITCLR
00005F50 KEY_BITSET
00005F56 KEY_BITTST
00005F5D KEY_CALL
00005F5D TAB_ASCC
00005F61 KEY_CHRS
00005F65 KEY_CLEAR
00005F6A KEY_CONT
00005F6E KEY_COS
00005F72 TAB_ASCD
00005F72 KEY_DATA
00005F76 KEY_DEC
00005F79 KEY_DEEK
00005F7D KEY_DEF
00005F80 KEY_DIM
00005F83 KEY_DOKE
00005F87 KEY_DO
00005F8A TAB_ASCE
00005F8A KEY_END
00005F8D KEY_EOR
00005F90 KEY_EXP
00005F94 KEY_FOR
00005F94 TAB_ASCF
00005F97 KEY_FN
00005F99 KEY_FRE
00005F9D TAB_ASCG
00005F9D KEY_GET
00005FA0 KEY_GOTO
00005FA4 KEY_GOSUB
00005FAA TAB_ASCH
00005FAA KEY_HEXS
00005FAF KEY_IF
00005FAF TAB_ASCI
00005FB1 KEY_INC
00005FB4 KEY_INPUT
00005FB9 KEY_INT
00005FBD KEY_LCASES
00005FBD TAB_ASCL
00005FC3 KEY_LEEK
00005FC7 KEY_LEFTS
00005FCC KEY_LEN
00005FCF KEY_LET
00005FD2 KEY_LIST
00005FD6 KEY_LOAD
00005FDA KEY_LOG
00005FDD KEY_LOKE
00005FE1 KEY_LOOP
00005FE6 KEY_MAX
00005FE6 TAB_ASCM
00005FE9 KEY_MIDS
00005FED KEY_MIN
00005FF1 KEY_NEW
00005FF1 TAB_ASCN
00005FF4 KEY_NEXT
00005FF8 KEY_NOT
00005FFB KEY_NULL
00006000 TAB_ASCO
00006000 KEY_ON
00006002 KEY_OR
00006005 KEY_PEEK
00006005 TAB_ASCP
00006009 KEY_PI
0000600B KEY_POKE
0000600F KEY_POS
00006012 KEY_PRINT
00006018 TAB_ASCR
00006018 KEY_READ
0000601C KEY_REM
0000601F KEY_RESTORE
00006026 KEY_RETURN
0000602C KEY_RIGHTS
00006032 KEY_RND
00006035 KEY_RUN
00006039 TAB_ASCS
00006039 KEY_SADD
0000603D KEY_SAVE
00006041 KEY_SGN
00006044 KEY_SIN
00006047 KEY_SPC
0000604B KEY_SQR
0000604E KEY_STEP
00006052 KEY_STOP
00006056 KEY_STRS
0000605A KEY_SWAP
0000605F KEY_TAB
0000605F TAB_ASCT
00006063 KEY_TAN
00006066 KEY_THEN
0000606A KEY_TO
0000606C KEY_TWOPI
00006072 KEY_UCASES
00006072 TAB_ASCU
00006078 KEY_UNTIL
0000607D KEY_USR
00006081 KEY_VAL
00006081 TAB_ASCV
00006084 KEY_VPTR
0000608B TAB_ASCW
0000608B KEY_WAIT
0000608F KEY_WHILE
00006094 KEY_WIDTH
0000609A KEY_POWER
0000609A TAB_POWR
0000609C LAB_BMSG
000060A4 LAB_EMSG
000060AB LAB_LMSG
000060B5 LAB_IMSG
000060C5 LAB_REDO
000060D7 LAB_RMSG
000060E1 LAB_MSZM
000060F0 LAB_SMSG
00009910 ROM_VER_MIN
0000E100 BAUD
0000FFEC clockspeed
0000FFEC sysinfo
0000FFF0 ramsize
0000FFF4 romsize
0000FFF8 rom_date
0000FFFC rom_version
00010000 ROMSIZE
000FFE00 loadlen
00100000 RAMSIZE
00900000 CFCARD
00A00000 UART
00B71B00 F_CPU
00E00000 SYSMEMSTART
00E00000 OUTCH_VEC
00E00000 RAM
00E00004 INCH_VEC
00E00008 HEXDIGITS
00E0000C SEPARATORS
00E0000C DATE_SEP
00E0000D TIME_SEP
00E0000E THOUSANDS_SEP
00E00010 PARTSIZE
00E00010 FSVARSTART
00E00014 BPBSECTOR
00E00018 FATSIZE
00E0001A MAXRDIRENTS
00E0001C FATCOPIES
00E0001E RSVDSECTORS
00E00020 CLUSTERSIZE
00E00022 RDIRSECTOR
00E00026 FATSECTOR
00E0002A DATASTART
00E0002E VOLNAME
00E0003A INPUTBUF
00E00100 loadaddr
00E00100 APPMEMSTART
00E10000 prg_strt
00E80000 ram_top
00E80200 ram_strt
00E80400 LAB_WARM
00E80400 ram_base
00E80402 Wrmjpv
00E80406 Usrjmp
00E80408 Usrjpv
00E8040C V_INPT
00E8040E V_INPTv
00E80412 V_OUTP
00E80414 V_OUTPv
00E80418 V_LOAD
00E8041A V_LOADv
00E8041E V_SAVE
00E80420 V_SAVEv
00E80424 V_CTLC
00E80426 V_CTLCv
00E8042A entry_sp
00E8042E Itemp
00E80432 Smeml
00E80436 Sfncl
00E8043A Svarl
00E8043E Sstrl
00E80442 Sarryl
00E80446 Earryl
00E8044A Sstorl
00E8044E Ememl
00E80452 Sutill
00E80456 Clinel
00E8045A Blinel
00E8045E Cpntrl
00E80462 Dlinel
00E80466 Dptrl
00E8046A Rdptrl
00E8046E Varname
00E80472 Cvaral
00E80476 Frnxtl
00E80476 Lvarpl
00E8047A des_sk_e
00E80492 des_sk
00E80494 Ibuffs
00E80594 Ibuffe
00E80594 FAC1_m
00E80598 FAC1_e
00E80599 FAC1_s
00E8059C FAC2_m
00E805A0 FAC2_e
00E805A1 FAC2_s
00E805A2 FAC_sc
00E805A3 flag
00E805A4 PRNlword
00E805A8 ut1_pl
00E805AC Asptl
00E805B0 Adatal
00E805B4 numexp
00E805B4 Astrtl
00E805B5 expcnt
00E805B7 expneg
00E805B8 func_l
00E805BC Defdim
00E805BC cosout
00E805BD Dtypef
00E805BE Binss
00E805CE Decss
00E805D4 Usdss
00E805D6 Hexss
00E805DE BHsend
00E805E0 prstk
00E805E1 Srchc
00E805E1 tpower
00E805E2 Asrch
00E805E3 Dimcnt
00E805E4 Breakf
00E805E5 Oquote
00E805E6 Gclctd
00E805E7 Sufnxf
00E805E8 Imode
00E805E9 Cflag
00E805EA TabSiz
00E805EB TempB
00E805EC comp_f
00E805ED Nullct
00E805EE TPos
00E805EF TWidth
00E805F0 Iclim
00E805F1 ccflag
00E805F2 ccbyte
00E805F3 ccnull
00E805F4 file_byte
00E805F5 file_id
00F00000 RAMEND
00F00000 INITIAL_SP
